Sector,Company,Output,MSE,R2
BANKS,786,Output_1,0.003448,0.133155
BANKS,786,Output_2,0.00366,0.052542
BANKS,786,Output_3,0.004215,-0.238309
BANKS,786,Output_4,0.015905,-6.255167
BANKS,AHL,Output_1,0.022023,0.578742
BANKS,AHL,Output_2,0.023969,0.542998
BANKS,AHL,Output_3,0.029166,0.443115
BANKS,AHL,Output_4,0.052382,-0.082928
BANKS,AKDSL,Output_1,0.034234,0.409922
BANKS,AKDSL,Output_2,0.038072,0.339141
BANKS,AKDSL,Output_3,0.047926,0.157658
BANKS,AKDSL,Output_4,0.096302,-0.767475
BANKS,AMBL,Output_1,0.031873,-0.21596
BANKS,AMBL,Output_2,0.035829,-0.246558
BANKS,AMBL,Output_3,0.048938,-0.188989
BANKS,AMBL,Output_4,0.079868,0.076541
BANKS,CASH,Output_1,0.039605,-4.118132
BANKS,CASH,Output_2,0.043669,-7.450237
BANKS,CASH,Output_3,0.035975,-4.924429
BANKS,CASH,Output_4,0.269259,-19.471407
BANKS,CYAN,Output_1,0.020672,0.665619
BANKS,CYAN,Output_2,0.022079,0.643455
BANKS,CYAN,Output_3,0.02628,0.576723
BANKS,CYAN,Output_4,0.043518,0.083623
BANKS,DEL,Output_1,0.021107,0.52067
BANKS,DEL,Output_2,0.023376,0.468716
BANKS,DEL,Output_3,0.032969,0.247488
BANKS,DEL,Output_4,0.052171,-0.204735
BANKS,DLL,Output_1,0.01204,0.218794
BANKS,DLL,Output_2,0.013228,0.146129
BANKS,DLL,Output_3,0.014473,0.075969
BANKS,DLL,Output_4,0.048298,-0.356564
BANKS,ENGROH,Output_1,0.003068,0.713518
BANKS,ENGROH,Output_2,0.003491,0.677681
BANKS,ENGROH,Output_3,0.004986,0.577795
BANKS,ENGROH,Output_4,0.026832,0.235383
BANKS,ESBL,Output_1,0.006839,0.877057
BANKS,ESBL,Output_2,0.007375,0.866311
BANKS,ESBL,Output_3,0.00933,0.823705
BANKS,ESBL,Output_4,0.028075,0.287229
BANKS,FCIBL,Output_1,0.007365,-0.036547
BANKS,FCIBL,Output_2,0.007887,-0.099722
BANKS,FCIBL,Output_3,0.008704,-0.206924
BANKS,FCIBL,Output_4,0.011286,-1.236569
BANKS,FCSC,Output_1,0.018499,0.539381
BANKS,FCSC,Output_2,0.019833,0.506933
BANKS,FCSC,Output_3,0.02448,0.398653
BANKS,FCSC,Output_4,0.047264,-0.132382
BANKS,FDPL,Output_1,0.017943,0.318151
BANKS,FDPL,Output_2,0.018932,0.280765
BANKS,FDPL,Output_3,0.021256,0.191348
BANKS,FDPL,Output_4,0.030903,-0.162533
BANKS,FNEL,Output_1,0.007436,0.804889
BANKS,FNEL,Output_2,0.007941,0.787951
BANKS,FNEL,Output_3,0.009057,0.734857
BANKS,FNEL,Output_4,0.018475,-0.664216
BANKS,ICIBL,Output_1,0.01732,0.539651
BANKS,ICIBL,Output_2,0.018592,0.50405
BANKS,ICIBL,Output_3,0.023035,0.375202
BANKS,ICIBL,Output_4,0.025085,-0.071042
BANKS,IMS,Output_1,0.005731,0.480771
BANKS,IMS,Output_2,0.007131,0.432171
BANKS,IMS,Output_3,0.016881,0.284511
BANKS,IMS,Output_4,0.078091,-0.091643
BANKS,JSCL,Output_1,0.011887,0.736521
BANKS,JSCL,Output_2,0.012658,0.716835
BANKS,JSCL,Output_3,0.015305,0.636005
BANKS,JSCL,Output_4,0.018634,0.15693
BANKS,JSCLPSA,Output_1,0.014321,-0.156075
BANKS,JSCLPSA,Output_2,0.0149,-0.196334
BANKS,JSCLPSA,Output_3,0.018122,-0.47394
BANKS,JSCLPSA,Output_4,0.036894,-0.238606
BANKS,JSGCL,Output_1,0.031002,0.305387
BANKS,JSGCL,Output_2,0.033081,0.251582
BANKS,JSGCL,Output_3,0.040571,0.054144
BANKS,JSGCL,Output_4,0.040723,-0.061514
BANKS,JSIL,Output_1,0.025182,0.310025
BANKS,JSIL,Output_2,0.02837,0.227831
BANKS,JSIL,Output_3,0.036389,-0.036565
BANKS,JSIL,Output_4,0.089761,-0.479131
BANKS,LSECL,Output_1,0.051223,-326.149546
BANKS,LSECL,Output_2,0.053064,-743.137625
BANKS,LSECL,Output_3,0.010726,-18.097398
BANKS,LSECL,Output_4,0.005738,-0.870606
BANKS,LSEVL,Output_1,0.014502,-0.006624
BANKS,LSEVL,Output_2,0.015072,0.009506
BANKS,LSEVL,Output_3,0.020702,0.120147
BANKS,LSEVL,Output_4,0.145337,-1.296677
BANKS,MCBIM,Output_1,0.002945,0.564621
BANKS,MCBIM,Output_2,0.003318,0.516595
BANKS,MCBIM,Output_3,0.004892,0.347138
BANKS,MCBIM,Output_4,0.054941,0.059705
BANKS,NEXT,Output_1,0.016499,0.696435
BANKS,NEXT,Output_2,0.01766,0.675614
BANKS,NEXT,Output_3,0.021994,0.597859
BANKS,NEXT,Output_4,0.04613,0.164118
BANKS,OLPL,Output_1,0.007067,0.693955
BANKS,OLPL,Output_2,0.007523,0.676169
BANKS,OLPL,Output_3,0.010956,0.560664
BANKS,OLPL,Output_4,0.054966,0.100715
BANKS,PASL,Output_1,0.01578,0.522473
BANKS,PASL,Output_2,0.016966,0.488484
BANKS,PASL,Output_3,0.020948,0.383938
BANKS,PASL,Output_4,0.039023,-0.02644
BANKS,PIAHCLA,Output_1,0.029065,0.342237
BANKS,PIAHCLA,Output_2,0.028727,0.357503
BANKS,PIAHCLA,Output_3,0.024433,0.47056
BANKS,PIAHCLA,Output_4,0.04903,0.132435
BANKS,PIAHCLB,Output_1,0.02256,-381.21759
BANKS,PIAHCLB,Output_2,0.020403,-605.388189
BANKS,PIAHCLB,Output_3,0.010228,-411.765033
BANKS,PIAHCLB,Output_4,0.070489,-0.090153
BANKS,PSX,Output_1,0.010099,0.485131
BANKS,PSX,Output_2,0.010395,0.471327
BANKS,PSX,Output_3,0.01129,0.437556
BANKS,PSX,Output_4,0.036668,0.095519
SUGAR & ALLIED INDUSTRIES,AABS,Output_1,0.005967,0.800595
SUGAR & ALLIED INDUSTRIES,AABS,Output_2,0.006657,0.781018
SUGAR & ALLIED INDUSTRIES,AABS,Output_3,0.007679,0.763917
SUGAR & ALLIED INDUSTRIES,AABS,Output_4,0.032943,0.468706
SUGAR & ALLIED INDUSTRIES,ADAMS,Output_1,0.009552,0.498367
SUGAR & ALLIED INDUSTRIES,ADAMS,Output_2,0.010417,0.452561
SUGAR & ALLIED INDUSTRIES,ADAMS,Output_3,0.013182,0.333088
SUGAR & ALLIED INDUSTRIES,ADAMS,Output_4,0.028462,-0.024595
SUGAR & ALLIED INDUSTRIES,AGSML,Output_1,0.010216,0.7768
SUGAR & ALLIED INDUSTRIES,AGSML,Output_2,0.01164,0.743065
SUGAR & ALLIED INDUSTRIES,AGSML,Output_3,0.016297,0.624308
SUGAR & ALLIED INDUSTRIES,AGSML,Output_4,0.04502,-0.084352
SUGAR & ALLIED INDUSTRIES,ALNRS,Output_1,0.032336,0.435262
SUGAR & ALLIED INDUSTRIES,ALNRS,Output_2,0.03388,0.410825
SUGAR & ALLIED INDUSTRIES,ALNRS,Output_3,0.043353,0.254561
SUGAR & ALLIED INDUSTRIES,ALNRS,Output_4,0.055845,-0.115801
SUGAR & ALLIED INDUSTRIES,CHAS,Output_1,0.018112,0.501488
SUGAR & ALLIED INDUSTRIES,CHAS,Output_2,0.01868,0.474101
SUGAR & ALLIED INDUSTRIES,CHAS,Output_3,0.021945,0.318761
SUGAR & ALLIED INDUSTRIES,CHAS,Output_4,0.026637,-0.401192
SUGAR & ALLIED INDUSTRIES,DWSM,Output_1,0.012806,0.546854
SUGAR & ALLIED INDUSTRIES,DWSM,Output_2,0.013905,0.522705
SUGAR & ALLIED INDUSTRIES,DWSM,Output_3,0.019336,0.405723
SUGAR & ALLIED INDUSTRIES,DWSM,Output_4,0.055119,0.063873
SUGAR & ALLIED INDUSTRIES,FRSM,Output_1,0.024332,0.525803
SUGAR & ALLIED INDUSTRIES,FRSM,Output_2,0.025985,0.494213
SUGAR & ALLIED INDUSTRIES,FRSM,Output_3,0.035945,0.30525
SUGAR & ALLIED INDUSTRIES,FRSM,Output_4,0.062125,-0.348717
SUGAR & ALLIED INDUSTRIES,HABSM,Output_1,0.009883,0.802607
SUGAR & ALLIED INDUSTRIES,HABSM,Output_2,0.010855,0.786125
SUGAR & ALLIED INDUSTRIES,HABSM,Output_3,0.014633,0.732769
SUGAR & ALLIED INDUSTRIES,HABSM,Output_4,0.043754,0.412805
SUGAR & ALLIED INDUSTRIES,HRPL,Output_1,0.031685,0.055728
SUGAR & ALLIED INDUSTRIES,HRPL,Output_2,0.032214,0.040211
SUGAR & ALLIED INDUSTRIES,HRPL,Output_3,0.035472,-0.031121
SUGAR & ALLIED INDUSTRIES,HRPL,Output_4,0.036224,0.075719
SUGAR & ALLIED INDUSTRIES,HWQS,Output_1,0.010049,-0.273934
SUGAR & ALLIED INDUSTRIES,HWQS,Output_2,0.009565,-0.277445
SUGAR & ALLIED INDUSTRIES,HWQS,Output_3,0.012736,-0.563566
SUGAR & ALLIED INDUSTRIES,HWQS,Output_4,0.023501,-1.203964
SUGAR & ALLIED INDUSTRIES,JDWS,Output_1,0.003671,0.819595
SUGAR & ALLIED INDUSTRIES,JDWS,Output_2,0.0039,0.812123
SUGAR & ALLIED INDUSTRIES,JDWS,Output_3,0.005548,0.752534
SUGAR & ALLIED INDUSTRIES,JDWS,Output_4,0.028359,0.501113
SUGAR & ALLIED INDUSTRIES,JSML,Output_1,0.0066,0.603022
SUGAR & ALLIED INDUSTRIES,JSML,Output_2,0.007074,0.574906
SUGAR & ALLIED INDUSTRIES,JSML,Output_3,0.010003,0.386318
SUGAR & ALLIED INDUSTRIES,JSML,Output_4,0.049378,-0.235627
SUGAR & ALLIED INDUSTRIES,KPUS,Output_1,0.026523,0.454802
SUGAR & ALLIED INDUSTRIES,KPUS,Output_2,0.028787,0.416426
SUGAR & ALLIED INDUSTRIES,KPUS,Output_3,0.040729,0.211671
SUGAR & ALLIED INDUSTRIES,KPUS,Output_4,0.034897,0.239738
SUGAR & ALLIED INDUSTRIES,MIRKS,Output_1,0.033754,0.627077
SUGAR & ALLIED INDUSTRIES,MIRKS,Output_2,0.036167,0.60353
SUGAR & ALLIED INDUSTRIES,MIRKS,Output_3,0.046785,0.499267
SUGAR & ALLIED INDUSTRIES,MIRKS,Output_4,0.069714,0.272059
SUGAR & ALLIED INDUSTRIES,MRNS,Output_1,0.010888,0.670049
SUGAR & ALLIED INDUSTRIES,MRNS,Output_2,0.011853,0.633033
SUGAR & ALLIED INDUSTRIES,MRNS,Output_3,0.015915,0.461238
SUGAR & ALLIED INDUSTRIES,MRNS,Output_4,0.046081,-0.80101
SUGAR & ALLIED INDUSTRIES,NONS,Output_1,0.042297,0.282371
SUGAR & ALLIED INDUSTRIES,NONS,Output_2,0.042466,0.279218
SUGAR & ALLIED INDUSTRIES,NONS,Output_3,0.05107,0.130684
SUGAR & ALLIED INDUSTRIES,NONS,Output_4,0.060894,-0.079001
SUGAR & ALLIED INDUSTRIES,SANSM,Output_1,0.012498,0.371841
SUGAR & ALLIED INDUSTRIES,SANSM,Output_2,0.013774,0.312445
SUGAR & ALLIED INDUSTRIES,SANSM,Output_3,0.01891,0.06139
SUGAR & ALLIED INDUSTRIES,SANSM,Output_4,0.066876,-0.221922
SUGAR & ALLIED INDUSTRIES,SHJS,Output_1,0.011653,0.59923
SUGAR & ALLIED INDUSTRIES,SHJS,Output_2,0.012715,0.567688
SUGAR & ALLIED INDUSTRIES,SHJS,Output_3,0.018277,0.413029
SUGAR & ALLIED INDUSTRIES,SHJS,Output_4,0.052022,0.115055
SUGAR & ALLIED INDUSTRIES,SHSML,Output_1,0.010977,0.814874
SUGAR & ALLIED INDUSTRIES,SHSML,Output_2,0.010932,0.817243
SUGAR & ALLIED INDUSTRIES,SHSML,Output_3,0.014401,0.767589
SUGAR & ALLIED INDUSTRIES,SHSML,Output_4,0.030516,0.575312
SUGAR & ALLIED INDUSTRIES,SKRS,Output_1,0.015547,0.175696
SUGAR & ALLIED INDUSTRIES,SKRS,Output_2,0.016824,0.107306
SUGAR & ALLIED INDUSTRIES,SKRS,Output_3,0.021502,-0.109815
SUGAR & ALLIED INDUSTRIES,SKRS,Output_4,0.044844,-0.496914
SUGAR & ALLIED INDUSTRIES,SML,Output_1,0.029854,-0.02744
SUGAR & ALLIED INDUSTRIES,SML,Output_2,0.030002,-0.001355
SUGAR & ALLIED INDUSTRIES,SML,Output_3,0.036096,-0.103588
SUGAR & ALLIED INDUSTRIES,SML,Output_4,0.043225,-0.190953
SUGAR & ALLIED INDUSTRIES,TCORP,Output_1,0.016164,0.640415
SUGAR & ALLIED INDUSTRIES,TCORP,Output_2,0.016947,0.623221
SUGAR & ALLIED INDUSTRIES,TCORP,Output_3,0.023358,0.482371
SUGAR & ALLIED INDUSTRIES,TCORP,Output_4,0.048416,-0.342191
SUGAR & ALLIED INDUSTRIES,TSML,Output_1,0.024374,-0.164072
SUGAR & ALLIED INDUSTRIES,TSML,Output_2,0.020124,0.039079
SUGAR & ALLIED INDUSTRIES,TSML,Output_3,0.025333,-0.391989
SUGAR & ALLIED INDUSTRIES,TSML,Output_4,0.069207,-9.755213
TEXTILE SPINNING,AATM,Output_1,0.001927,-28.035996
TEXTILE SPINNING,AATM,Output_2,0.004738,-106.200201
TEXTILE SPINNING,AATM,Output_3,0.068834,-223.89891
TEXTILE SPINNING,AATM,Output_4,0.029151,0.0
TEXTILE SPINNING,AMTEX,Output_1,0.050649,
TEXTILE SPINNING,AMTEX,Output_2,0.073042,
TEXTILE SPINNING,AMTEX,Output_3,0.050403,
TEXTILE SPINNING,AMTEX,Output_4,0.066321,
TEXTILE SPINNING,ARCTM,Output_1,0.013734,0.549052
TEXTILE SPINNING,ARCTM,Output_2,0.015218,0.507295
TEXTILE SPINNING,ARCTM,Output_3,0.0181,0.440746
TEXTILE SPINNING,ARCTM,Output_4,0.025909,0.234609
TEXTILE SPINNING,ASTM,Output_1,0.018093,0.597843
TEXTILE SPINNING,ASTM,Output_2,0.01931,0.573856
TEXTILE SPINNING,ASTM,Output_3,0.028557,0.378951
TEXTILE SPINNING,ASTM,Output_4,0.052556,0.065699
TEXTILE SPINNING,BILF,Output_1,0.003971,0.624695
TEXTILE SPINNING,BILF,Output_2,0.004579,0.599307
TEXTILE SPINNING,BILF,Output_3,0.009302,0.456514
TEXTILE SPINNING,BILF,Output_4,0.028614,0.285038
TEXTILE SPINNING,CTM,Output_1,0.014435,0.715974
TEXTILE SPINNING,CTM,Output_2,0.016388,0.677446
TEXTILE SPINNING,CTM,Output_3,0.023403,0.544803
TEXTILE SPINNING,CTM,Output_4,0.043035,0.001987
TEXTILE SPINNING,CWSM,Output_1,0.006011,0.78753
TEXTILE SPINNING,CWSM,Output_2,0.006164,0.788319
TEXTILE SPINNING,CWSM,Output_3,0.007915,0.751978
TEXTILE SPINNING,CWSM,Output_4,0.022963,0.40504
TEXTILE SPINNING,DFSM,Output_1,0.019636,0.472476
TEXTILE SPINNING,DFSM,Output_2,0.022224,0.399801
TEXTILE SPINNING,DFSM,Output_3,0.032321,0.118374
TEXTILE SPINNING,DFSM,Output_4,0.041469,-0.147165
TEXTILE SPINNING,DINT,Output_1,0.024009,0.651114
TEXTILE SPINNING,DINT,Output_2,0.029721,0.559943
TEXTILE SPINNING,DINT,Output_3,0.048989,0.227533
TEXTILE SPINNING,DINT,Output_4,0.046511,-0.060432
TEXTILE SPINNING,DSIL,Output_1,0.011452,0.58691
TEXTILE SPINNING,DSIL,Output_2,0.012957,0.542053
TEXTILE SPINNING,DSIL,Output_3,0.021183,0.346912
TEXTILE SPINNING,DSIL,Output_4,0.045724,-0.233486
TEXTILE SPINNING,DWTM,Output_1,0.024709,0.53853
TEXTILE SPINNING,DWTM,Output_2,0.028552,0.468802
TEXTILE SPINNING,DWTM,Output_3,0.039074,0.267188
TEXTILE SPINNING,DWTM,Output_4,0.047984,-0.483368
TEXTILE SPINNING,GADT,Output_1,0.012458,0.670874
TEXTILE SPINNING,GADT,Output_2,0.014202,0.624855
TEXTILE SPINNING,GADT,Output_3,0.020201,0.463324
TEXTILE SPINNING,GADT,Output_4,0.027629,0.291093
TEXTILE SPINNING,GSPM,Output_1,0.007597,
TEXTILE SPINNING,GSPM,Output_2,0.021622,
TEXTILE SPINNING,GSPM,Output_3,0.006943,
TEXTILE SPINNING,GSPM,Output_4,0.026402,
TEXTILE SPINNING,HIRAT,Output_1,0.017871,0.726652
TEXTILE SPINNING,HIRAT,Output_2,0.019972,0.694293
TEXTILE SPINNING,HIRAT,Output_3,0.02635,0.598066
TEXTILE SPINNING,HIRAT,Output_4,0.05155,0.131875
TEXTILE SPINNING,IDRT,Output_1,0.006947,0.284639
TEXTILE SPINNING,IDRT,Output_2,0.007346,0.245999
TEXTILE SPINNING,IDRT,Output_3,0.008075,0.134362
TEXTILE SPINNING,IDRT,Output_4,0.041191,-0.045162
TEXTILE SPINNING,IDSM,Output_1,0.057632,0.251267
TEXTILE SPINNING,IDSM,Output_2,0.056956,0.259957
TEXTILE SPINNING,IDSM,Output_3,0.059378,0.209322
TEXTILE SPINNING,IDSM,Output_4,0.045252,-13.95567
TEXTILE SPINNING,IDYM,Output_1,0.011635,0.628783
TEXTILE SPINNING,IDYM,Output_2,0.01204,0.608351
TEXTILE SPINNING,IDYM,Output_3,0.013346,0.532057
TEXTILE SPINNING,IDYM,Output_4,0.015063,-1.160126
TEXTILE SPINNING,JATM,Output_1,0.008418,0.902729
TEXTILE SPINNING,JATM,Output_2,0.009232,0.893637
TEXTILE SPINNING,JATM,Output_3,0.013444,0.846094
TEXTILE SPINNING,JATM,Output_4,0.051425,0.340415
TEXTILE SPINNING,JDMT,Output_1,0.015432,0.609799
TEXTILE SPINNING,JDMT,Output_2,0.017204,0.560533
TEXTILE SPINNING,JDMT,Output_3,0.019851,0.434929
TEXTILE SPINNING,JDMT,Output_4,0.042908,-1.33291
TEXTILE SPINNING,KOHTM,Output_1,0.014022,0.030506
TEXTILE SPINNING,KOHTM,Output_2,0.015248,-0.059599
TEXTILE SPINNING,KOHTM,Output_3,0.024781,-0.221739
TEXTILE SPINNING,KOHTM,Output_4,0.055165,0.211875
TEXTILE SPINNING,KOSM,Output_1,0.011648,0.517139
TEXTILE SPINNING,KOSM,Output_2,0.013353,0.45396
TEXTILE SPINNING,KOSM,Output_3,0.017327,0.345703
TEXTILE SPINNING,KOSM,Output_4,0.0279,0.139615
TEXTILE SPINNING,NAGC,Output_1,0.020771,0.392131
TEXTILE SPINNING,NAGC,Output_2,0.024075,0.301317
TEXTILE SPINNING,NAGC,Output_3,0.044026,-0.221347
TEXTILE SPINNING,NAGC,Output_4,0.061883,-0.92418
TEXTILE SPINNING,RCML,Output_1,0.038303,-0.21953
TEXTILE SPINNING,RCML,Output_2,0.044302,-0.581987
TEXTILE SPINNING,RCML,Output_3,0.076461,-2.442228
TEXTILE SPINNING,RCML,Output_4,0.070595,-3.872444
TEXTILE SPINNING,RUBY,Output_1,0.011174,0.606385
TEXTILE SPINNING,RUBY,Output_2,0.012708,0.552504
TEXTILE SPINNING,RUBY,Output_3,0.017356,0.397706
TEXTILE SPINNING,RUBY,Output_4,0.058491,-1.005167
TEXTILE SPINNING,SAIF,Output_1,0.023475,0.692464
TEXTILE SPINNING,SAIF,Output_2,0.025863,0.661519
TEXTILE SPINNING,SAIF,Output_3,0.036092,0.528082
TEXTILE SPINNING,SAIF,Output_4,0.066547,0.167081
TEXTILE SPINNING,SERT,Output_1,0.027515,0.324066
TEXTILE SPINNING,SERT,Output_2,0.029598,0.273222
TEXTILE SPINNING,SERT,Output_3,0.035886,0.113593
TEXTILE SPINNING,SERT,Output_4,0.074925,-2.600193
TEXTILE SPINNING,SHDT,Output_1,0.008013,0.88612
TEXTILE SPINNING,SHDT,Output_2,0.00897,0.871686
TEXTILE SPINNING,SHDT,Output_3,0.011962,0.817658
TEXTILE SPINNING,SHDT,Output_4,0.046213,-0.240809
TEXTILE SPINNING,SLYT,Output_1,0.021693,0.566356
TEXTILE SPINNING,SLYT,Output_2,0.027811,0.44666
TEXTILE SPINNING,SLYT,Output_3,0.053414,-0.07605
TEXTILE SPINNING,SLYT,Output_4,0.053909,-0.492193
TEXTILE SPINNING,SSML,Output_1,0.010298,0.38903
TEXTILE SPINNING,SSML,Output_2,0.01193,0.290783
TEXTILE SPINNING,SSML,Output_3,0.01577,0.051804
TEXTILE SPINNING,SSML,Output_4,0.061587,-1.353094
TEXTILE SPINNING,SUTM,Output_1,0.006954,-0.196034
TEXTILE SPINNING,SUTM,Output_2,0.007173,-0.238107
TEXTILE SPINNING,SUTM,Output_3,0.007591,-0.354778
TEXTILE SPINNING,SUTM,Output_4,0.039125,-12.181371
TEXTILE SPINNING,TATM,Output_1,0.015035,-0.11061
TEXTILE SPINNING,TATM,Output_2,0.018339,-0.338941
TEXTILE SPINNING,TATM,Output_3,0.032027,-1.067516
TEXTILE SPINNING,TATM,Output_4,0.066912,-1.83028
COMMERCIAL BANKS,ABL,Output_1,0.009375,0.622359
COMMERCIAL BANKS,ABL,Output_2,0.009569,0.625961
COMMERCIAL BANKS,ABL,Output_3,0.012307,0.570634
COMMERCIAL BANKS,ABL,Output_4,0.04878,0.288897
COMMERCIAL BANKS,AKBL,Output_1,0.005052,0.54332
COMMERCIAL BANKS,AKBL,Output_2,0.005653,0.500696
COMMERCIAL BANKS,AKBL,Output_3,0.007885,0.37141
COMMERCIAL BANKS,AKBL,Output_4,0.034128,0.262432
COMMERCIAL BANKS,BAFL,Output_1,0.005831,0.831002
COMMERCIAL BANKS,BAFL,Output_2,0.006527,0.815436
COMMERCIAL BANKS,BAFL,Output_3,0.007859,0.80025
COMMERCIAL BANKS,BAFL,Output_4,0.032169,0.597791
COMMERCIAL BANKS,BAHL,Output_1,0.003565,0.864343
COMMERCIAL BANKS,BAHL,Output_2,0.003979,0.8518
COMMERCIAL BANKS,BAHL,Output_3,0.006099,0.791172
COMMERCIAL BANKS,BAHL,Output_4,0.026738,0.613496
COMMERCIAL BANKS,BIPL,Output_1,0.01055,0.825043
COMMERCIAL BANKS,BIPL,Output_2,0.012051,0.800575
COMMERCIAL BANKS,BIPL,Output_3,0.014452,0.764389
COMMERCIAL BANKS,BIPL,Output_4,0.032266,0.537982
COMMERCIAL BANKS,BML,Output_1,0.009037,0.230706
COMMERCIAL BANKS,BML,Output_2,0.01005,0.139007
COMMERCIAL BANKS,BML,Output_3,0.013001,-0.127449
COMMERCIAL BANKS,BML,Output_4,0.042032,-0.399272
COMMERCIAL BANKS,BOK,Output_1,0.017327,0.576051
COMMERCIAL BANKS,BOK,Output_2,0.01841,0.551211
COMMERCIAL BANKS,BOK,Output_3,0.02235,0.45785
COMMERCIAL BANKS,BOK,Output_4,0.044162,-0.456367
COMMERCIAL BANKS,BOP,Output_1,0.006437,0.801986
COMMERCIAL BANKS,BOP,Output_2,0.006668,0.792893
COMMERCIAL BANKS,BOP,Output_3,0.010017,0.676278
COMMERCIAL BANKS,BOP,Output_4,0.062037,-0.390146
COMMERCIAL BANKS,FABL,Output_1,0.006864,0.834357
COMMERCIAL BANKS,FABL,Output_2,0.007797,0.816232
COMMERCIAL BANKS,FABL,Output_3,0.011406,0.74898
COMMERCIAL BANKS,FABL,Output_4,0.034373,0.426614
COMMERCIAL BANKS,HBL,Output_1,0.00754,0.780075
COMMERCIAL BANKS,HBL,Output_2,0.008271,0.759079
COMMERCIAL BANKS,HBL,Output_3,0.011424,0.667519
COMMERCIAL BANKS,HBL,Output_4,0.050251,0.021092
COMMERCIAL BANKS,HMB,Output_1,0.003978,0.841083
COMMERCIAL BANKS,HMB,Output_2,0.004499,0.82429
COMMERCIAL BANKS,HMB,Output_3,0.006204,0.780277
COMMERCIAL BANKS,HMB,Output_4,0.030323,0.5435
COMMERCIAL BANKS,JSBL,Output_1,0.010147,0.824176
COMMERCIAL BANKS,JSBL,Output_2,0.011491,0.801879
COMMERCIAL BANKS,JSBL,Output_3,0.015664,0.738807
COMMERCIAL BANKS,JSBL,Output_4,0.053384,0.281948
COMMERCIAL BANKS,MCB,Output_1,0.005139,0.861917
COMMERCIAL BANKS,MCB,Output_2,0.005957,0.844412
COMMERCIAL BANKS,MCB,Output_3,0.009115,0.784274
COMMERCIAL BANKS,MCB,Output_4,0.046071,0.4456
COMMERCIAL BANKS,MEBL,Output_1,0.004223,0.895796
COMMERCIAL BANKS,MEBL,Output_2,0.004815,0.882649
COMMERCIAL BANKS,MEBL,Output_3,0.007266,0.831825
COMMERCIAL BANKS,MEBL,Output_4,0.028967,0.515711
COMMERCIAL BANKS,NBP,Output_1,0.003272,0.811588
COMMERCIAL BANKS,NBP,Output_2,0.003682,0.796676
COMMERCIAL BANKS,NBP,Output_3,0.005926,0.712761
COMMERCIAL BANKS,NBP,Output_4,0.03241,0.395176
COMMERCIAL BANKS,SBL,Output_1,0.055652,0.292839
COMMERCIAL BANKS,SBL,Output_2,0.062448,0.209409
COMMERCIAL BANKS,SBL,Output_3,0.087107,-0.099918
COMMERCIAL BANKS,SBL,Output_4,0.180224,-1.724134
COMMERCIAL BANKS,SCBPL,Output_1,0.01313,0.729579
COMMERCIAL BANKS,SCBPL,Output_2,0.014134,0.712851
COMMERCIAL BANKS,SCBPL,Output_3,0.019174,0.624014
COMMERCIAL BANKS,SCBPL,Output_4,0.049449,0.301382
COMMERCIAL BANKS,SNBL,Output_1,0.007775,0.408166
COMMERCIAL BANKS,SNBL,Output_2,0.007659,0.435655
COMMERCIAL BANKS,SNBL,Output_3,0.008559,0.458387
COMMERCIAL BANKS,SNBL,Output_4,0.039685,0.21087
COMMERCIAL BANKS,UBL,Output_1,0.005138,0.492941
COMMERCIAL BANKS,UBL,Output_2,0.006058,0.431345
COMMERCIAL BANKS,UBL,Output_3,0.011401,0.125098
COMMERCIAL BANKS,UBL,Output_4,0.081652,-0.90118
PHARMACEUTICALS,ABOT,Output_1,0.007704,0.689275
PHARMACEUTICALS,ABOT,Output_2,0.006382,0.74621
PHARMACEUTICALS,ABOT,Output_3,0.010858,0.605034
PHARMACEUTICALS,ABOT,Output_4,0.055043,0.034492
PHARMACEUTICALS,AGP,Output_1,0.006481,0.68065
PHARMACEUTICALS,AGP,Output_2,0.005399,0.73666
PHARMACEUTICALS,AGP,Output_3,0.009475,0.587978
PHARMACEUTICALS,AGP,Output_4,0.051568,0.011518
PHARMACEUTICALS,CPHL,Output_1,0.002407,0.304835
PHARMACEUTICALS,CPHL,Output_2,0.002475,0.309121
PHARMACEUTICALS,CPHL,Output_3,0.002343,0.469647
PHARMACEUTICALS,CPHL,Output_4,0.053817,0.106935
PHARMACEUTICALS,FEROZ,Output_1,0.015116,0.789416
PHARMACEUTICALS,FEROZ,Output_2,0.01429,0.798957
PHARMACEUTICALS,FEROZ,Output_3,0.020483,0.708975
PHARMACEUTICALS,FEROZ,Output_4,0.068252,0.056014
PHARMACEUTICALS,GLAXO,Output_1,0.00341,0.613508
PHARMACEUTICALS,GLAXO,Output_2,0.002751,0.703032
PHARMACEUTICALS,GLAXO,Output_3,0.006554,0.491998
PHARMACEUTICALS,GLAXO,Output_4,0.057355,0.019934
PHARMACEUTICALS,HALEON,Output_1,0.01154,0.529692
PHARMACEUTICALS,HALEON,Output_2,0.012664,0.533272
PHARMACEUTICALS,HALEON,Output_3,0.027658,0.395374
PHARMACEUTICALS,HALEON,Output_4,0.134574,-0.25187
PHARMACEUTICALS,HINOON,Output_1,0.009188,0.569714
PHARMACEUTICALS,HINOON,Output_2,0.007677,0.650643
PHARMACEUTICALS,HINOON,Output_3,0.012874,0.500144
PHARMACEUTICALS,HINOON,Output_4,0.054128,-0.058638
PHARMACEUTICALS,HPL,Output_1,0.006746,0.605584
PHARMACEUTICALS,HPL,Output_2,0.007716,0.577811
PHARMACEUTICALS,HPL,Output_3,0.011722,0.511003
PHARMACEUTICALS,HPL,Output_4,0.064395,0.1768
PHARMACEUTICALS,IBLHL,Output_1,0.011878,0.870724
PHARMACEUTICALS,IBLHL,Output_2,0.012639,0.862188
PHARMACEUTICALS,IBLHL,Output_3,0.016511,0.81702
PHARMACEUTICALS,IBLHL,Output_4,0.042283,0.302857
PHARMACEUTICALS,LIVEN,Output_1,0.004414,-2.040647
PHARMACEUTICALS,LIVEN,Output_2,0.002055,-0.419168
PHARMACEUTICALS,LIVEN,Output_3,0.005321,-1.758594
PHARMACEUTICALS,LIVEN,Output_4,0.060529,-0.192601
PHARMACEUTICALS,MACTER,Output_1,0.006284,-0.6984
PHARMACEUTICALS,MACTER,Output_2,0.003911,-0.071255
PHARMACEUTICALS,MACTER,Output_3,0.008419,-1.15266
PHARMACEUTICALS,MACTER,Output_4,0.071702,-0.111765
PHARMACEUTICALS,OTSU,Output_1,0.015863,0.688343
PHARMACEUTICALS,OTSU,Output_2,0.01465,0.695964
PHARMACEUTICALS,OTSU,Output_3,0.023159,0.402104
PHARMACEUTICALS,OTSU,Output_4,0.062472,-2.400764
PHARMACEUTICALS,SEARL,Output_1,0.009944,0.905117
PHARMACEUTICALS,SEARL,Output_2,0.010918,0.89479
PHARMACEUTICALS,SEARL,Output_3,0.011601,0.882449
PHARMACEUTICALS,SEARL,Output_4,0.031261,0.491172
EXCHANGE TRADED FUNDS,ACIETF,Output_1,0.016787,0.373358
EXCHANGE TRADED FUNDS,ACIETF,Output_2,0.018681,0.303966
EXCHANGE TRADED FUNDS,ACIETF,Output_3,0.019713,0.27943
EXCHANGE TRADED FUNDS,ACIETF,Output_4,0.049264,-0.200693
EXCHANGE TRADED FUNDS,HBLTETF,Output_1,0.027309,0.866933
EXCHANGE TRADED FUNDS,HBLTETF,Output_2,0.042013,0.794463
EXCHANGE TRADED FUNDS,HBLTETF,Output_3,0.065632,0.670125
EXCHANGE TRADED FUNDS,HBLTETF,Output_4,0.071041,0.0447
EXCHANGE TRADED FUNDS,JSGBETF,Output_1,0.018585,-1.33439
EXCHANGE TRADED FUNDS,JSGBETF,Output_2,0.020542,-1.798303
EXCHANGE TRADED FUNDS,JSGBETF,Output_3,0.014292,-0.910921
EXCHANGE TRADED FUNDS,JSGBETF,Output_4,0.018253,-1.705813
EXCHANGE TRADED FUNDS,JSMFETF,Output_1,0.037465,0.487125
EXCHANGE TRADED FUNDS,JSMFETF,Output_2,0.042929,0.409258
EXCHANGE TRADED FUNDS,JSMFETF,Output_3,0.051841,0.260066
EXCHANGE TRADED FUNDS,JSMFETF,Output_4,0.068426,-0.438949
EXCHANGE TRADED FUNDS,MIIETF,Output_1,0.002458,-0.306117
EXCHANGE TRADED FUNDS,MIIETF,Output_2,0.002751,0.06499
EXCHANGE TRADED FUNDS,MIIETF,Output_3,0.014158,-0.085102
EXCHANGE TRADED FUNDS,MIIETF,Output_4,0.315293,-49.792701
EXCHANGE TRADED FUNDS,MZNPETF,Output_1,0.004471,0.84566
EXCHANGE TRADED FUNDS,MZNPETF,Output_2,0.005007,0.829984
EXCHANGE TRADED FUNDS,MZNPETF,Output_3,0.007848,0.758071
EXCHANGE TRADED FUNDS,MZNPETF,Output_4,0.041585,0.413008
EXCHANGE TRADED FUNDS,NBPGETF,Output_1,0.014094,0.397729
EXCHANGE TRADED FUNDS,NBPGETF,Output_2,0.015833,0.341414
EXCHANGE TRADED FUNDS,NBPGETF,Output_3,0.021305,0.260243
EXCHANGE TRADED FUNDS,NBPGETF,Output_4,0.066257,-0.633826
EXCHANGE TRADED FUNDS,NITGETF,Output_1,0.00654,0.64233
EXCHANGE TRADED FUNDS,NITGETF,Output_2,0.007818,0.584827
EXCHANGE TRADED FUNDS,NITGETF,Output_3,0.011712,0.477246
EXCHANGE TRADED FUNDS,NITGETF,Output_4,0.069155,0.20509
EXCHANGE TRADED FUNDS,UBLPETF,Output_1,0.006124,0.621251
EXCHANGE TRADED FUNDS,UBLPETF,Output_2,0.006434,0.613761
EXCHANGE TRADED FUNDS,UBLPETF,Output_3,0.010051,0.486995
EXCHANGE TRADED FUNDS,UBLPETF,Output_4,0.057539,0.156042
CEMENT,ACPL,Output_1,0.004331,0.802917
CEMENT,ACPL,Output_2,0.005417,0.7533
CEMENT,ACPL,Output_3,0.00786,0.656623
CEMENT,ACPL,Output_4,0.04769,0.061992
CEMENT,BWCL,Output_1,0.00156,0.854095
CEMENT,BWCL,Output_2,0.001828,0.838929
CEMENT,BWCL,Output_3,0.003242,0.772133
CEMENT,BWCL,Output_4,0.029721,0.438192
CEMENT,CHCC,Output_1,0.005304,0.579746
CEMENT,CHCC,Output_2,0.006425,0.529481
CEMENT,CHCC,Output_3,0.011906,0.392837
CEMENT,CHCC,Output_4,0.043236,0.103468
CEMENT,DBCI,Output_1,0.000841,
CEMENT,DBCI,Output_2,0.001021,
CEMENT,DBCI,Output_3,0.009266,
CEMENT,DBCI,Output_4,0.026533,
CEMENT,DCL,Output_1,0.011571,0.784488
CEMENT,DCL,Output_2,0.013453,0.748706
CEMENT,DCL,Output_3,0.015815,0.697998
CEMENT,DCL,Output_4,0.040431,0.078017
CEMENT,DGKC,Output_1,0.010583,0.828767
CEMENT,DGKC,Output_2,0.012958,0.789066
CEMENT,DGKC,Output_3,0.015219,0.745248
CEMENT,DGKC,Output_4,0.05477,0.057646
CEMENT,DNCC,Output_1,0.024419,0.42813
CEMENT,DNCC,Output_2,0.027304,0.360405
CEMENT,DNCC,Output_3,0.03742,0.121536
CEMENT,DNCC,Output_4,0.058455,-0.544955
CEMENT,FCCL,Output_1,0.003674,0.753352
CEMENT,FCCL,Output_2,0.004902,0.685007
CEMENT,FCCL,Output_3,0.007094,0.612251
CEMENT,FCCL,Output_4,0.05397,0.018155
CEMENT,FECTC,Output_1,0.005006,0.051099
CEMENT,FECTC,Output_2,0.006078,-0.09286
CEMENT,FECTC,Output_3,0.009343,0.019101
CEMENT,FECTC,Output_4,0.057552,0.003046
CEMENT,FLYNG,Output_1,0.007482,0.585862
CEMENT,FLYNG,Output_2,0.008237,0.558368
CEMENT,FLYNG,Output_3,0.014107,0.364779
CEMENT,FLYNG,Output_4,0.054667,-0.068821
CEMENT,GWLC,Output_1,0.010167,0.698673
CEMENT,GWLC,Output_2,0.011443,0.664747
CEMENT,GWLC,Output_3,0.016622,0.53963
CEMENT,GWLC,Output_4,0.048529,0.007727
CEMENT,KOHC,Output_1,0.005397,0.661132
CEMENT,KOHC,Output_2,0.00672,0.615383
CEMENT,KOHC,Output_3,0.012841,0.496314
CEMENT,KOHC,Output_4,0.045215,0.238691
CEMENT,LUCK,Output_1,0.003541,0.712453
CEMENT,LUCK,Output_2,0.003684,0.702893
CEMENT,LUCK,Output_3,0.005165,0.608566
CEMENT,LUCK,Output_4,0.027619,0.120729
CEMENT,MLCF,Output_1,0.004835,0.728294
CEMENT,MLCF,Output_2,0.006398,0.640484
CEMENT,MLCF,Output_3,0.007558,0.575465
CEMENT,MLCF,Output_4,0.03092,-0.056959
CEMENT,PIOC,Output_1,0.011024,0.70774
CEMENT,PIOC,Output_2,0.012433,0.679668
CEMENT,PIOC,Output_3,0.015972,0.626625
CEMENT,PIOC,Output_4,0.059035,0.17411
CEMENT,POWER,Output_1,0.004129,0.871272
CEMENT,POWER,Output_2,0.005847,0.816395
CEMENT,POWER,Output_3,0.006875,0.774712
CEMENT,POWER,Output_4,0.039357,-0.117534
CEMENT,POWERPS,Output_1,0.016363,0.207419
CEMENT,POWERPS,Output_2,0.017954,0.118444
CEMENT,POWERPS,Output_3,0.025635,-0.280883
CEMENT,POWERPS,Output_4,0.047135,-0.245866
CEMENT,SMCPL,Output_1,0.008216,0.714379
CEMENT,SMCPL,Output_2,0.009061,0.688993
CEMENT,SMCPL,Output_3,0.011591,0.626873
CEMENT,SMCPL,Output_4,0.020895,0.357375
CEMENT,THCCL,Output_1,0.003526,0.219062
CEMENT,THCCL,Output_2,0.009096,-0.749546
CEMENT,THCCL,Output_3,0.010964,-0.231216
CEMENT,THCCL,Output_4,0.076396,-0.065485
TEXTILE COMPOSITE,ADMM,Output_1,0.021914,0.600233
TEXTILE COMPOSITE,ADMM,Output_2,0.023245,0.577588
TEXTILE COMPOSITE,ADMM,Output_3,0.027448,0.489909
TEXTILE COMPOSITE,ADMM,Output_4,0.02663,0.037882
TEXTILE COMPOSITE,ANL,Output_1,0.009183,0.879962
TEXTILE COMPOSITE,ANL,Output_2,0.012114,0.841904
TEXTILE COMPOSITE,ANL,Output_3,0.017503,0.770468
TEXTILE COMPOSITE,ANL,Output_4,0.038936,0.214684
TEXTILE COMPOSITE,ANTM,Output_1,0.029164,-0.008045
TEXTILE COMPOSITE,ANTM,Output_2,0.029272,-0.134001
TEXTILE COMPOSITE,ANTM,Output_3,0.055799,-0.386685
TEXTILE COMPOSITE,ANTM,Output_4,0.033466,-0.149829
TEXTILE COMPOSITE,ARUJ,Output_1,0.039106,0.013935
TEXTILE COMPOSITE,ARUJ,Output_2,0.042392,-0.075065
TEXTILE COMPOSITE,ARUJ,Output_3,0.049874,-0.339322
TEXTILE COMPOSITE,ARUJ,Output_4,0.050205,-0.362299
TEXTILE COMPOSITE,CHBL,Output_1,0.123309,
TEXTILE COMPOSITE,CHBL,Output_2,0.133484,
TEXTILE COMPOSITE,CHBL,Output_3,0.208182,
TEXTILE COMPOSITE,CHBL,Output_4,0.002892,
TEXTILE COMPOSITE,CRTM,Output_1,0.020489,0.635791
TEXTILE COMPOSITE,CRTM,Output_2,0.021463,0.620041
TEXTILE COMPOSITE,CRTM,Output_3,0.02856,0.500674
TEXTILE COMPOSITE,CRTM,Output_4,0.028945,-0.112608
TEXTILE COMPOSITE,FML,Output_1,0.015394,0.689356
TEXTILE COMPOSITE,FML,Output_2,0.016396,0.666571
TEXTILE COMPOSITE,FML,Output_3,0.022026,0.542299
TEXTILE COMPOSITE,FML,Output_4,0.03913,-0.323782
TEXTILE COMPOSITE,FZCM,Output_1,0.036448,0.566344
TEXTILE COMPOSITE,FZCM,Output_2,0.040207,0.521483
TEXTILE COMPOSITE,FZCM,Output_3,0.055135,0.341602
TEXTILE COMPOSITE,FZCM,Output_4,0.08148,-0.111128
TEXTILE COMPOSITE,GATM,Output_1,0.012756,0.861757
TEXTILE COMPOSITE,GATM,Output_2,0.014512,0.843275
TEXTILE COMPOSITE,GATM,Output_3,0.019117,0.795775
TEXTILE COMPOSITE,GATM,Output_4,0.048682,0.423123
TEXTILE COMPOSITE,GFIL,Output_1,0.02793,0.482458
TEXTILE COMPOSITE,GFIL,Output_2,0.031041,0.425256
TEXTILE COMPOSITE,GFIL,Output_3,0.043934,0.186297
TEXTILE COMPOSITE,GFIL,Output_4,0.084472,-0.554399
TEXTILE COMPOSITE,HAEL,Output_1,0.026027,0.06632
TEXTILE COMPOSITE,HAEL,Output_2,0.028439,0.018153
TEXTILE COMPOSITE,HAEL,Output_3,0.037512,-0.066719
TEXTILE COMPOSITE,HAEL,Output_4,0.048063,-0.007914
TEXTILE COMPOSITE,ILP,Output_1,0.024758,0.474035
TEXTILE COMPOSITE,ILP,Output_2,0.024678,0.475348
TEXTILE COMPOSITE,ILP,Output_3,0.032884,0.298926
TEXTILE COMPOSITE,ILP,Output_4,0.086264,-0.853239
TEXTILE COMPOSITE,INKL,Output_1,0.025082,-0.057746
TEXTILE COMPOSITE,INKL,Output_2,0.027821,-0.169277
TEXTILE COMPOSITE,INKL,Output_3,0.035375,-0.415766
TEXTILE COMPOSITE,INKL,Output_4,0.048957,-2.553893
TEXTILE COMPOSITE,JUBS,Output_1,0.014585,0.525724
TEXTILE COMPOSITE,JUBS,Output_2,0.015818,0.495835
TEXTILE COMPOSITE,JUBS,Output_3,0.019879,0.401031
TEXTILE COMPOSITE,JUBS,Output_4,0.037766,-0.090604
TEXTILE COMPOSITE,KHYT,Output_1,0.042926,-0.664565
TEXTILE COMPOSITE,KHYT,Output_2,0.034042,-0.900055
TEXTILE COMPOSITE,KHYT,Output_3,0.018691,0.003715
TEXTILE COMPOSITE,KHYT,Output_4,0.018381,-2.300914
TEXTILE COMPOSITE,KML,Output_1,0.03505,0.348897
TEXTILE COMPOSITE,KML,Output_2,0.038572,0.284314
TEXTILE COMPOSITE,KML,Output_3,0.051615,0.062323
TEXTILE COMPOSITE,KML,Output_4,0.075926,-0.419301
TEXTILE COMPOSITE,KOIL,Output_1,0.011654,0.330076
TEXTILE COMPOSITE,KOIL,Output_2,0.012938,0.254865
TEXTILE COMPOSITE,KOIL,Output_3,0.013444,0.19732
TEXTILE COMPOSITE,KOIL,Output_4,0.027861,-0.097436
TEXTILE COMPOSITE,KTML,Output_1,0.005115,0.42202
TEXTILE COMPOSITE,KTML,Output_2,0.004969,0.446515
TEXTILE COMPOSITE,KTML,Output_3,0.006428,0.346689
TEXTILE COMPOSITE,KTML,Output_4,0.034875,0.049299
TEXTILE COMPOSITE,MEHT,Output_1,0.047006,0.058902
TEXTILE COMPOSITE,MEHT,Output_2,0.052085,-0.035996
TEXTILE COMPOSITE,MEHT,Output_3,0.059859,-0.290291
TEXTILE COMPOSITE,MEHT,Output_4,0.031301,-0.58103
TEXTILE COMPOSITE,MSOT,Output_1,0.014626,0.473704
TEXTILE COMPOSITE,MSOT,Output_2,0.015667,0.441243
TEXTILE COMPOSITE,MSOT,Output_3,0.018498,0.307144
TEXTILE COMPOSITE,MSOT,Output_4,0.025097,-0.313693
TEXTILE COMPOSITE,NCL,Output_1,0.01889,0.826528
TEXTILE COMPOSITE,NCL,Output_2,0.019163,0.824236
TEXTILE COMPOSITE,NCL,Output_3,0.026109,0.760753
TEXTILE COMPOSITE,NCL,Output_4,0.07348,0.245363
TEXTILE COMPOSITE,NML,Output_1,0.014159,0.68084
TEXTILE COMPOSITE,NML,Output_2,0.013468,0.694055
TEXTILE COMPOSITE,NML,Output_3,0.015458,0.639072
TEXTILE COMPOSITE,NML,Output_4,0.045224,-0.066906
TEXTILE COMPOSITE,QUET,Output_1,0.01843,0.157538
TEXTILE COMPOSITE,QUET,Output_2,0.0199,0.096173
TEXTILE COMPOSITE,QUET,Output_3,0.032396,-0.137234
TEXTILE COMPOSITE,QUET,Output_4,0.055376,-0.322207
TEXTILE COMPOSITE,REDCO,Output_1,0.004611,-1.257422
TEXTILE COMPOSITE,REDCO,Output_2,0.004469,-1.090469
TEXTILE COMPOSITE,REDCO,Output_3,0.008221,-0.922425
TEXTILE COMPOSITE,REDCO,Output_4,0.049593,-0.045923
TEXTILE COMPOSITE,REWM,Output_1,0.007141,0.150085
TEXTILE COMPOSITE,REWM,Output_2,0.007059,0.134119
TEXTILE COMPOSITE,REWM,Output_3,0.007896,-0.095362
TEXTILE COMPOSITE,REWM,Output_4,0.052786,-0.388389
TEXTILE COMPOSITE,SAPT,Output_1,0.013696,0.36615
TEXTILE COMPOSITE,SAPT,Output_2,0.015319,0.289217
TEXTILE COMPOSITE,SAPT,Output_3,0.018244,0.144774
TEXTILE COMPOSITE,SAPT,Output_4,0.025409,-0.701506
TEXTILE COMPOSITE,SFL,Output_1,0.01724,0.616557
TEXTILE COMPOSITE,SFL,Output_2,0.018971,0.578373
TEXTILE COMPOSITE,SFL,Output_3,0.025543,0.42984
TEXTILE COMPOSITE,SFL,Output_4,0.04333,-0.422279
TEXTILE COMPOSITE,STYLERS,Output_1,0.0251,-1.476148
TEXTILE COMPOSITE,STYLERS,Output_2,0.026046,-2.143297
TEXTILE COMPOSITE,STYLERS,Output_3,0.0395,-17.546594
TEXTILE COMPOSITE,STYLERS,Output_4,0.063677,-17.940248
TEXTILE COMPOSITE,SURC,Output_1,0.02032,0.71141
TEXTILE COMPOSITE,SURC,Output_2,0.021226,0.695072
TEXTILE COMPOSITE,SURC,Output_3,0.028261,0.552348
TEXTILE COMPOSITE,SURC,Output_4,0.035286,-1.690676
TEXTILE COMPOSITE,TOWL,Output_1,0.012586,0.463189
TEXTILE COMPOSITE,TOWL,Output_2,0.013197,0.432205
TEXTILE COMPOSITE,TOWL,Output_3,0.015601,0.312698
TEXTILE COMPOSITE,TOWL,Output_4,0.017685,0.108284
TEXTILE COMPOSITE,ZAHID,Output_1,0.022806,-0.067271
TEXTILE COMPOSITE,ZAHID,Output_2,0.027352,-0.189291
TEXTILE COMPOSITE,ZAHID,Output_3,0.034115,-0.626816
TEXTILE COMPOSITE,ZAHID,Output_4,0.044478,-1.183289
ENGINEERING,AGHA,Output_1,0.003684,0.920396
ENGINEERING,AGHA,Output_2,0.003967,0.913085
ENGINEERING,AGHA,Output_3,0.005288,0.876689
ENGINEERING,AGHA,Output_4,0.011189,0.433924
ENGINEERING,ASL,Output_1,0.008603,0.896863
ENGINEERING,ASL,Output_2,0.008756,0.895254
ENGINEERING,ASL,Output_3,0.014283,0.829756
ENGINEERING,ASL,Output_4,0.026862,0.555971
ENGINEERING,ASTL,Output_1,0.00955,0.869446
ENGINEERING,ASTL,Output_2,0.010344,0.858498
ENGINEERING,ASTL,Output_3,0.012624,0.825722
ENGINEERING,ASTL,Output_4,0.021669,0.595964
ENGINEERING,BCL,Output_1,0.028377,0.611464
ENGINEERING,BCL,Output_2,0.030695,0.579699
ENGINEERING,BCL,Output_3,0.043134,0.409467
ENGINEERING,BCL,Output_4,0.069792,0.068977
ENGINEERING,BECO,Output_1,0.006638,0.850516
ENGINEERING,BECO,Output_2,0.007344,0.83279
ENGINEERING,BECO,Output_3,0.010669,0.737651
ENGINEERING,BECO,Output_4,0.025882,-1.226517
ENGINEERING,CSAP,Output_1,0.007598,0.75276
ENGINEERING,CSAP,Output_2,0.008205,0.74033
ENGINEERING,CSAP,Output_3,0.012861,0.634033
ENGINEERING,CSAP,Output_4,0.034015,0.388845
ENGINEERING,DADX,Output_1,0.037516,0.164911
ENGINEERING,DADX,Output_2,0.040499,0.095413
ENGINEERING,DADX,Output_3,0.050577,-0.147301
ENGINEERING,DADX,Output_4,0.042207,-0.448837
ENGINEERING,DSL,Output_1,0.011123,0.208772
ENGINEERING,DSL,Output_2,0.013919,0.018368
ENGINEERING,DSL,Output_3,0.016816,-0.103167
ENGINEERING,DSL,Output_4,0.052569,-1.369851
ENGINEERING,INIL,Output_1,0.013632,0.797692
ENGINEERING,INIL,Output_2,0.014239,0.788665
ENGINEERING,INIL,Output_3,0.021626,0.679512
ENGINEERING,INIL,Output_4,0.040223,0.318561
ENGINEERING,ISL,Output_1,0.013092,0.781321
ENGINEERING,ISL,Output_2,0.013647,0.771993
ENGINEERING,ISL,Output_3,0.019468,0.675118
ENGINEERING,ISL,Output_4,0.042322,0.264729
ENGINEERING,ITTEFAQ,Output_1,0.008581,0.880521
ENGINEERING,ITTEFAQ,Output_2,0.009141,0.872348
ENGINEERING,ITTEFAQ,Output_3,0.01226,0.824397
ENGINEERING,ITTEFAQ,Output_4,0.025731,0.447866
ENGINEERING,KSBP,Output_1,0.015765,0.649688
ENGINEERING,KSBP,Output_2,0.016517,0.623243
ENGINEERING,KSBP,Output_3,0.017922,0.519249
ENGINEERING,KSBP,Output_4,0.012502,-0.486772
ENGINEERING,MSCL,Output_1,0.025592,0.407042
ENGINEERING,MSCL,Output_2,0.029972,0.309988
ENGINEERING,MSCL,Output_3,0.03593,0.209673
ENGINEERING,MSCL,Output_4,0.07403,-0.171044
ENGINEERING,MUGHAL,Output_1,0.017287,0.715687
ENGINEERING,MUGHAL,Output_2,0.018454,0.696252
ENGINEERING,MUGHAL,Output_3,0.025141,0.584596
ENGINEERING,MUGHAL,Output_4,0.042674,0.243406
ENGINEERING,PECO,Output_1,0.022356,0.549749
ENGINEERING,PECO,Output_2,0.028074,0.456058
ENGINEERING,PECO,Output_3,0.035411,0.358408
ENGINEERING,PECO,Output_4,0.1085,-1.244031
INSURANCE,AGIC,Output_1,0.006075,0.635184
INSURANCE,AGIC,Output_2,0.006745,0.595845
INSURANCE,AGIC,Output_3,0.009539,0.419504
INSURANCE,AGIC,Output_4,0.045994,-0.00583
INSURANCE,AICL,Output_1,0.011841,0.533969
INSURANCE,AICL,Output_2,0.013551,0.46507
INSURANCE,AICL,Output_3,0.016933,0.336199
INSURANCE,AICL,Output_4,0.042867,-0.11085
INSURANCE,ALAC,Output_1,0.008772,0.72882
INSURANCE,ALAC,Output_2,0.010347,0.678599
INSURANCE,ALAC,Output_3,0.012639,0.595373
INSURANCE,ALAC,Output_4,0.023655,0.096467
INSURANCE,ALIFE,Output_1,0.024528,0.619332
INSURANCE,ALIFE,Output_2,0.025906,0.600709
INSURANCE,ALIFE,Output_3,0.036895,0.436058
INSURANCE,ALIFE,Output_4,0.078697,-0.747658
INSURANCE,ATIL,Output_1,0.024194,0.722122
INSURANCE,ATIL,Output_2,0.025886,0.701956
INSURANCE,ATIL,Output_3,0.03786,0.56049
INSURANCE,ATIL,Output_4,0.099805,-0.199404
INSURANCE,CENI,Output_1,0.006828,0.366469
INSURANCE,CENI,Output_2,0.007003,0.383949
INSURANCE,CENI,Output_3,0.009944,0.326204
INSURANCE,CENI,Output_4,0.058094,0.148536
INSURANCE,CSIL,Output_1,0.019392,0.589662
INSURANCE,CSIL,Output_2,0.020563,0.564422
INSURANCE,CSIL,Output_3,0.025244,0.459626
INSURANCE,CSIL,Output_4,0.049805,-0.026639
INSURANCE,EFUG,Output_1,0.006301,0.847916
INSURANCE,EFUG,Output_2,0.008155,0.801507
INSURANCE,EFUG,Output_3,0.014727,0.636954
INSURANCE,EFUG,Output_4,0.054937,-0.145757
INSURANCE,EFUL,Output_1,0.012108,-0.432145
INSURANCE,EFUL,Output_2,0.012226,-0.469899
INSURANCE,EFUL,Output_3,0.017687,-1.151017
INSURANCE,EFUL,Output_4,0.056528,-1.201979
INSURANCE,HICL,Output_1,0.008606,0.655751
INSURANCE,HICL,Output_2,0.010027,0.59083
INSURANCE,HICL,Output_3,0.013101,0.423039
INSURANCE,HICL,Output_4,0.038444,-0.136583
INSURANCE,IGIHL,Output_1,0.008458,0.833632
INSURANCE,IGIHL,Output_2,0.008662,0.828139
INSURANCE,IGIHL,Output_3,0.012346,0.743549
INSURANCE,IGIHL,Output_4,0.035528,0.101011
INSURANCE,IGIL,Output_1,0.020565,0.787034
INSURANCE,IGIL,Output_2,0.021281,0.776015
INSURANCE,IGIL,Output_3,0.026023,0.700373
INSURANCE,IGIL,Output_4,0.044692,-0.379438
INSURANCE,JGICL,Output_1,0.019373,0.510171
INSURANCE,JGICL,Output_2,0.019633,0.502741
INSURANCE,JGICL,Output_3,0.02518,0.356857
INSURANCE,JGICL,Output_4,0.06703,-0.179168
INSURANCE,JLICL,Output_1,0.006333,0.88356
INSURANCE,JLICL,Output_2,0.006506,0.877175
INSURANCE,JLICL,Output_3,0.00898,0.81252
INSURANCE,JLICL,Output_4,0.031997,-0.448526
INSURANCE,PAKRI,Output_1,0.013684,0.858555
INSURANCE,PAKRI,Output_2,0.014304,0.850687
INSURANCE,PAKRI,Output_3,0.020822,0.772918
INSURANCE,PAKRI,Output_4,0.045368,0.254494
INSURANCE,PIL,Output_1,0.011603,0.435613
INSURANCE,PIL,Output_2,0.011887,0.423548
INSURANCE,PIL,Output_3,0.014899,0.281947
INSURANCE,PIL,Output_4,0.041806,-0.18974
INSURANCE,PINL,Output_1,0.03147,0.214173
INSURANCE,PINL,Output_2,0.030013,0.247643
INSURANCE,PINL,Output_3,0.035871,0.089521
INSURANCE,PINL,Output_4,0.038309,-0.164313
INSURANCE,PKGI,Output_1,0.020225,0.420642
INSURANCE,PKGI,Output_2,0.021277,0.40055
INSURANCE,PKGI,Output_3,0.02704,0.284724
INSURANCE,PKGI,Output_4,0.035957,0.000332
INSURANCE,RICL,Output_1,0.005666,0.485295
INSURANCE,RICL,Output_2,0.004851,0.571877
INSURANCE,RICL,Output_3,0.006128,0.536423
INSURANCE,RICL,Output_4,0.029678,0.206879
INSURANCE,SHNI,Output_1,0.00791,0.488271
INSURANCE,SHNI,Output_2,0.00778,0.501592
INSURANCE,SHNI,Output_3,0.010896,0.360681
INSURANCE,SHNI,Output_4,0.046767,0.04223
INSURANCE,TPLI,Output_1,0.013598,0.753204
INSURANCE,TPLI,Output_2,0.015668,0.718047
INSURANCE,TPLI,Output_3,0.020866,0.633646
INSURANCE,TPLI,Output_4,0.038994,0.053291
INSURANCE,UNIC,Output_1,0.008451,0.734829
INSURANCE,UNIC,Output_2,0.006183,0.812955
INSURANCE,UNIC,Output_3,0.008653,0.766124
INSURANCE,UNIC,Output_4,0.039683,0.409583
INSURANCE,UVIC,Output_1,0.017567,0.214508
INSURANCE,UVIC,Output_2,0.015516,0.312318
INSURANCE,UVIC,Output_3,0.020365,0.167658
INSURANCE,UVIC,Output_4,0.0596,-0.119581
AUTOMOBILE PARTS & ACCESSORIES,AGIL,Output_1,0.00662,0.922564
AUTOMOBILE PARTS & ACCESSORIES,AGIL,Output_2,0.006966,0.918264
AUTOMOBILE PARTS & ACCESSORIES,AGIL,Output_3,0.007546,0.909849
AUTOMOBILE PARTS & ACCESSORIES,AGIL,Output_4,0.025736,0.584248
AUTOMOBILE PARTS & ACCESSORIES,ATBA,Output_1,0.009699,0.701089
AUTOMOBILE PARTS & ACCESSORIES,ATBA,Output_2,0.01059,0.676898
AUTOMOBILE PARTS & ACCESSORIES,ATBA,Output_3,0.014262,0.589295
AUTOMOBILE PARTS & ACCESSORIES,ATBA,Output_4,0.029277,0.350578
AUTOMOBILE PARTS & ACCESSORIES,BELA,Output_1,0.008594,0.230336
AUTOMOBILE PARTS & ACCESSORIES,BELA,Output_2,0.022161,0.040576
AUTOMOBILE PARTS & ACCESSORIES,BELA,Output_3,0.036079,-0.349592
AUTOMOBILE PARTS & ACCESSORIES,BELA,Output_4,0.014673,-7.937314
AUTOMOBILE PARTS & ACCESSORIES,BWHL,Output_1,0.01664,0.751301
AUTOMOBILE PARTS & ACCESSORIES,BWHL,Output_2,0.017837,0.733466
AUTOMOBILE PARTS & ACCESSORIES,BWHL,Output_3,0.019381,0.710238
AUTOMOBILE PARTS & ACCESSORIES,BWHL,Output_4,0.072471,-0.084895
AUTOMOBILE PARTS & ACCESSORIES,DWAE,Output_1,0.034072,
AUTOMOBILE PARTS & ACCESSORIES,DWAE,Output_2,0.02945,
AUTOMOBILE PARTS & ACCESSORIES,DWAE,Output_3,0.031632,
AUTOMOBILE PARTS & ACCESSORIES,DWAE,Output_4,0.039785,
AUTOMOBILE PARTS & ACCESSORIES,EXIDE,Output_1,0.017453,0.548886
AUTOMOBILE PARTS & ACCESSORIES,EXIDE,Output_2,0.018828,0.524031
AUTOMOBILE PARTS & ACCESSORIES,EXIDE,Output_3,0.02411,0.45994
AUTOMOBILE PARTS & ACCESSORIES,EXIDE,Output_4,0.042333,0.359659
AUTOMOBILE PARTS & ACCESSORIES,GTYR,Output_1,0.011627,0.8538
AUTOMOBILE PARTS & ACCESSORIES,GTYR,Output_2,0.01264,0.840814
AUTOMOBILE PARTS & ACCESSORIES,GTYR,Output_3,0.016145,0.794027
AUTOMOBILE PARTS & ACCESSORIES,GTYR,Output_4,0.029676,0.40889
AUTOMOBILE PARTS & ACCESSORIES,LOADS,Output_1,0.009617,0.825804
AUTOMOBILE PARTS & ACCESSORIES,LOADS,Output_2,0.010385,0.810824
AUTOMOBILE PARTS & ACCESSORIES,LOADS,Output_3,0.014975,0.718922
AUTOMOBILE PARTS & ACCESSORIES,LOADS,Output_4,0.036832,0.302349
AUTOMOBILE PARTS & ACCESSORIES,PTL,Output_1,0.013008,0.678314
AUTOMOBILE PARTS & ACCESSORIES,PTL,Output_2,0.013664,0.643817
AUTOMOBILE PARTS & ACCESSORIES,PTL,Output_3,0.016556,0.437875
AUTOMOBILE PARTS & ACCESSORIES,PTL,Output_4,0.032846,-0.696902
AUTOMOBILE PARTS & ACCESSORIES,TBL,Output_1,0.009429,-1.090459
AUTOMOBILE PARTS & ACCESSORIES,TBL,Output_2,0.00904,-1.163852
AUTOMOBILE PARTS & ACCESSORIES,TBL,Output_3,0.01016,-2.067437
AUTOMOBILE PARTS & ACCESSORIES,TBL,Output_4,0.004709,-2.297911
AUTOMOBILE PARTS & ACCESSORIES,THALL,Output_1,0.020909,0.704345
AUTOMOBILE PARTS & ACCESSORIES,THALL,Output_2,0.022019,0.688659
AUTOMOBILE PARTS & ACCESSORIES,THALL,Output_3,0.026888,0.62209
AUTOMOBILE PARTS & ACCESSORIES,THALL,Output_4,0.083215,-0.24638
FERTILIZER,AGL,Output_1,0.001539,0.883423
FERTILIZER,AGL,Output_2,0.001655,0.88024
FERTILIZER,AGL,Output_3,0.003404,0.797919
FERTILIZER,AGL,Output_4,0.016982,0.669471
FERTILIZER,AHCL,Output_1,0.001802,0.638216
FERTILIZER,AHCL,Output_2,0.001464,0.72266
FERTILIZER,AHCL,Output_3,0.002377,0.63668
FERTILIZER,AHCL,Output_4,0.024262,-0.044839
FERTILIZER,EFERT,Output_1,0.003067,0.911356
FERTILIZER,EFERT,Output_2,0.003542,0.900729
FERTILIZER,EFERT,Output_3,0.006756,0.833182
FERTILIZER,EFERT,Output_4,0.018056,0.743715
FERTILIZER,FATIMA,Output_1,0.003048,0.785216
FERTILIZER,FATIMA,Output_2,0.003,0.798645
FERTILIZER,FATIMA,Output_3,0.004829,0.73157
FERTILIZER,FATIMA,Output_4,0.03159,0.468369
FERTILIZER,FFC,Output_1,0.001757,0.759775
FERTILIZER,FFC,Output_2,0.002275,0.727574
FERTILIZER,FFC,Output_3,0.004753,0.636732
FERTILIZER,FFC,Output_4,0.051961,0.282841
AUTOMOBILE ASSEMBLER,AGTL,Output_1,0.008274,0.121238
AUTOMOBILE ASSEMBLER,AGTL,Output_2,0.007958,0.165782
AUTOMOBILE ASSEMBLER,AGTL,Output_3,0.009046,0.097849
AUTOMOBILE ASSEMBLER,AGTL,Output_4,0.033533,-0.005129
AUTOMOBILE ASSEMBLER,ATLH,Output_1,0.00403,0.716734
AUTOMOBILE ASSEMBLER,ATLH,Output_2,0.004063,0.732575
AUTOMOBILE ASSEMBLER,ATLH,Output_3,0.008421,0.569432
AUTOMOBILE ASSEMBLER,ATLH,Output_4,0.040328,0.219418
AUTOMOBILE ASSEMBLER,DFML,Output_1,0.012671,0.759555
AUTOMOBILE ASSEMBLER,DFML,Output_2,0.015558,0.710621
AUTOMOBILE ASSEMBLER,DFML,Output_3,0.019144,0.67098
AUTOMOBILE ASSEMBLER,DFML,Output_4,0.053221,0.382816
AUTOMOBILE ASSEMBLER,GAL,Output_1,0.00573,0.617052
AUTOMOBILE ASSEMBLER,GAL,Output_2,0.005959,0.609706
AUTOMOBILE ASSEMBLER,GAL,Output_3,0.006833,0.602269
AUTOMOBILE ASSEMBLER,GAL,Output_4,0.027269,0.565645
AUTOMOBILE ASSEMBLER,GHNI,Output_1,0.01028,0.256185
AUTOMOBILE ASSEMBLER,GHNI,Output_2,0.006895,0.511145
AUTOMOBILE ASSEMBLER,GHNI,Output_3,0.010325,0.333205
AUTOMOBILE ASSEMBLER,GHNI,Output_4,0.030897,0.430615
AUTOMOBILE ASSEMBLER,HCAR,Output_1,0.013411,0.771164
AUTOMOBILE ASSEMBLER,HCAR,Output_2,0.017737,0.697032
AUTOMOBILE ASSEMBLER,HCAR,Output_3,0.018196,0.687206
AUTOMOBILE ASSEMBLER,HCAR,Output_4,0.041052,0.285057
AUTOMOBILE ASSEMBLER,HINO,Output_1,0.012936,0.485351
AUTOMOBILE ASSEMBLER,HINO,Output_2,0.012725,0.490884
AUTOMOBILE ASSEMBLER,HINO,Output_3,0.015752,0.354529
AUTOMOBILE ASSEMBLER,HINO,Output_4,0.023932,0.067142
AUTOMOBILE ASSEMBLER,INDU,Output_1,0.008471,0.713608
AUTOMOBILE ASSEMBLER,INDU,Output_2,0.011204,0.632935
AUTOMOBILE ASSEMBLER,INDU,Output_3,0.014836,0.583369
AUTOMOBILE ASSEMBLER,INDU,Output_4,0.054919,0.181373
AUTOMOBILE ASSEMBLER,MTL,Output_1,0.016132,0.761802
AUTOMOBILE ASSEMBLER,MTL,Output_2,0.018703,0.724444
AUTOMOBILE ASSEMBLER,MTL,Output_3,0.020811,0.694035
AUTOMOBILE ASSEMBLER,MTL,Output_4,0.035324,0.302862
AUTOMOBILE ASSEMBLER,SAZEW,Output_1,0.014227,0.682054
AUTOMOBILE ASSEMBLER,SAZEW,Output_2,0.019999,0.566881
AUTOMOBILE ASSEMBLER,SAZEW,Output_3,0.021919,0.585244
AUTOMOBILE ASSEMBLER,SAZEW,Output_4,0.063728,0.322954
TECHNOLOGY & COMMUNICATION,AIRLINK,Output_1,0.002483,0.904475
TECHNOLOGY & COMMUNICATION,AIRLINK,Output_2,0.002765,0.896557
TECHNOLOGY & COMMUNICATION,AIRLINK,Output_3,0.003463,0.885644
TECHNOLOGY & COMMUNICATION,AIRLINK,Output_4,0.025634,0.699724
TECHNOLOGY & COMMUNICATION,AVN,Output_1,0.010952,0.718045
TECHNOLOGY & COMMUNICATION,AVN,Output_2,0.011542,0.704152
TECHNOLOGY & COMMUNICATION,AVN,Output_3,0.014405,0.63554
TECHNOLOGY & COMMUNICATION,AVN,Output_4,0.026734,0.330047
TECHNOLOGY & COMMUNICATION,GEMSPNL,Output_1,0.011707,-0.333551
TECHNOLOGY & COMMUNICATION,GEMSPNL,Output_2,0.013815,-0.861509
TECHNOLOGY & COMMUNICATION,GEMSPNL,Output_3,0.020931,-2.365583
TECHNOLOGY & COMMUNICATION,GEMSPNL,Output_4,0.088025,-0.436563
TECHNOLOGY & COMMUNICATION,HUMNL,Output_1,0.013286,0.314158
TECHNOLOGY & COMMUNICATION,HUMNL,Output_2,0.014298,0.30133
TECHNOLOGY & COMMUNICATION,HUMNL,Output_3,0.021108,0.226181
TECHNOLOGY & COMMUNICATION,HUMNL,Output_4,0.060322,-0.103504
TECHNOLOGY & COMMUNICATION,MDTL,Output_1,0.021567,0.500128
TECHNOLOGY & COMMUNICATION,MDTL,Output_2,0.023428,0.455192
TECHNOLOGY & COMMUNICATION,MDTL,Output_3,0.031596,0.250388
TECHNOLOGY & COMMUNICATION,MDTL,Output_4,0.050188,-0.407214
TECHNOLOGY & COMMUNICATION,NETSOL,Output_1,0.013394,0.5246
TECHNOLOGY & COMMUNICATION,NETSOL,Output_2,0.014165,0.493382
TECHNOLOGY & COMMUNICATION,NETSOL,Output_3,0.018466,0.320533
TECHNOLOGY & COMMUNICATION,NETSOL,Output_4,0.017334,-0.460128
TECHNOLOGY & COMMUNICATION,OCTOPUS,Output_1,0.02546,0.527744
TECHNOLOGY & COMMUNICATION,OCTOPUS,Output_2,0.027685,0.484058
TECHNOLOGY & COMMUNICATION,OCTOPUS,Output_3,0.041839,0.193647
TECHNOLOGY & COMMUNICATION,OCTOPUS,Output_4,0.069046,-0.35413
TECHNOLOGY & COMMUNICATION,PAKD,Output_1,0.01343,0.349858
TECHNOLOGY & COMMUNICATION,PAKD,Output_2,0.013842,0.317372
TECHNOLOGY & COMMUNICATION,PAKD,Output_3,0.014474,0.163219
TECHNOLOGY & COMMUNICATION,PAKD,Output_4,0.029674,-0.216068
TECHNOLOGY & COMMUNICATION,PTC,Output_1,0.004299,0.700432
TECHNOLOGY & COMMUNICATION,PTC,Output_2,0.005113,0.649973
TECHNOLOGY & COMMUNICATION,PTC,Output_3,0.007668,0.536342
TECHNOLOGY & COMMUNICATION,PTC,Output_4,0.046508,0.187628
TECHNOLOGY & COMMUNICATION,STL,Output_1,0.063803,-0.393976
TECHNOLOGY & COMMUNICATION,STL,Output_2,0.068746,-0.550639
TECHNOLOGY & COMMUNICATION,STL,Output_3,0.079136,-0.981873
TECHNOLOGY & COMMUNICATION,STL,Output_4,0.086649,-10.822201
TECHNOLOGY & COMMUNICATION,SYM,Output_1,0.007343,0.610214
TECHNOLOGY & COMMUNICATION,SYM,Output_2,0.00882,0.54989
TECHNOLOGY & COMMUNICATION,SYM,Output_3,0.01125,0.486648
TECHNOLOGY & COMMUNICATION,SYM,Output_4,0.094603,-0.899412
TECHNOLOGY & COMMUNICATION,SYS,Output_1,0.017258,0.510327
TECHNOLOGY & COMMUNICATION,SYS,Output_2,0.020789,0.404146
TECHNOLOGY & COMMUNICATION,SYS,Output_3,0.0245,0.27181
TECHNOLOGY & COMMUNICATION,SYS,Output_4,0.049015,-0.467444
TECHNOLOGY & COMMUNICATION,TELE,Output_1,0.008873,0.773333
TECHNOLOGY & COMMUNICATION,TELE,Output_2,0.010241,0.735359
TECHNOLOGY & COMMUNICATION,TELE,Output_3,0.014839,0.59593
TECHNOLOGY & COMMUNICATION,TELE,Output_4,0.028216,0.039686
TECHNOLOGY & COMMUNICATION,TPL,Output_1,0.020893,0.585808
TECHNOLOGY & COMMUNICATION,TPL,Output_2,0.022041,0.563537
TECHNOLOGY & COMMUNICATION,TPL,Output_3,0.031087,0.387275
TECHNOLOGY & COMMUNICATION,TPL,Output_4,0.052719,0.000512
TECHNOLOGY & COMMUNICATION,TPLT,Output_1,0.018035,0.602892
TECHNOLOGY & COMMUNICATION,TPLT,Output_2,0.019146,0.578638
TECHNOLOGY & COMMUNICATION,TPLT,Output_3,0.028087,0.383842
TECHNOLOGY & COMMUNICATION,TPLT,Output_4,0.035652,0.138164
TECHNOLOGY & COMMUNICATION,TRG,Output_1,0.022721,0.509711
TECHNOLOGY & COMMUNICATION,TRG,Output_2,0.023276,0.496932
TECHNOLOGY & COMMUNICATION,TRG,Output_3,0.029219,0.361463
TECHNOLOGY & COMMUNICATION,TRG,Output_4,0.02413,0.468614
TECHNOLOGY & COMMUNICATION,WTL,Output_1,0.022336,0.434358
TECHNOLOGY & COMMUNICATION,WTL,Output_2,0.023453,0.405367
TECHNOLOGY & COMMUNICATION,WTL,Output_3,0.031744,0.18976
TECHNOLOGY & COMMUNICATION,WTL,Output_4,0.047433,-0.254467
MISCELLANEOUS,AKDHL,Output_1,0.010041,-0.351002
MISCELLANEOUS,AKDHL,Output_2,0.012051,-0.803291
MISCELLANEOUS,AKDHL,Output_3,0.015666,-2.411286
MISCELLANEOUS,AKDHL,Output_4,0.023595,-7.588581
MISCELLANEOUS,ARPAK,Output_1,0.014189,-0.017774
MISCELLANEOUS,ARPAK,Output_2,0.016228,0.002617
MISCELLANEOUS,ARPAK,Output_3,0.027533,-0.051864
MISCELLANEOUS,ARPAK,Output_4,0.020064,-4.904111
MISCELLANEOUS,ECOP,Output_1,0.01227,0.71941
MISCELLANEOUS,ECOP,Output_2,0.013563,0.689286
MISCELLANEOUS,ECOP,Output_3,0.019074,0.564036
MISCELLANEOUS,ECOP,Output_4,0.034678,0.080775
MISCELLANEOUS,GAMON,Output_1,0.013099,0.430476
MISCELLANEOUS,GAMON,Output_2,0.01552,0.40347
MISCELLANEOUS,GAMON,Output_3,0.025286,0.30018
MISCELLANEOUS,GAMON,Output_4,0.055463,-0.035186
MISCELLANEOUS,MWMP,Output_1,0.0064,
MISCELLANEOUS,MWMP,Output_2,0.001176,
MISCELLANEOUS,MWMP,Output_3,0.000574,
MISCELLANEOUS,MWMP,Output_4,0.049826,
MISCELLANEOUS,OML,Output_1,0.025072,-0.535689
MISCELLANEOUS,OML,Output_2,0.025522,-0.650134
MISCELLANEOUS,OML,Output_3,0.030963,-1.660136
MISCELLANEOUS,OML,Output_4,0.069017,-0.806845
MISCELLANEOUS,PABC,Output_1,0.003694,0.836736
MISCELLANEOUS,PABC,Output_2,0.003847,0.83176
MISCELLANEOUS,PABC,Output_3,0.005588,0.769241
MISCELLANEOUS,PABC,Output_4,0.031724,0.407932
MISCELLANEOUS,PSEL,Output_1,0.035647,0.275446
MISCELLANEOUS,PSEL,Output_2,0.033384,0.268185
MISCELLANEOUS,PSEL,Output_3,0.020556,0.070713
MISCELLANEOUS,PSEL,Output_4,0.009213,-0.989071
MISCELLANEOUS,SHFA,Output_1,0.002706,0.697679
MISCELLANEOUS,SHFA,Output_2,0.003288,0.646655
MISCELLANEOUS,SHFA,Output_3,0.009014,0.328957
MISCELLANEOUS,SHFA,Output_4,0.05427,0.017607
MISCELLANEOUS,STPL,Output_1,0.010732,0.816952
MISCELLANEOUS,STPL,Output_2,0.011321,0.80783
MISCELLANEOUS,STPL,Output_3,0.014947,0.749073
MISCELLANEOUS,STPL,Output_4,0.025577,0.349954
MISCELLANEOUS,TRIPF,Output_1,0.016292,0.70472
MISCELLANEOUS,TRIPF,Output_2,0.015201,0.725709
MISCELLANEOUS,TRIPF,Output_3,0.01874,0.665826
MISCELLANEOUS,TRIPF,Output_4,0.040355,0.286339
MISCELLANEOUS,UBDL,Output_1,0.009703,0.826596
MISCELLANEOUS,UBDL,Output_2,0.00971,0.825156
MISCELLANEOUS,UBDL,Output_3,0.011722,0.780506
MISCELLANEOUS,UBDL,Output_4,0.032763,-0.128985
MISCELLANEOUS,UDPL,Output_1,0.037423,0.186308
MISCELLANEOUS,UDPL,Output_2,0.039457,0.139194
MISCELLANEOUS,UDPL,Output_3,0.047924,-0.088425
MISCELLANEOUS,UDPL,Output_4,0.098072,-1.1164
POWER GENERATION & DISTRIBUTION,ALTN,Output_1,0.015088,0.218703
POWER GENERATION & DISTRIBUTION,ALTN,Output_2,0.010227,0.467278
POWER GENERATION & DISTRIBUTION,ALTN,Output_3,0.017829,0.048732
POWER GENERATION & DISTRIBUTION,ALTN,Output_4,0.043877,-1.939299
POWER GENERATION & DISTRIBUTION,EPQL,Output_1,0.01691,0.423881
POWER GENERATION & DISTRIBUTION,EPQL,Output_2,0.015436,0.472535
POWER GENERATION & DISTRIBUTION,EPQL,Output_3,0.019109,0.341803
POWER GENERATION & DISTRIBUTION,EPQL,Output_4,0.019772,0.36767
POWER GENERATION & DISTRIBUTION,HUBC,Output_1,0.008109,0.856992
POWER GENERATION & DISTRIBUTION,HUBC,Output_2,0.010629,0.812722
POWER GENERATION & DISTRIBUTION,HUBC,Output_3,0.01742,0.696053
POWER GENERATION & DISTRIBUTION,HUBC,Output_4,0.048138,0.335277
POWER GENERATION & DISTRIBUTION,KAPCO,Output_1,0.01954,0.516863
POWER GENERATION & DISTRIBUTION,KAPCO,Output_2,0.016797,0.583722
POWER GENERATION & DISTRIBUTION,KAPCO,Output_3,0.024175,0.399591
POWER GENERATION & DISTRIBUTION,KAPCO,Output_4,0.03661,-0.043414
POWER GENERATION & DISTRIBUTION,KEL,Output_1,0.01929,0.469544
POWER GENERATION & DISTRIBUTION,KEL,Output_2,0.014559,0.601377
POWER GENERATION & DISTRIBUTION,KEL,Output_3,0.022045,0.424012
POWER GENERATION & DISTRIBUTION,KEL,Output_4,0.049175,-0.056943
POWER GENERATION & DISTRIBUTION,KOHE,Output_1,0.012969,-0.061001
POWER GENERATION & DISTRIBUTION,KOHE,Output_2,0.012566,0.024577
POWER GENERATION & DISTRIBUTION,KOHE,Output_3,0.018152,-0.168336
POWER GENERATION & DISTRIBUTION,KOHE,Output_4,0.027571,0.01705
POWER GENERATION & DISTRIBUTION,KOHP,Output_1,0.017415,0.036178
POWER GENERATION & DISTRIBUTION,KOHP,Output_2,0.013193,0.27775
POWER GENERATION & DISTRIBUTION,KOHP,Output_3,0.016582,0.138
POWER GENERATION & DISTRIBUTION,KOHP,Output_4,0.030445,-0.281311
POWER GENERATION & DISTRIBUTION,LPL,Output_1,0.015885,0.486655
POWER GENERATION & DISTRIBUTION,LPL,Output_2,0.01395,0.54774
POWER GENERATION & DISTRIBUTION,LPL,Output_3,0.015567,0.496549
POWER GENERATION & DISTRIBUTION,LPL,Output_4,0.029383,0.329037
POWER GENERATION & DISTRIBUTION,NCPL,Output_1,0.011117,0.822267
POWER GENERATION & DISTRIBUTION,NCPL,Output_2,0.011516,0.817864
POWER GENERATION & DISTRIBUTION,NCPL,Output_3,0.017567,0.742067
POWER GENERATION & DISTRIBUTION,NCPL,Output_4,0.045639,0.391602
POWER GENERATION & DISTRIBUTION,NPL,Output_1,0.012293,0.805927
POWER GENERATION & DISTRIBUTION,NPL,Output_2,0.013748,0.783685
POWER GENERATION & DISTRIBUTION,NPL,Output_3,0.020118,0.690534
POWER GENERATION & DISTRIBUTION,NPL,Output_4,0.061268,0.291926
POWER GENERATION & DISTRIBUTION,PKGP,Output_1,0.008469,0.737102
POWER GENERATION & DISTRIBUTION,PKGP,Output_2,0.006251,0.812874
POWER GENERATION & DISTRIBUTION,PKGP,Output_3,0.007445,0.808719
POWER GENERATION & DISTRIBUTION,PKGP,Output_4,0.038269,0.485417
POWER GENERATION & DISTRIBUTION,SGPL,Output_1,0.017366,0.07217
POWER GENERATION & DISTRIBUTION,SGPL,Output_2,0.013692,0.277073
POWER GENERATION & DISTRIBUTION,SGPL,Output_3,0.016932,0.121877
POWER GENERATION & DISTRIBUTION,SGPL,Output_4,0.024725,-0.140285
POWER GENERATION & DISTRIBUTION,SPWL,Output_1,0.018237,-0.23574
POWER GENERATION & DISTRIBUTION,SPWL,Output_2,0.012752,0.169209
POWER GENERATION & DISTRIBUTION,SPWL,Output_3,0.01765,-0.026995
POWER GENERATION & DISTRIBUTION,SPWL,Output_4,0.024434,-0.028712
POWER GENERATION & DISTRIBUTION,TSPL,Output_1,0.02267,0.373776
POWER GENERATION & DISTRIBUTION,TSPL,Output_2,0.018565,0.485133
POWER GENERATION & DISTRIBUTION,TSPL,Output_3,0.027711,0.217012
POWER GENERATION & DISTRIBUTION,TSPL,Output_4,0.041511,-0.24365
OIL & GAS MARKETING COMPANIES,APL,Output_1,0.006951,0.660125
OIL & GAS MARKETING COMPANIES,APL,Output_2,0.007899,0.623132
OIL & GAS MARKETING COMPANIES,APL,Output_3,0.011279,0.51397
OIL & GAS MARKETING COMPANIES,APL,Output_4,0.03729,0.216427
OIL & GAS MARKETING COMPANIES,BPL,Output_1,0.01358,0.530018
OIL & GAS MARKETING COMPANIES,BPL,Output_2,0.014401,0.497341
OIL & GAS MARKETING COMPANIES,BPL,Output_3,0.020258,0.284462
OIL & GAS MARKETING COMPANIES,BPL,Output_4,0.026179,0.187893
OIL & GAS MARKETING COMPANIES,HASCOL,Output_1,0.004859,0.77112
OIL & GAS MARKETING COMPANIES,HASCOL,Output_2,0.004784,0.764357
OIL & GAS MARKETING COMPANIES,HASCOL,Output_3,0.005049,0.712644
OIL & GAS MARKETING COMPANIES,HASCOL,Output_4,0.017627,-0.237206
OIL & GAS MARKETING COMPANIES,HTL,Output_1,0.012881,0.748622
OIL & GAS MARKETING COMPANIES,HTL,Output_2,0.014215,0.722564
OIL & GAS MARKETING COMPANIES,HTL,Output_3,0.019801,0.613597
OIL & GAS MARKETING COMPANIES,HTL,Output_4,0.028303,0.272365
OIL & GAS MARKETING COMPANIES,OBOY,Output_1,0.019149,0.315079
OIL & GAS MARKETING COMPANIES,OBOY,Output_2,0.021018,0.248867
OIL & GAS MARKETING COMPANIES,OBOY,Output_3,0.025926,0.074443
OIL & GAS MARKETING COMPANIES,OBOY,Output_4,0.007616,-1.180658
OIL & GAS MARKETING COMPANIES,PSO,Output_1,0.002625,0.763352
OIL & GAS MARKETING COMPANIES,PSO,Output_2,0.002943,0.736443
OIL & GAS MARKETING COMPANIES,PSO,Output_3,0.004225,0.645389
OIL & GAS MARKETING COMPANIES,PSO,Output_4,0.042055,0.048437
OIL & GAS MARKETING COMPANIES,SNGP,Output_1,0.00402,0.756575
OIL & GAS MARKETING COMPANIES,SNGP,Output_2,0.004614,0.725784
OIL & GAS MARKETING COMPANIES,SNGP,Output_3,0.00736,0.614523
OIL & GAS MARKETING COMPANIES,SNGP,Output_4,0.036803,0.250758
OIL & GAS MARKETING COMPANIES,SSGC,Output_1,0.001908,0.141062
OIL & GAS MARKETING COMPANIES,SSGC,Output_2,0.002473,-0.135648
OIL & GAS MARKETING COMPANIES,SSGC,Output_3,0.003822,-0.163312
OIL & GAS MARKETING COMPANIES,SSGC,Output_4,0.052531,-0.107225
OIL & GAS MARKETING COMPANIES,WAFI,Output_1,0.007968,0.754609
OIL & GAS MARKETING COMPANIES,WAFI,Output_2,0.008888,0.721097
OIL & GAS MARKETING COMPANIES,WAFI,Output_3,0.011981,0.571221
OIL & GAS MARKETING COMPANIES,WAFI,Output_4,0.031313,-0.58555
CHEMICAL,ARPL,Output_1,0.015651,0.730043
CHEMICAL,ARPL,Output_2,0.016901,0.714109
CHEMICAL,ARPL,Output_3,0.020646,0.664758
CHEMICAL,ARPL,Output_4,0.041848,0.275781
CHEMICAL,BAPL,Output_1,0.012958,0.643402
CHEMICAL,BAPL,Output_2,0.014728,0.600196
CHEMICAL,BAPL,Output_3,0.020511,0.478477
CHEMICAL,BAPL,Output_4,0.051232,0.051014
CHEMICAL,BERG,Output_1,0.011867,0.331857
CHEMICAL,BERG,Output_2,0.012567,0.292526
CHEMICAL,BERG,Output_3,0.013809,0.23539
CHEMICAL,BERG,Output_4,0.025437,-0.221944
CHEMICAL,BIFO,Output_1,0.011437,0.68021
CHEMICAL,BIFO,Output_2,0.012659,0.639969
CHEMICAL,BIFO,Output_3,0.015743,0.525264
CHEMICAL,BIFO,Output_4,0.054683,-0.027378
CHEMICAL,BUXL,Output_1,0.01291,0.065851
CHEMICAL,BUXL,Output_2,0.013377,0.034358
CHEMICAL,BUXL,Output_3,0.015311,-0.090029
CHEMICAL,BUXL,Output_4,0.019311,-0.513577
CHEMICAL,DAAG,Output_1,0.01299,0.309545
CHEMICAL,DAAG,Output_2,0.01402,0.256079
CHEMICAL,DAAG,Output_3,0.017807,0.06019
CHEMICAL,DAAG,Output_4,0.020928,-0.033305
CHEMICAL,DOL,Output_1,0.010699,0.443905
CHEMICAL,DOL,Output_2,0.010579,0.417245
CHEMICAL,DOL,Output_3,0.011411,0.310144
CHEMICAL,DOL,Output_4,0.019884,-1.498031
CHEMICAL,DYNO,Output_1,0.016307,0.501709
CHEMICAL,DYNO,Output_2,0.0181,0.446527
CHEMICAL,DYNO,Output_3,0.023211,0.289238
CHEMICAL,DYNO,Output_4,0.041763,-0.297347
CHEMICAL,EPCL,Output_1,0.01274,0.547513
CHEMICAL,EPCL,Output_2,0.014025,0.506902
CHEMICAL,EPCL,Output_3,0.018475,0.364501
CHEMICAL,EPCL,Output_4,0.036633,-0.081691
CHEMICAL,GCIL,Output_1,0.005054,-1.567442
CHEMICAL,GCIL,Output_2,0.005319,-1.653757
CHEMICAL,GCIL,Output_3,0.006552,-1.153399
CHEMICAL,GCIL,Output_4,0.017556,0.030312
CHEMICAL,GGL,Output_1,0.012405,0.808154
CHEMICAL,GGL,Output_2,0.014511,0.776034
CHEMICAL,GGL,Output_3,0.022729,0.65097
CHEMICAL,GGL,Output_4,0.047795,0.263933
CHEMICAL,ICL,Output_1,0.007058,0.468946
CHEMICAL,ICL,Output_2,0.00731,0.451185
CHEMICAL,ICL,Output_3,0.008277,0.415864
CHEMICAL,ICL,Output_4,0.035543,0.274379
CHEMICAL,LCI,Output_1,0.006082,0.621375
CHEMICAL,LCI,Output_2,0.006579,0.60848
CHEMICAL,LCI,Output_3,0.008375,0.575927
CHEMICAL,LCI,Output_4,0.03846,0.117843
CHEMICAL,LOTCHEM,Output_1,0.015004,0.709364
CHEMICAL,LOTCHEM,Output_2,0.01663,0.675175
CHEMICAL,LOTCHEM,Output_3,0.022436,0.546864
CHEMICAL,LOTCHEM,Output_4,0.041206,0.052314
CHEMICAL,LPGL,Output_1,0.017162,0.505708
CHEMICAL,LPGL,Output_2,0.019035,0.461451
CHEMICAL,LPGL,Output_3,0.026321,0.279257
CHEMICAL,LPGL,Output_4,0.037572,-0.028342
CHEMICAL,NICL,Output_1,0.016313,0.518894
CHEMICAL,NICL,Output_2,0.018961,0.440813
CHEMICAL,NICL,Output_3,0.02772,0.194468
CHEMICAL,NICL,Output_4,0.074404,-0.842801
CHEMICAL,NRSL,Output_1,0.0081,0.433726
CHEMICAL,NRSL,Output_2,0.008682,0.387578
CHEMICAL,NRSL,Output_3,0.010681,0.22693
CHEMICAL,NRSL,Output_4,0.024937,-0.249614
CHEMICAL,PAKOXY,Output_1,0.023336,0.682947
CHEMICAL,PAKOXY,Output_2,0.025551,0.652645
CHEMICAL,PAKOXY,Output_3,0.03467,0.523406
CHEMICAL,PAKOXY,Output_4,0.049358,0.256866
CHEMICAL,SARC,Output_1,0.05662,-0.30989
CHEMICAL,SARC,Output_2,0.05976,-0.40604
CHEMICAL,SARC,Output_3,0.066739,-0.659259
CHEMICAL,SARC,Output_4,0.061487,-0.720291
CHEMICAL,SITC,Output_1,0.022545,0.442057
CHEMICAL,SITC,Output_2,0.024359,0.396553
CHEMICAL,SITC,Output_3,0.031508,0.21587
CHEMICAL,SITC,Output_4,0.058869,-0.428638
CHEMICAL,SPL,Output_1,0.014949,0.718533
CHEMICAL,SPL,Output_2,0.016684,0.685744
CHEMICAL,SPL,Output_3,0.020867,0.605869
CHEMICAL,SPL,Output_4,0.047326,-0.30669
CHEMICAL,WAHN,Output_1,0.019807,0.350342
CHEMICAL,WAHN,Output_2,0.021483,0.284367
CHEMICAL,WAHN,Output_3,0.026512,0.112626
CHEMICAL,WAHN,Output_4,0.0453,-0.812196
FOOD & PERSONAL CARE PRODUCTS,ASC,Output_1,0.013318,0.732326
FOOD & PERSONAL CARE PRODUCTS,ASC,Output_2,0.013789,0.719946
FOOD & PERSONAL CARE PRODUCTS,ASC,Output_3,0.018016,0.625337
FOOD & PERSONAL CARE PRODUCTS,ASC,Output_4,0.024618,0.412477
FOOD & PERSONAL CARE PRODUCTS,BNL,Output_1,0.002683,0.901458
FOOD & PERSONAL CARE PRODUCTS,BNL,Output_2,0.003263,0.876343
FOOD & PERSONAL CARE PRODUCTS,BNL,Output_3,0.002909,0.868037
FOOD & PERSONAL CARE PRODUCTS,BNL,Output_4,0.013537,-0.153422
FOOD & PERSONAL CARE PRODUCTS,CLOV,Output_1,0.004157,0.906754
FOOD & PERSONAL CARE PRODUCTS,CLOV,Output_2,0.004506,0.896573
FOOD & PERSONAL CARE PRODUCTS,CLOV,Output_3,0.007185,0.814042
FOOD & PERSONAL CARE PRODUCTS,CLOV,Output_4,0.020962,0.082161
FOOD & PERSONAL CARE PRODUCTS,COLG,Output_1,0.00475,0.906377
FOOD & PERSONAL CARE PRODUCTS,COLG,Output_2,0.005343,0.893773
FOOD & PERSONAL CARE PRODUCTS,COLG,Output_3,0.007587,0.838578
FOOD & PERSONAL CARE PRODUCTS,COLG,Output_4,0.018094,0.370784
FOOD & PERSONAL CARE PRODUCTS,FCEPL,Output_1,0.017666,0.506363
FOOD & PERSONAL CARE PRODUCTS,FCEPL,Output_2,0.019454,0.457554
FOOD & PERSONAL CARE PRODUCTS,FCEPL,Output_3,0.025799,0.289999
FOOD & PERSONAL CARE PRODUCTS,FCEPL,Output_4,0.043618,-0.152502
FOOD & PERSONAL CARE PRODUCTS,FFL,Output_1,0.011692,0.811873
FOOD & PERSONAL CARE PRODUCTS,FFL,Output_2,0.012748,0.793769
FOOD & PERSONAL CARE PRODUCTS,FFL,Output_3,0.019181,0.681662
FOOD & PERSONAL CARE PRODUCTS,FFL,Output_4,0.051975,0.094524
FOOD & PERSONAL CARE PRODUCTS,GLPL,Output_1,0.003337,0.685792
FOOD & PERSONAL CARE PRODUCTS,GLPL,Output_2,0.00346,0.654692
FOOD & PERSONAL CARE PRODUCTS,GLPL,Output_3,0.005524,0.32135
FOOD & PERSONAL CARE PRODUCTS,GLPL,Output_4,0.016574,-4.951957
FOOD & PERSONAL CARE PRODUCTS,ISIL,Output_1,0.035541,0.589423
FOOD & PERSONAL CARE PRODUCTS,ISIL,Output_2,0.03998,0.548158
FOOD & PERSONAL CARE PRODUCTS,ISIL,Output_3,0.057201,0.381235
FOOD & PERSONAL CARE PRODUCTS,ISIL,Output_4,0.220485,-1.740174
FOOD & PERSONAL CARE PRODUCTS,MFFL,Output_1,0.016254,0.734315
FOOD & PERSONAL CARE PRODUCTS,MFFL,Output_2,0.016446,0.721448
FOOD & PERSONAL CARE PRODUCTS,MFFL,Output_3,0.019586,0.641732
FOOD & PERSONAL CARE PRODUCTS,MFFL,Output_4,0.03789,0.110165
FOOD & PERSONAL CARE PRODUCTS,MFL,Output_1,0.016483,0.175573
FOOD & PERSONAL CARE PRODUCTS,MFL,Output_2,0.017314,0.123022
FOOD & PERSONAL CARE PRODUCTS,MFL,Output_3,0.019119,-0.013807
FOOD & PERSONAL CARE PRODUCTS,MFL,Output_4,0.046041,-0.424512
FOOD & PERSONAL CARE PRODUCTS,MUREB,Output_1,0.007417,0.759653
FOOD & PERSONAL CARE PRODUCTS,MUREB,Output_2,0.008117,0.739113
FOOD & PERSONAL CARE PRODUCTS,MUREB,Output_3,0.01258,0.618086
FOOD & PERSONAL CARE PRODUCTS,MUREB,Output_4,0.074022,-0.109349
FOOD & PERSONAL CARE PRODUCTS,NATF,Output_1,0.007631,0.818424
FOOD & PERSONAL CARE PRODUCTS,NATF,Output_2,0.008224,0.800971
FOOD & PERSONAL CARE PRODUCTS,NATF,Output_3,0.011071,0.722242
FOOD & PERSONAL CARE PRODUCTS,NATF,Output_4,0.027016,0.24515
FOOD & PERSONAL CARE PRODUCTS,NESTLE,Output_1,0.01577,0.633958
FOOD & PERSONAL CARE PRODUCTS,NESTLE,Output_2,0.017377,0.596853
FOOD & PERSONAL CARE PRODUCTS,NESTLE,Output_3,0.024799,0.425602
FOOD & PERSONAL CARE PRODUCTS,NESTLE,Output_4,0.04686,0.018531
FOOD & PERSONAL CARE PRODUCTS,PREMA,Output_1,0.00211,0.379497
FOOD & PERSONAL CARE PRODUCTS,PREMA,Output_2,0.002501,0.265727
FOOD & PERSONAL CARE PRODUCTS,PREMA,Output_3,0.00357,-0.046135
FOOD & PERSONAL CARE PRODUCTS,PREMA,Output_4,0.017462,-0.278207
FOOD & PERSONAL CARE PRODUCTS,QUICE,Output_1,0.018181,0.353271
FOOD & PERSONAL CARE PRODUCTS,QUICE,Output_2,0.019533,0.314293
FOOD & PERSONAL CARE PRODUCTS,QUICE,Output_3,0.023701,0.231969
FOOD & PERSONAL CARE PRODUCTS,QUICE,Output_4,0.045782,0.068772
FOOD & PERSONAL CARE PRODUCTS,RMPL,Output_1,0.031745,0.432025
FOOD & PERSONAL CARE PRODUCTS,RMPL,Output_2,0.033809,0.398897
FOOD & PERSONAL CARE PRODUCTS,RMPL,Output_3,0.039736,0.296298
FOOD & PERSONAL CARE PRODUCTS,RMPL,Output_4,0.047679,-0.029447
FOOD & PERSONAL CARE PRODUCTS,SCL,Output_1,0.040928,0.012158
FOOD & PERSONAL CARE PRODUCTS,SCL,Output_2,0.042587,-0.011138
FOOD & PERSONAL CARE PRODUCTS,SCL,Output_3,0.043493,-0.111221
FOOD & PERSONAL CARE PRODUCTS,SCL,Output_4,0.021397,-0.137302
FOOD & PERSONAL CARE PRODUCTS,SHEZ,Output_1,0.01457,0.854397
FOOD & PERSONAL CARE PRODUCTS,SHEZ,Output_2,0.018335,0.815864
FOOD & PERSONAL CARE PRODUCTS,SHEZ,Output_3,0.019868,0.792818
FOOD & PERSONAL CARE PRODUCTS,SHEZ,Output_4,0.035166,0.410037
FOOD & PERSONAL CARE PRODUCTS,TOMCL,Output_1,0.020739,0.663505
FOOD & PERSONAL CARE PRODUCTS,TOMCL,Output_2,0.023016,0.628809
FOOD & PERSONAL CARE PRODUCTS,TOMCL,Output_3,0.035095,0.444845
FOOD & PERSONAL CARE PRODUCTS,TOMCL,Output_4,0.073755,-0.140068
FOOD & PERSONAL CARE PRODUCTS,TREET,Output_1,0.016434,0.701181
FOOD & PERSONAL CARE PRODUCTS,TREET,Output_2,0.018704,0.661238
FOOD & PERSONAL CARE PRODUCTS,TREET,Output_3,0.023511,0.579436
FOOD & PERSONAL CARE PRODUCTS,TREET,Output_4,0.0481,0.136236
FOOD & PERSONAL CARE PRODUCTS,UNITY,Output_1,0.02267,0.415246
FOOD & PERSONAL CARE PRODUCTS,UNITY,Output_2,0.032055,0.168257
FOOD & PERSONAL CARE PRODUCTS,UNITY,Output_3,0.038429,-0.005742
FOOD & PERSONAL CARE PRODUCTS,UNITY,Output_4,0.060921,-0.580374
FOOD & PERSONAL CARE PRODUCTS,UPFL,Output_1,0.033233,-0.413934
FOOD & PERSONAL CARE PRODUCTS,UPFL,Output_2,0.039364,-0.706869
FOOD & PERSONAL CARE PRODUCTS,UPFL,Output_3,0.04709,-1.23554
FOOD & PERSONAL CARE PRODUCTS,UPFL,Output_4,0.094422,-4.432513
FOOD & PERSONAL CARE PRODUCTS,ZIL,Output_1,0.018365,0.725432
FOOD & PERSONAL CARE PRODUCTS,ZIL,Output_2,0.020187,0.698869
FOOD & PERSONAL CARE PRODUCTS,ZIL,Output_3,0.026487,0.608803
FOOD & PERSONAL CARE PRODUCTS,ZIL,Output_4,0.082028,-0.136575
REFINERY,ATRL,Output_1,0.006412,0.590027
REFINERY,ATRL,Output_2,0.007217,0.55018
REFINERY,ATRL,Output_3,0.009528,0.478962
REFINERY,ATRL,Output_4,0.043494,0.168805
REFINERY,CNERGY,Output_1,0.009266,0.846909
REFINERY,CNERGY,Output_2,0.009615,0.840057
REFINERY,CNERGY,Output_3,0.012234,0.789698
REFINERY,CNERGY,Output_4,0.035167,0.223152
REFINERY,NRL,Output_1,0.010734,0.765084
REFINERY,NRL,Output_2,0.01268,0.721894
REFINERY,NRL,Output_3,0.020287,0.549415
REFINERY,NRL,Output_4,0.033936,-0.199063
REFINERY,PRL,Output_1,0.005797,0.772803
REFINERY,PRL,Output_2,0.006449,0.747471
REFINERY,PRL,Output_3,0.009757,0.624942
REFINERY,PRL,Output_4,0.047842,0.010607
LEATHER & TANNERIES,BATA,Output_1,0.02316,0.16022
LEATHER & TANNERIES,BATA,Output_2,0.024477,0.110867
LEATHER & TANNERIES,BATA,Output_3,0.02476,0.079258
LEATHER & TANNERIES,BATA,Output_4,0.022435,-0.057745
LEATHER & TANNERIES,LEUL,Output_1,0.010224,0.000669
LEATHER & TANNERIES,LEUL,Output_2,0.011123,-0.082188
LEATHER & TANNERIES,LEUL,Output_3,0.01028,0.027603
LEATHER & TANNERIES,LEUL,Output_4,0.023314,-0.114637
LEATHER & TANNERIES,SGF,Output_1,0.012819,0.594059
LEATHER & TANNERIES,SGF,Output_2,0.012207,0.617847
LEATHER & TANNERIES,SGF,Output_3,0.016506,0.534229
LEATHER & TANNERIES,SGF,Output_4,0.071791,0.066865
LEATHER & TANNERIES,SRVI,Output_1,0.015129,0.58606
LEATHER & TANNERIES,SRVI,Output_2,0.015235,0.592853
LEATHER & TANNERIES,SRVI,Output_3,0.018765,0.537406
LEATHER & TANNERIES,SRVI,Output_4,0.060659,0.132038
MODARABAS,BFMOD,Output_1,0.045642,0.102938
MODARABAS,BFMOD,Output_2,0.047811,0.071586
MODARABAS,BFMOD,Output_3,0.063656,-0.151539
MODARABAS,BFMOD,Output_4,0.050818,-0.667866
MODARABAS,FANM,Output_1,0.052842,-0.109656
MODARABAS,FANM,Output_2,0.04976,-0.046653
MODARABAS,FANM,Output_3,0.057436,-0.206162
MODARABAS,FANM,Output_4,0.044643,-0.863629
MODARABAS,FECM,Output_1,0.002877,0.472029
MODARABAS,FECM,Output_2,0.005765,-0.028691
MODARABAS,FECM,Output_3,0.004564,0.228104
MODARABAS,FECM,Output_4,0.01974,0.032203
MODARABAS,FFLM,Output_1,0.018501,0.367405
MODARABAS,FFLM,Output_2,0.022483,0.235838
MODARABAS,FFLM,Output_3,0.024145,0.180458
MODARABAS,FFLM,Output_4,0.038077,-8.275336
MODARABAS,FHAM,Output_1,0.015734,0.497729
MODARABAS,FHAM,Output_2,0.016747,0.476202
MODARABAS,FHAM,Output_3,0.021562,0.389986
MODARABAS,FHAM,Output_4,0.054461,0.34228
MODARABAS,FIBLM,Output_1,0.049095,-0.012085
MODARABAS,FIBLM,Output_2,0.052065,-0.071864
MODARABAS,FIBLM,Output_3,0.066112,-0.362083
MODARABAS,FIBLM,Output_4,0.048391,-3.89685
MODARABAS,FIMM,Output_1,0.034009,-0.057715
MODARABAS,FIMM,Output_2,0.020805,0.033932
MODARABAS,FIMM,Output_3,0.015459,-0.024641
MODARABAS,FIMM,Output_4,0.089067,-2.236127
MODARABAS,FPJM,Output_1,0.007391,0.68114
MODARABAS,FPJM,Output_2,0.008171,0.646075
MODARABAS,FPJM,Output_3,0.010883,0.526096
MODARABAS,FPJM,Output_4,0.035549,-0.219705
MODARABAS,FPRM,Output_1,0.063668,-0.093595
MODARABAS,FPRM,Output_2,0.06209,-0.069102
MODARABAS,FPRM,Output_3,0.070187,-0.265316
MODARABAS,FPRM,Output_4,0.064902,-0.376007
MODARABAS,FTMM,Output_1,0.00739,0.845598
MODARABAS,FTMM,Output_2,0.009109,0.803158
MODARABAS,FTMM,Output_3,0.010873,0.724512
MODARABAS,FTMM,Output_4,0.059841,-3.462318
MODARABAS,FTSM,Output_1,0.039749,0.151538
MODARABAS,FTSM,Output_2,0.040531,0.127372
MODARABAS,FTSM,Output_3,0.04054,-0.061565
MODARABAS,FTSM,Output_4,0.027925,-2.018381
MODARABAS,OLPM,Output_1,0.012857,0.719483
MODARABAS,OLPM,Output_2,0.012373,0.727613
MODARABAS,OLPM,Output_3,0.017346,0.606517
MODARABAS,OLPM,Output_4,0.033691,0.10262
MODARABAS,ORM,Output_1,0.017463,0.141149
MODARABAS,ORM,Output_2,0.020257,0.009633
MODARABAS,ORM,Output_3,0.02021,0.061206
MODARABAS,ORM,Output_4,0.045342,-0.010947
MODARABAS,PIM,Output_1,0.016827,0.108157
MODARABAS,PIM,Output_2,0.015469,0.169488
MODARABAS,PIM,Output_3,0.019109,-0.110679
MODARABAS,PIM,Output_4,0.011994,-0.410694
MODARABAS,PMI,Output_1,0.022128,0.265516
MODARABAS,PMI,Output_2,0.022123,0.261674
MODARABAS,PMI,Output_3,0.029562,0.02203
MODARABAS,PMI,Output_4,0.045569,-0.48708
MODARABAS,SINDM,Output_1,0.026327,0.196086
MODARABAS,SINDM,Output_2,0.024809,0.243404
MODARABAS,SINDM,Output_3,0.032808,0.005334
MODARABAS,SINDM,Output_4,0.050516,-0.199879
MODARABAS,TRSM,Output_1,0.016656,0.318914
MODARABAS,TRSM,Output_2,0.018199,0.273588
MODARABAS,TRSM,Output_3,0.025247,0.093534
MODARABAS,TRSM,Output_4,0.059228,-0.323311
MODARABAS,UCAPM,Output_1,0.013613,0.017811
MODARABAS,UCAPM,Output_2,0.012813,0.059525
MODARABAS,UCAPM,Output_3,0.016792,-0.315693
MODARABAS,UCAPM,Output_4,0.016895,-0.585344
GLASS & CERAMICS,BGL,Output_1,0.025031,0.266278
GLASS & CERAMICS,BGL,Output_2,0.028111,0.166859
GLASS & CERAMICS,BGL,Output_3,0.042101,-0.286823
GLASS & CERAMICS,BGL,Output_4,0.086964,-2.100346
GLASS & CERAMICS,FRCL,Output_1,0.023551,0.064918
GLASS & CERAMICS,FRCL,Output_2,0.024426,0.022294
GLASS & CERAMICS,FRCL,Output_3,0.028456,-0.166166
GLASS & CERAMICS,FRCL,Output_4,0.0289,-0.346044
GLASS & CERAMICS,GGGL,Output_1,0.018707,0.651395
GLASS & CERAMICS,GGGL,Output_2,0.019141,0.644181
GLASS & CERAMICS,GGGL,Output_3,0.02147,0.602815
GLASS & CERAMICS,GGGL,Output_4,0.034227,0.317033
GLASS & CERAMICS,GHGL,Output_1,0.01341,0.598062
GLASS & CERAMICS,GHGL,Output_2,0.014505,0.565748
GLASS & CERAMICS,GHGL,Output_3,0.014348,0.562115
GLASS & CERAMICS,GHGL,Output_4,0.004414,0.751115
GLASS & CERAMICS,GVGL,Output_1,0.027334,0.542685
GLASS & CERAMICS,GVGL,Output_2,0.030358,0.493108
GLASS & CERAMICS,GVGL,Output_3,0.035198,0.413998
GLASS & CERAMICS,GVGL,Output_4,0.056584,0.065174
GLASS & CERAMICS,STCL,Output_1,0.014663,0.754391
GLASS & CERAMICS,STCL,Output_2,0.016092,0.730411
GLASS & CERAMICS,STCL,Output_3,0.022987,0.615178
GLASS & CERAMICS,STCL,Output_4,0.045425,0.167423
GLASS & CERAMICS,TGL,Output_1,0.014261,-0.110879
GLASS & CERAMICS,TGL,Output_2,0.01592,-0.238956
GLASS & CERAMICS,TGL,Output_3,0.018433,-0.385753
GLASS & CERAMICS,TGL,Output_4,0.049365,-0.595363
WOOLLEN,BNWM,Output_1,0.023007,0.721215
WOOLLEN,BNWM,Output_2,0.020227,0.754181
WOOLLEN,BNWM,Output_3,0.033529,0.589421
WOOLLEN,BNWM,Output_4,0.058613,-0.070711
PROPERTY,BRRG,Output_1,0.011101,-2.156597
PROPERTY,BRRG,Output_2,0.014915,-3.26703
PROPERTY,BRRG,Output_3,0.011256,-2.1766
PROPERTY,BRRG,Output_4,0.04759,0.180624
PROPERTY,JVDC,Output_1,0.011819,0.545305
PROPERTY,JVDC,Output_2,0.01269,0.498259
PROPERTY,JVDC,Output_3,0.012357,0.45943
PROPERTY,JVDC,Output_4,0.016168,0.384152
PROPERTY,PACE,Output_1,0.023878,0.446632
PROPERTY,PACE,Output_2,0.024655,0.433844
PROPERTY,PACE,Output_3,0.028402,0.372489
PROPERTY,PACE,Output_4,0.063205,0.024069
PROPERTY,TPLP,Output_1,0.017953,0.484778
PROPERTY,TPLP,Output_2,0.020149,0.422333
PROPERTY,TPLP,Output_3,0.024524,0.298584
PROPERTY,TPLP,Output_4,0.044402,-0.305446
"PAPER, BOARD & PACKAGING",CEPB,Output_1,0.009798,0.885431
"PAPER, BOARD & PACKAGING",CEPB,Output_2,0.010373,0.878969
"PAPER, BOARD & PACKAGING",CEPB,Output_3,0.012825,0.847286
"PAPER, BOARD & PACKAGING",CEPB,Output_4,0.018107,0.710418
"PAPER, BOARD & PACKAGING",CPPL,Output_1,0.006759,0.901595
"PAPER, BOARD & PACKAGING",CPPL,Output_2,0.007466,0.891225
"PAPER, BOARD & PACKAGING",CPPL,Output_3,0.010434,0.843355
"PAPER, BOARD & PACKAGING",CPPL,Output_4,0.022555,0.379583
"PAPER, BOARD & PACKAGING",GEMPAPL,Output_1,0.002161,0.599882
"PAPER, BOARD & PACKAGING",GEMPAPL,Output_2,0.003186,0.366412
"PAPER, BOARD & PACKAGING",GEMPAPL,Output_3,0.003891,-0.361634
"PAPER, BOARD & PACKAGING",GEMPAPL,Output_4,0.001213,-0.023619
"PAPER, BOARD & PACKAGING",MACFL,Output_1,0.012283,0.571479
"PAPER, BOARD & PACKAGING",MACFL,Output_2,0.013442,0.533263
"PAPER, BOARD & PACKAGING",MACFL,Output_3,0.015504,0.467457
"PAPER, BOARD & PACKAGING",MACFL,Output_4,0.02,0.183608
"PAPER, BOARD & PACKAGING",MERIT,Output_1,0.014885,0.644421
"PAPER, BOARD & PACKAGING",MERIT,Output_2,0.016037,0.615537
"PAPER, BOARD & PACKAGING",MERIT,Output_3,0.020459,0.49582
"PAPER, BOARD & PACKAGING",MERIT,Output_4,0.03017,0.115925
"PAPER, BOARD & PACKAGING",PKGS,Output_1,0.011903,0.662717
"PAPER, BOARD & PACKAGING",PKGS,Output_2,0.013228,0.625315
"PAPER, BOARD & PACKAGING",PKGS,Output_3,0.018538,0.486592
"PAPER, BOARD & PACKAGING",PKGS,Output_4,0.040821,-0.001705
"PAPER, BOARD & PACKAGING",PPP,Output_1,0.004402,0.646618
"PAPER, BOARD & PACKAGING",PPP,Output_2,0.005085,0.582132
"PAPER, BOARD & PACKAGING",PPP,Output_3,0.006146,0.460549
"PAPER, BOARD & PACKAGING",PPP,Output_4,0.072103,0.015873
"PAPER, BOARD & PACKAGING",RPL,Output_1,0.011601,0.816128
"PAPER, BOARD & PACKAGING",RPL,Output_2,0.012177,0.805217
"PAPER, BOARD & PACKAGING",RPL,Output_3,0.015476,0.735128
"PAPER, BOARD & PACKAGING",RPL,Output_4,0.018841,0.299643
"PAPER, BOARD & PACKAGING",SEPL,Output_1,0.007256,0.714646
"PAPER, BOARD & PACKAGING",SEPL,Output_2,0.007754,0.680349
"PAPER, BOARD & PACKAGING",SEPL,Output_3,0.010982,0.502311
"PAPER, BOARD & PACKAGING",SEPL,Output_4,0.023331,-0.023045
"PAPER, BOARD & PACKAGING",SPEL,Output_1,0.025473,0.712881
"PAPER, BOARD & PACKAGING",SPEL,Output_2,0.027411,0.690579
"PAPER, BOARD & PACKAGING",SPEL,Output_3,0.037406,0.571634
"PAPER, BOARD & PACKAGING",SPEL,Output_4,0.077753,0.096945
TRANSPORT,CLVL,Output_1,0.013592,-0.517534
TRANSPORT,CLVL,Output_2,0.015204,-0.691742
TRANSPORT,CLVL,Output_3,0.006813,0.271618
TRANSPORT,CLVL,Output_4,0.016543,-0.344422
TRANSPORT,GEMBLUEX,Output_1,0.227965,-2.817378
TRANSPORT,GEMBLUEX,Output_2,0.146572,-1.386743
TRANSPORT,GEMBLUEX,Output_3,0.135637,-0.847106
TRANSPORT,GEMBLUEX,Output_4,0.292517,-1.662592
TRANSPORT,PIBTL,Output_1,0.110472,-0.582501
TRANSPORT,PIBTL,Output_2,0.065704,0.048013
TRANSPORT,PIBTL,Output_3,0.062612,0.023044
TRANSPORT,PIBTL,Output_4,0.088726,-1.230109
TRANSPORT,PICT,Output_1,0.134168,-1.327663
TRANSPORT,PICT,Output_2,0.084708,-0.46677
TRANSPORT,PICT,Output_3,0.083171,-0.422949
TRANSPORT,PICT,Output_4,0.120097,-0.887118
TRANSPORT,PNSC,Output_1,0.046022,-0.079339
TRANSPORT,PNSC,Output_2,0.032445,0.245165
TRANSPORT,PNSC,Output_3,0.035829,0.207055
TRANSPORT,PNSC,Output_4,0.1109,-0.564493
TRANSPORT,SLGL,Output_1,0.452092,-56.193438
TRANSPORT,SLGL,Output_2,0.30392,-30.118978
TRANSPORT,SLGL,Output_3,0.250484,-29.217305
TRANSPORT,SLGL,Output_4,0.350157,-31.652513
REAL ESTATE INVESTMENT TRUST,DCR,Output_1,0.004579,0.654541
REAL ESTATE INVESTMENT TRUST,DCR,Output_2,0.006241,0.544829
REAL ESTATE INVESTMENT TRUST,DCR,Output_3,0.005007,0.682398
REAL ESTATE INVESTMENT TRUST,DCR,Output_4,0.033615,0.264445
REAL ESTATE INVESTMENT TRUST,GRR,Output_1,0.05873,-4.291977
REAL ESTATE INVESTMENT TRUST,GRR,Output_2,0.078956,-6.559458
REAL ESTATE INVESTMENT TRUST,GRR,Output_3,0.01702,-0.72438
REAL ESTATE INVESTMENT TRUST,GRR,Output_4,0.030804,-0.914015
REAL ESTATE INVESTMENT TRUST,TPLRF1,Output_1,0.007895,-0.328211
REAL ESTATE INVESTMENT TRUST,TPLRF1,Output_2,0.023124,-4.290544
REAL ESTATE INVESTMENT TRUST,TPLRF1,Output_3,0.020713,-16.229544
REAL ESTATE INVESTMENT TRUST,TPLRF1,Output_4,0.178553,-84.127839
CABLE & ELECTRICAL GOODS,EMCO,Output_1,0.031315,0.330731
CABLE & ELECTRICAL GOODS,EMCO,Output_2,0.03349,0.291606
CABLE & ELECTRICAL GOODS,EMCO,Output_3,0.04075,0.132654
CABLE & ELECTRICAL GOODS,EMCO,Output_4,0.055926,-0.360626
CABLE & ELECTRICAL GOODS,PAEL,Output_1,0.008303,0.83864
CABLE & ELECTRICAL GOODS,PAEL,Output_2,0.008468,0.834524
CABLE & ELECTRICAL GOODS,PAEL,Output_3,0.01049,0.789122
CABLE & ELECTRICAL GOODS,PAEL,Output_4,0.043006,0.287823
CABLE & ELECTRICAL GOODS,PCAL,Output_1,0.013627,0.646986
CABLE & ELECTRICAL GOODS,PCAL,Output_2,0.014944,0.612823
CABLE & ELECTRICAL GOODS,PCAL,Output_3,0.017442,0.547866
CABLE & ELECTRICAL GOODS,PCAL,Output_4,0.044077,0.115771
CABLE & ELECTRICAL GOODS,SIEM,Output_1,0.004042,0.364018
CABLE & ELECTRICAL GOODS,SIEM,Output_2,0.004772,0.293589
CABLE & ELECTRICAL GOODS,SIEM,Output_3,0.014304,0.17428
CABLE & ELECTRICAL GOODS,SIEM,Output_4,0.072083,0.115013
CABLE & ELECTRICAL GOODS,WAVES,Output_1,0.009924,0.883217
CABLE & ELECTRICAL GOODS,WAVES,Output_2,0.009722,0.884626
CABLE & ELECTRICAL GOODS,WAVES,Output_3,0.015577,0.806176
CABLE & ELECTRICAL GOODS,WAVES,Output_4,0.047571,0.009275
CABLE & ELECTRICAL GOODS,WAVESAPP,Output_1,0.035686,0.06615
CABLE & ELECTRICAL GOODS,WAVESAPP,Output_2,0.039128,-0.036219
CABLE & ELECTRICAL GOODS,WAVESAPP,Output_3,0.052636,-0.45363
CABLE & ELECTRICAL GOODS,WAVESAPP,Output_4,0.058411,-0.521304
SYNTHETIC & RAYON,GATI,Output_1,0.00497,0.883604
SYNTHETIC & RAYON,GATI,Output_2,0.007084,0.832992
SYNTHETIC & RAYON,GATI,Output_3,0.00648,0.844368
SYNTHETIC & RAYON,GATI,Output_4,0.019256,0.401882
SYNTHETIC & RAYON,IBFL,Output_1,0.013249,0.776378
SYNTHETIC & RAYON,IBFL,Output_2,0.017001,0.710298
SYNTHETIC & RAYON,IBFL,Output_3,0.017208,0.699797
SYNTHETIC & RAYON,IBFL,Output_4,0.06366,-0.621342
SYNTHETIC & RAYON,IMAGE,Output_1,0.006801,0.421522
SYNTHETIC & RAYON,IMAGE,Output_2,0.006048,0.443701
SYNTHETIC & RAYON,IMAGE,Output_3,0.006304,0.26159
SYNTHETIC & RAYON,IMAGE,Output_4,0.005342,0.685959
SYNTHETIC & RAYON,NSRM,Output_1,0.012542,0.07092
SYNTHETIC & RAYON,NSRM,Output_2,0.017469,-0.148924
SYNTHETIC & RAYON,NSRM,Output_3,0.018547,-0.431852
SYNTHETIC & RAYON,NSRM,Output_4,0.079835,-0.569587
SYNTHETIC & RAYON,PSYL,Output_1,0.020825,0.652124
SYNTHETIC & RAYON,PSYL,Output_2,0.020015,0.663533
SYNTHETIC & RAYON,PSYL,Output_3,0.030583,0.471362
SYNTHETIC & RAYON,PSYL,Output_4,0.045193,0.114345
SYNTHETIC & RAYON,RUPL,Output_1,0.022646,0.653531
SYNTHETIC & RAYON,RUPL,Output_2,0.026925,0.588703
SYNTHETIC & RAYON,RUPL,Output_3,0.035521,0.465744
SYNTHETIC & RAYON,RUPL,Output_4,0.102549,-0.428139
CLOSE - END MUTUAL FUND,HGFA,Output_1,0.009999,0.671336
CLOSE - END MUTUAL FUND,HGFA,Output_2,0.00972,0.678388
CLOSE - END MUTUAL FUND,HGFA,Output_3,0.016546,0.457765
CLOSE - END MUTUAL FUND,HGFA,Output_4,0.034892,0.199669
CLOSE - END MUTUAL FUND,HIFA,Output_1,0.010326,0.750679
CLOSE - END MUTUAL FUND,HIFA,Output_2,0.01042,0.746809
CLOSE - END MUTUAL FUND,HIFA,Output_3,0.01784,0.566507
CLOSE - END MUTUAL FUND,HIFA,Output_4,0.063563,-0.284454
CLOSE - END MUTUAL FUND,TSMF,Output_1,0.027625,0.076444
CLOSE - END MUTUAL FUND,TSMF,Output_2,0.031824,-0.056486
CLOSE - END MUTUAL FUND,TSMF,Output_3,0.048984,-0.488189
CLOSE - END MUTUAL FUND,TSMF,Output_4,0.102651,-1.509043
TEXTILE WEAVING,ICCI,Output_1,0.008153,
TEXTILE WEAVING,ICCI,Output_2,0.000797,
TEXTILE WEAVING,ICCI,Output_3,0.009348,
TEXTILE WEAVING,ICCI,Output_4,0.008487,
TEXTILE WEAVING,PRWM,Output_1,0.01677,0.805475
TEXTILE WEAVING,PRWM,Output_2,0.019549,0.775516
TEXTILE WEAVING,PRWM,Output_3,0.026561,0.700953
TEXTILE WEAVING,PRWM,Output_4,0.032659,0.41384
TEXTILE WEAVING,STJT,Output_1,0.011369,0.031415
TEXTILE WEAVING,STJT,Output_2,0.013138,-0.092912
TEXTILE WEAVING,STJT,Output_3,0.015131,-0.092815
TEXTILE WEAVING,STJT,Output_4,0.021236,0.038992
TEXTILE WEAVING,YOUW,Output_1,0.017018,0.438282
TEXTILE WEAVING,YOUW,Output_2,0.017543,0.419644
TEXTILE WEAVING,YOUW,Output_3,0.02123,0.293335
TEXTILE WEAVING,YOUW,Output_4,0.057187,-0.901026
TOBACCO,KHTC,Output_1,0.024213,0.252178
TOBACCO,KHTC,Output_2,0.024302,0.249057
TOBACCO,KHTC,Output_3,0.028675,0.128613
TOBACCO,KHTC,Output_4,0.019086,0.153606
TOBACCO,PAKT,Output_1,0.016152,0.620881
TOBACCO,PAKT,Output_2,0.019623,0.529093
TOBACCO,PAKT,Output_3,0.024865,0.323161
TOBACCO,PAKT,Output_4,0.025906,-0.05009
TOBACCO,PMPK,Output_1,0.016477,-0.089165
TOBACCO,PMPK,Output_2,0.024917,-0.800039
TOBACCO,PMPK,Output_3,0.019214,-0.669828
TOBACCO,PMPK,Output_4,0.015932,-0.520916
OIL & GAS EXPLORATION COMPANIES,MARI,Output_1,0.009808,0.586653
OIL & GAS EXPLORATION COMPANIES,MARI,Output_2,0.011218,0.538761
OIL & GAS EXPLORATION COMPANIES,MARI,Output_3,0.021748,0.184627
OIL & GAS EXPLORATION COMPANIES,MARI,Output_4,0.037189,0.007635
OIL & GAS EXPLORATION COMPANIES,OGDC,Output_1,0.005731,0.659799
OIL & GAS EXPLORATION COMPANIES,OGDC,Output_2,0.006186,0.650379
OIL & GAS EXPLORATION COMPANIES,OGDC,Output_3,0.00818,0.641375
OIL & GAS EXPLORATION COMPANIES,OGDC,Output_4,0.029573,0.566197
OIL & GAS EXPLORATION COMPANIES,POL,Output_1,0.006302,0.728249
OIL & GAS EXPLORATION COMPANIES,POL,Output_2,0.008048,0.662465
OIL & GAS EXPLORATION COMPANIES,POL,Output_3,0.009301,0.64365
OIL & GAS EXPLORATION COMPANIES,POL,Output_4,0.029577,0.322756
OIL & GAS EXPLORATION COMPANIES,PPL,Output_1,0.004354,0.7134
OIL & GAS EXPLORATION COMPANIES,PPL,Output_2,0.004697,0.701525
OIL & GAS EXPLORATION COMPANIES,PPL,Output_3,0.008306,0.553677
OIL & GAS EXPLORATION COMPANIES,PPL,Output_4,0.038804,0.261254
LEASING COMPANIES,PGLC,Output_1,0.005957,-0.40651
LEASING COMPANIES,PGLC,Output_2,0.003959,0.136356
LEASING COMPANIES,PGLC,Output_3,0.007258,-0.353888
LEASING COMPANIES,PGLC,Output_4,0.062245,-0.336834
VANASPATI & ALLIED INDUSTRIES,POML,Output_1,0.098912,-0.600794
VANASPATI & ALLIED INDUSTRIES,POML,Output_2,0.077299,-0.242632
VANASPATI & ALLIED INDUSTRIES,POML,Output_3,0.089605,-0.437689
VANASPATI & ALLIED INDUSTRIES,POML,Output_4,0.045132,-1.457323
VANASPATI & ALLIED INDUSTRIES,SSOM,Output_1,0.002886,-0.01152
VANASPATI & ALLIED INDUSTRIES,SSOM,Output_2,0.002915,-0.014918
VANASPATI & ALLIED INDUSTRIES,SSOM,Output_3,0.009599,-2.253685
VANASPATI & ALLIED INDUSTRIES,SSOM,Output_4,0.013812,-0.200204
