symbol,period,date_predicted,predicted_price,percent_change,absolute_difference,last_price
BOP,1 day,2025-July-26,12.33,-9.32,-1.27,13.6
BOP,1 week,2025-August-01,12.51,-7.98,-1.09,13.6
BOP,1 month,2025-August-24,12.73,-6.37,-0.87,13.6
BOP,6 months,2026-January-21,17.79,30.78,4.19,13.6
FFL,1 day,2025-July-26,15.6,-4.21,-0.69,16.29
FFL,1 week,2025-August-01,17.54,7.65,1.25,16.29
FFL,1 month,2025-August-24,16.42,0.81,0.13,16.29
FFL,6 months,2026-January-21,22.79,39.9,6.5,16.29
ASL,1 day,2025-July-26,9.7,-21.4,-2.64,12.34
ASL,1 week,2025-August-01,11.57,-6.25,-0.77,12.34
ASL,1 month,2025-August-24,10.5,-14.88,-1.84,12.34
ASL,6 months,2026-January-21,15.53,25.82,3.19,12.34
HIFA,1 day,2025-July-26,3.9,-44.63,-3.15,7.05
HIFA,1 week,2025-August-01,4.23,-40.06,-2.82,7.05
HIFA,1 month,2025-August-24,4.07,-42.28,-2.98,7.05
HIFA,6 months,2026-January-21,4.88,-30.73,-2.17,7.05
BML,1 day,2025-July-26,4.06,-23.43,-1.24,5.3
BML,1 week,2025-August-01,4.54,-14.4,-0.76,5.3
BML,1 month,2025-August-24,4.37,-17.54,-0.93,5.3
BML,6 months,2026-January-21,5.98,12.81,0.68,5.3
WTL,1 day,2025-July-26,1.0,-32.16,-0.47,1.47
WTL,1 week,2025-August-01,1.46,-0.96,-0.01,1.47
WTL,1 month,2025-August-24,1.15,-21.92,-0.32,1.47
WTL,6 months,2026-January-21,1.57,7.06,0.1,1.47
KEL,1 day,2025-July-26,5.37,3.93,0.2,5.17
KEL,1 week,2025-August-01,4.89,-5.32,-0.28,5.17
KEL,1 month,2025-August-24,5.1,-1.38,-0.07,5.17
KEL,6 months,2026-January-21,5.54,7.22,0.37,5.17
HASCOL,1 day,2025-July-26,10.78,-3.61,-0.4,11.18
HASCOL,1 week,2025-August-01,11.04,-1.22,-0.14,11.18
HASCOL,1 month,2025-August-24,12.13,8.48,0.95,11.18
HASCOL,6 months,2026-January-21,16.53,47.86,5.35,11.18
POWER,1 day,2025-July-26,14.06,-3.66,-0.53,14.59
POWER,1 week,2025-August-01,14.84,1.69,0.25,14.59
POWER,1 month,2025-August-24,14.8,1.45,0.21,14.59
POWER,6 months,2026-January-21,20.37,39.62,5.78,14.59
CNERGY,1 day,2025-July-26,8.38,19.23,1.35,7.03
CNERGY,1 week,2025-August-01,7.94,12.97,0.91,7.03
CNERGY,1 month,2025-August-24,8.74,24.36,1.71,7.03
CNERGY,6 months,2026-January-21,10.88,54.8,3.85,7.03
CLCPS,1 day,2025-July-26,3.61,-23.79,-1.13,4.74
CLCPS,1 week,2025-August-01,3.23,-31.79,-1.51,4.74
CLCPS,1 month,2025-August-24,3.64,-23.24,-1.1,4.74
CLCPS,6 months,2026-January-21,5.11,7.91,0.37,4.74
AHCL,1 day,2025-July-26,13.96,9.52,1.21,12.75
AHCL,1 week,2025-August-01,23.05,80.79,10.3,12.75
AHCL,1 month,2025-August-24,16.02,25.66,3.27,12.75
AHCL,6 months,2026-January-21,10.82,-15.13,-1.93,12.75
FDPL,1 day,2025-July-26,4.18,-33.57,-2.12,6.3
FDPL,1 week,2025-August-01,3.96,-37.21,-2.34,6.3
FDPL,1 month,2025-August-24,4.05,-35.79,-2.25,6.3
FDPL,6 months,2026-January-21,4.6,-26.99,-1.7,6.3
ALAC,1 day,2025-July-26,6.7,-40.73,-4.6,11.3
ALAC,1 week,2025-August-01,8.16,-27.76,-3.14,11.3
ALAC,1 month,2025-August-24,7.05,-37.57,-4.25,11.3
ALAC,6 months,2026-January-21,8.83,-21.83,-2.47,11.3
KOSM,1 day,2025-July-26,5.87,-5.34,-0.33,6.2
KOSM,1 week,2025-August-01,5.65,-8.84,-0.55,6.2
KOSM,1 month,2025-August-24,7.95,28.29,1.75,6.2
KOSM,6 months,2026-January-21,5.55,-10.49,-0.65,6.2
PIBTL,1 day,2025-July-26,9.1,-7.22,-0.71,9.81
PIBTL,1 week,2025-August-01,9.46,-3.54,-0.35,9.81
PIBTL,1 month,2025-August-24,8.91,-9.13,-0.9,9.81
PIBTL,6 months,2026-January-21,12.07,23.07,2.26,9.81
HUBC,1 day,2025-July-26,139.22,-8.8,-13.44,152.66
HUBC,1 week,2025-August-01,137.05,-10.22,-15.61,152.66
HUBC,1 month,2025-August-24,135.95,-10.95,-16.71,152.66
HUBC,6 months,2026-January-21,141.75,-7.15,-10.91,152.66
SSGC,1 day,2025-July-26,49.03,12.19,5.33,43.7
SSGC,1 week,2025-August-01,47.98,9.8,4.28,43.7
SSGC,1 month,2025-August-24,50.07,14.57,6.37,43.7
SSGC,6 months,2026-January-21,69.36,58.71,25.66,43.7
CHBL,1 day,2025-July-26,8.81,-39.66,-5.79,14.6
CHBL,1 week,2025-August-01,8.72,-40.26,-5.88,14.6
CHBL,1 month,2025-August-24,9.13,-37.48,-5.47,14.6
CHBL,6 months,2026-January-21,12.77,-12.51,-1.83,14.6
MDTL,1 day,2025-July-26,2.37,-26.48,-0.85,3.22
MDTL,1 week,2025-August-01,2.48,-22.93,-0.74,3.22
MDTL,1 month,2025-August-24,2.46,-23.62,-0.76,3.22
MDTL,6 months,2026-January-21,2.7,-16.2,-0.52,3.22
BNL,1 day,2025-July-26,52.4,-58.2,-72.96,125.36
BNL,1 week,2025-August-01,61.87,-50.65,-63.49,125.36
BNL,1 month,2025-August-24,54.93,-56.18,-70.43,125.36
BNL,6 months,2026-January-21,85.87,-31.5,-39.49,125.36
AKBL,1 day,2025-July-26,53.98,-23.68,-16.75,70.73
AKBL,1 week,2025-August-01,55.94,-20.9,-14.79,70.73
AKBL,1 month,2025-August-24,54.37,-23.13,-16.36,70.73
AKBL,6 months,2026-January-21,73.84,4.4,3.11,70.73
ENGROH,1 day,2025-July-26,191.97,-11.75,-25.56,217.53
ENGROH,1 week,2025-August-01,197.01,-9.44,-20.52,217.53
ENGROH,1 month,2025-August-24,188.51,-13.34,-29.02,217.53
ENGROH,6 months,2026-January-21,228.62,5.1,11.09,217.53
PASL,1 day,2025-July-26,2.28,-20.11,-0.58,2.86
PASL,1 week,2025-August-01,2.23,-22.19,-0.63,2.86
PASL,1 month,2025-August-24,2.4,-16.01,-0.46,2.86
PASL,6 months,2026-January-21,2.54,-11.08,-0.32,2.86
TPLP,1 day,2025-July-26,8.43,-11.79,-1.13,9.56
TPLP,1 week,2025-August-01,9.7,1.45,0.14,9.56
TPLP,1 month,2025-August-24,8.72,-8.74,-0.84,9.56
TPLP,6 months,2026-January-21,13.71,43.42,4.15,9.56
PTC,1 day,2025-July-26,25.88,8.4,2.01,23.87
PTC,1 week,2025-August-01,25.46,6.67,1.59,23.87
PTC,1 month,2025-August-24,26.14,9.51,2.27,23.87
PTC,6 months,2026-January-21,33.56,40.6,9.69,23.87
HGFA,1 day,2025-July-26,13.76,-2.49,-0.35,14.11
HGFA,1 week,2025-August-01,12.03,-14.71,-2.08,14.11
HGFA,1 month,2025-August-24,14.08,-0.24,-0.03,14.11
HGFA,6 months,2026-January-21,14.85,5.23,0.74,14.11
TRSM,1 day,2025-July-26,6.58,-57.85,-9.03,15.61
TRSM,1 week,2025-August-01,8.55,-45.25,-7.06,15.61
TRSM,1 month,2025-August-24,6.33,-59.46,-9.28,15.61
TRSM,6 months,2026-January-21,10.99,-29.57,-4.62,15.61
NBP,1 day,2025-July-26,105.81,-15.0,-18.68,124.49
NBP,1 week,2025-August-01,109.61,-11.95,-14.88,124.49
NBP,1 month,2025-August-24,109.71,-11.87,-14.78,124.49
NBP,6 months,2026-January-21,137.19,10.2,12.7,124.49
TELE,1 day,2025-July-26,6.75,-10.18,-0.76,7.51
TELE,1 week,2025-August-01,7.94,5.71,0.43,7.51
TELE,1 month,2025-August-24,6.63,-11.71,-0.88,7.51
TELE,6 months,2026-January-21,8.67,15.46,1.16,7.51
SEARL,1 day,2025-July-26,84.88,-9.32,-8.72,93.6
SEARL,1 week,2025-August-01,103.13,10.18,9.53,93.6
SEARL,1 month,2025-August-24,92.71,-0.95,-0.89,93.6
SEARL,6 months,2026-January-21,131.98,41.0,38.38,93.6
PMI,1 day,2025-July-26,3.62,-22.99,-1.08,4.7
PMI,1 week,2025-August-01,3.69,-21.58,-1.01,4.7
PMI,1 month,2025-August-24,3.69,-21.57,-1.01,4.7
PMI,6 months,2026-January-21,3.39,-27.86,-1.31,4.7
PACE,1 day,2025-July-26,6.55,11.1,0.65,5.9
PACE,1 week,2025-August-01,6.95,17.87,1.05,5.9
PACE,1 month,2025-August-24,7.12,20.63,1.22,5.9
PACE,6 months,2026-January-21,7.92,34.28,2.02,5.9
TBL,1 day,2025-July-26,11.41,-4.98,-0.6,12.01
TBL,1 week,2025-August-01,14.45,20.32,2.44,12.01
TBL,1 month,2025-August-24,13.42,11.7,1.41,12.01
TBL,6 months,2026-January-21,42.99,257.96,30.98,12.01
GAL,1 day,2025-July-26,542.52,0.11,0.6,541.92
GAL,1 week,2025-August-01,545.19,0.6,3.27,541.92
GAL,1 month,2025-August-24,561.62,3.64,19.7,541.92
GAL,6 months,2026-January-21,681.41,25.74,139.49,541.92
PAKRI,1 day,2025-July-26,11.07,-27.79,-4.26,15.33
PAKRI,1 week,2025-August-01,14.8,-3.44,-0.53,15.33
PAKRI,1 month,2025-August-24,12.57,-18.0,-2.76,15.33
PAKRI,6 months,2026-January-21,19.09,24.53,3.76,15.33
IMAGE,1 day,2025-July-26,27.99,-4.97,-1.46,29.45
IMAGE,1 week,2025-August-01,28.92,-1.79,-0.53,29.45
IMAGE,1 month,2025-August-24,29.92,1.61,0.47,29.45
IMAGE,6 months,2026-January-21,35.79,21.53,6.34,29.45
HBL,1 day,2025-July-26,194.68,-14.05,-31.81,226.49
HBL,1 week,2025-August-01,191.82,-15.31,-34.67,226.49
HBL,1 month,2025-August-24,195.19,-13.82,-31.3,226.49
HBL,6 months,2026-January-21,226.82,0.14,0.33,226.49
DCL,1 day,2025-July-26,12.35,-4.34,-0.56,12.91
DCL,1 week,2025-August-01,11.75,-8.96,-1.16,12.91
DCL,1 month,2025-August-24,12.59,-2.45,-0.32,12.91
DCL,6 months,2026-January-21,14.22,10.17,1.31,12.91
MLCF,1 day,2025-July-26,80.43,-1.36,-1.11,81.54
MLCF,1 week,2025-August-01,82.46,1.13,0.92,81.54
MLCF,1 month,2025-August-24,82.56,1.25,1.02,81.54
MLCF,6 months,2026-January-21,102.02,25.12,20.48,81.54
PRL,1 day,2025-July-26,34.11,8.32,2.62,31.49
PRL,1 week,2025-August-01,33.12,5.18,1.63,31.49
PRL,1 month,2025-August-24,33.97,7.87,2.48,31.49
PRL,6 months,2026-January-21,43.64,38.59,12.15,31.49
DGKC,1 day,2025-July-26,159.94,-7.21,-12.43,172.37
DGKC,1 week,2025-August-01,163.97,-4.87,-8.4,172.37
DGKC,1 month,2025-August-24,161.79,-6.14,-10.58,172.37
DGKC,6 months,2026-January-21,201.73,17.04,29.36,172.37
PPL,1 day,2025-July-26,174.23,4.13,6.92,167.31
PPL,1 week,2025-August-01,176.32,5.38,9.01,167.31
PPL,1 month,2025-August-24,175.35,4.8,8.04,167.31
PPL,6 months,2026-January-21,230.44,37.73,63.13,167.31
GATM,1 day,2025-July-26,25.34,-22.82,-7.5,32.84
GATM,1 week,2025-August-01,26.57,-19.08,-6.27,32.84
GATM,1 month,2025-August-24,26.15,-20.36,-6.69,32.84
GATM,6 months,2026-January-21,31.1,-5.28,-1.74,32.84
DOL,1 day,2025-July-26,32.46,-10.71,-3.9,36.36
DOL,1 week,2025-August-01,31.37,-13.72,-4.99,36.36
DOL,1 month,2025-August-24,33.07,-9.04,-3.29,36.36
DOL,6 months,2026-January-21,40.78,12.16,4.42,36.36
THCCL,1 day,2025-July-26,196.97,332.52,151.43,45.54
THCCL,1 week,2025-August-01,200.35,339.94,154.81,45.54
THCCL,1 month,2025-August-24,226.79,398.0,181.25,45.54
THCCL,6 months,2026-January-21,287.31,530.9,241.77,45.54
TSBL,1 day,2025-July-26,11.73,-26.91,-4.32,16.05
TSBL,1 week,2025-August-01,12.37,-22.94,-3.68,16.05
TSBL,1 month,2025-August-24,11.88,-25.96,-4.17,16.05
TSBL,6 months,2026-January-21,11.42,-28.83,-4.63,16.05
PAEL,1 day,2025-July-26,43.13,6.56,2.66,40.47
PAEL,1 week,2025-August-01,46.15,14.04,5.68,40.47
PAEL,1 month,2025-August-24,43.93,8.55,3.46,40.47
PAEL,6 months,2026-January-21,60.96,50.62,20.49,40.47
PIAHCLA,1 day,2025-July-26,16.79,-20.01,-4.2,20.99
PIAHCLA,1 week,2025-August-01,17.79,-15.26,-3.2,20.99
PIAHCLA,1 month,2025-August-24,16.21,-22.8,-4.78,20.99
PIAHCLA,6 months,2026-January-21,17.76,-15.37,-3.23,20.99
CPHL,1 day,2025-July-26,101.4,24.66,20.06,81.34
CPHL,1 week,2025-August-01,100.04,22.99,18.7,81.34
CPHL,1 month,2025-August-24,107.78,32.51,26.44,81.34
CPHL,6 months,2026-January-21,138.73,70.56,57.39,81.34
SNBL,1 day,2025-July-26,20.16,-19.04,-4.74,24.9
SNBL,1 week,2025-August-01,19.88,-20.18,-5.02,24.9
SNBL,1 month,2025-August-24,20.51,-17.61,-4.39,24.9
SNBL,6 months,2026-January-21,23.98,-3.7,-0.92,24.9
FCCL,1 day,2025-July-26,48.12,4.83,2.22,45.9
FCCL,1 week,2025-August-01,48.44,5.53,2.54,45.9
FCCL,1 month,2025-August-24,49.91,8.74,4.01,45.9
FCCL,6 months,2026-January-21,63.66,38.69,17.76,45.9
DFML,1 day,2025-July-26,41.1,17.06,5.99,35.11
DFML,1 week,2025-August-01,37.11,5.69,2.0,35.11
DFML,1 month,2025-August-24,41.61,18.52,6.5,35.11
DFML,6 months,2026-January-21,34.96,-0.44,-0.15,35.11
CRTM,1 day,2025-July-26,18.01,-21.61,-4.96,22.97
CRTM,1 week,2025-August-01,19.08,-16.93,-3.89,22.97
CRTM,1 month,2025-August-24,18.79,-18.2,-4.18,22.97
CRTM,6 months,2026-January-21,21.29,-7.32,-1.68,22.97
WAVES,1 day,2025-July-26,9.02,5.78,0.49,8.53
WAVES,1 week,2025-August-01,8.61,0.97,0.08,8.53
WAVES,1 month,2025-August-24,9.28,8.79,0.75,8.53
WAVES,6 months,2026-January-21,9.42,10.49,0.89,8.53
BECO,1 day,2025-July-26,15.04,-31.77,-7.0,22.04
BECO,1 week,2025-August-01,14.99,-32.01,-7.05,22.04
BECO,1 month,2025-August-24,16.95,-23.1,-5.09,22.04
BECO,6 months,2026-January-21,20.29,-7.95,-1.75,22.04
MUGHAL,1 day,2025-July-26,65.78,-3.11,-2.11,67.89
MUGHAL,1 week,2025-August-01,69.55,2.45,1.66,67.89
MUGHAL,1 month,2025-August-24,71.45,5.24,3.56,67.89
MUGHAL,6 months,2026-January-21,67.53,-0.54,-0.36,67.89
TREET,1 day,2025-July-26,23.93,4.97,1.13,22.8
TREET,1 week,2025-August-01,25.48,11.74,2.68,22.8
TREET,1 month,2025-August-24,23.53,3.2,0.73,22.8
TREET,6 months,2026-January-21,28.73,26.02,5.93,22.8
HUMNL,1 day,2025-July-26,13.25,-5.51,-0.77,14.02
HUMNL,1 week,2025-August-01,13.52,-3.55,-0.5,14.02
HUMNL,1 month,2025-August-24,13.14,-6.29,-0.88,14.02
HUMNL,6 months,2026-January-21,14.26,1.73,0.24,14.02
GCWL,1 day,2025-July-26,12.94,1.54,0.2,12.74
GCWL,1 week,2025-August-01,5.9,-53.67,-6.84,12.74
GCWL,1 month,2025-August-24,-353.02,-2870.98,-365.76,12.74
GCWL,6 months,2026-January-21,126.21,890.68,113.47,12.74
OGDC,1 day,2025-July-26,228.51,1.15,2.6,225.91
OGDC,1 week,2025-August-01,233.96,3.56,8.05,225.91
OGDC,1 month,2025-August-24,235.66,4.32,9.75,225.91
OGDC,6 months,2026-January-21,291.26,28.93,65.35,225.91
ITTEFAQ,1 day,2025-July-26,6.48,-31.1,-2.93,9.41
ITTEFAQ,1 week,2025-August-01,8.29,-11.92,-1.12,9.41
ITTEFAQ,1 month,2025-August-24,7.02,-25.35,-2.39,9.41
ITTEFAQ,6 months,2026-January-21,11.62,23.5,2.21,9.41
DBCI,1 day,2025-July-26,6.11,-8.27,-0.55,6.66
DBCI,1 week,2025-August-01,7.42,11.43,0.76,6.66
DBCI,1 month,2025-August-24,7.08,6.36,0.42,6.66
DBCI,6 months,2026-January-21,5.62,-15.6,-1.04,6.66
TRG,1 day,2025-July-26,31.99,-41.83,-23.01,55.0
TRG,1 week,2025-August-01,64.7,17.64,9.7,55.0
TRG,1 month,2025-August-24,30.95,-43.73,-24.05,55.0
TRG,6 months,2026-January-21,69.74,26.8,14.74,55.0
PSX,1 day,2025-July-26,31.33,0.13,0.04,31.29
PSX,1 week,2025-August-01,32.39,3.51,1.1,31.29
PSX,1 month,2025-August-24,32.45,3.69,1.16,31.29
PSX,6 months,2026-January-21,41.53,32.74,10.24,31.29
PREMA,1 day,2025-July-26,47.42,19.75,7.82,39.6
PREMA,1 week,2025-August-01,52.07,31.5,12.47,39.6
PREMA,1 month,2025-August-24,53.63,35.42,14.03,39.6
PREMA,6 months,2026-January-21,70.05,76.89,30.45,39.6
WAVESAPP,1 day,2025-July-26,15.65,68.07,6.34,9.31
WAVESAPP,1 week,2025-August-01,13.22,42.01,3.91,9.31
WAVESAPP,1 month,2025-August-24,15.43,65.75,6.12,9.31
WAVESAPP,6 months,2026-January-21,13.84,48.68,4.53,9.31
BFAGRO,1 day,2025-July-26,226.95,454.89,186.05,40.9
BFAGRO,1 week,2025-August-01,23.12,-43.47,-17.78,40.9
BFAGRO,1 month,2025-August-24,-1041.46,-2646.35,-1082.36,40.9
BFAGRO,6 months,2026-January-21,-1058.96,-2689.15,-1099.86,40.9
GGL,1 day,2025-July-26,16.91,-13.35,-2.61,19.52
GGL,1 week,2025-August-01,17.57,-10.01,-1.95,19.52
GGL,1 month,2025-August-24,17.12,-12.28,-2.4,19.52
GGL,6 months,2026-January-21,22.49,15.19,2.97,19.52
FNEL,1 day,2025-July-26,4.75,20.59,0.81,3.94
FNEL,1 week,2025-August-01,2.64,-32.9,-1.3,3.94
FNEL,1 month,2025-August-24,4.28,8.53,0.34,3.94
FNEL,6 months,2026-January-21,4.78,21.26,0.84,3.94
SYM,1 day,2025-July-26,11.67,-18.62,-2.67,14.34
SYM,1 week,2025-August-01,12.81,-10.68,-1.53,14.34
SYM,1 month,2025-August-24,11.93,-16.83,-2.41,14.34
SYM,6 months,2026-January-21,18.49,28.91,4.15,14.34
UBL,1 day,2025-July-26,442.11,19.69,72.74,369.37
UBL,1 week,2025-August-01,471.13,27.55,101.76,369.37
UBL,1 month,2025-August-24,461.57,24.96,92.2,369.37
UBL,6 months,2026-January-21,575.12,55.7,205.75,369.37
STPL,1 day,2025-July-26,5.3,-26.76,-1.94,7.24
STPL,1 week,2025-August-01,6.56,-9.36,-0.68,7.24
STPL,1 month,2025-August-24,5.72,-20.96,-1.52,7.24
STPL,6 months,2026-January-21,6.26,-13.51,-0.98,7.24
AVN,1 day,2025-July-26,47.27,-4.7,-2.33,49.6
AVN,1 week,2025-August-01,58.2,17.33,8.6,49.6
AVN,1 month,2025-August-24,50.52,1.85,0.92,49.6
AVN,6 months,2026-January-21,59.19,19.34,9.59,49.6
FCSC,1 day,2025-July-26,2.17,-24.9,-0.72,2.89
FCSC,1 week,2025-August-01,2.32,-19.68,-0.57,2.89
FCSC,1 month,2025-August-24,2.29,-20.88,-0.6,2.89
FCSC,6 months,2026-January-21,2.51,-13.17,-0.38,2.89
ICIBL,1 day,2025-July-26,6.38,-40.89,-4.41,10.79
ICIBL,1 week,2025-August-01,5.86,-45.7,-4.93,10.79
ICIBL,1 month,2025-August-24,6.0,-44.35,-4.79,10.79
ICIBL,6 months,2026-January-21,7.91,-26.7,-2.88,10.79
BBFL,1 day,2025-July-26,57.01,17.86,8.64,48.37
BBFL,1 week,2025-August-01,62.96,30.17,14.59,48.37
BBFL,1 month,2025-August-24,101.31,109.44,52.94,48.37
BBFL,6 months,2026-January-21,63.29,30.84,14.92,48.37
DSL,1 day,2025-July-26,8.25,-8.47,-0.76,9.01
DSL,1 week,2025-August-01,8.3,-7.83,-0.71,9.01
DSL,1 month,2025-August-24,8.78,-2.57,-0.23,9.01
DSL,6 months,2026-January-21,9.44,4.81,0.43,9.01
DFSM,1 day,2025-July-26,4.73,-24.15,-1.5,6.23
DFSM,1 week,2025-August-01,5.04,-19.09,-1.19,6.23
DFSM,1 month,2025-August-24,5.01,-19.57,-1.22,6.23
DFSM,6 months,2026-January-21,5.95,-4.45,-0.28,6.23
AGHA,1 day,2025-July-26,4.86,-45.9,-4.12,8.98
AGHA,1 week,2025-August-01,8.3,-7.58,-0.68,8.98
AGHA,1 month,2025-August-24,5.81,-35.27,-3.17,8.98
AGHA,6 months,2026-January-21,8.78,-2.24,-0.2,8.98
GHGL,1 day,2025-July-26,39.09,-7.51,-3.17,42.26
GHGL,1 week,2025-August-01,38.62,-8.62,-3.64,42.26
GHGL,1 month,2025-August-24,39.14,-7.38,-3.12,42.26
GHGL,6 months,2026-January-21,45.98,8.81,3.72,42.26
SLGL,1 day,2025-July-26,15.88,-1.36,-0.22,16.1
SLGL,1 week,2025-August-01,16.88,4.82,0.78,16.1
SLGL,1 month,2025-August-24,17.96,11.57,1.86,16.1
SLGL,6 months,2026-January-21,23.9,48.45,7.8,16.1
SNGP,1 day,2025-July-26,119.32,2.48,2.89,116.43
SNGP,1 week,2025-August-01,125.52,7.8,9.09,116.43
SNGP,1 month,2025-August-24,122.02,4.8,5.59,116.43
SNGP,6 months,2026-January-21,158.24,35.91,41.81,116.43
DWSM,1 day,2025-July-26,7.5,-0.03,-0.0,7.5
DWSM,1 week,2025-August-01,6.92,-7.67,-0.58,7.5
DWSM,1 month,2025-August-24,7.22,-3.73,-0.28,7.5
DWSM,6 months,2026-January-21,8.15,8.67,0.65,7.5
LOADS,1 day,2025-July-26,14.99,3.19,0.46,14.53
LOADS,1 week,2025-August-01,17.75,22.14,3.22,14.53
LOADS,1 month,2025-August-24,16.78,15.49,2.25,14.53
LOADS,6 months,2026-January-21,20.59,41.68,6.06,14.53
ALTN,1 day,2025-July-26,15.62,36.62,4.19,11.43
ALTN,1 week,2025-August-01,11.41,-0.18,-0.02,11.43
ALTN,1 month,2025-August-24,14.29,24.98,2.86,11.43
ALTN,6 months,2026-January-21,7.65,-33.1,-3.78,11.43
YOUW,1 day,2025-July-26,4.81,-1.01,-0.05,4.86
YOUW,1 week,2025-August-01,4.47,-7.99,-0.39,4.86
YOUW,1 month,2025-August-24,5.9,21.4,1.04,4.86
YOUW,6 months,2026-January-21,5.36,10.22,0.5,4.86
HWQS,1 day,2025-July-26,21.67,-25.29,-7.34,29.01
HWQS,1 week,2025-August-01,18.74,-35.41,-10.27,29.01
HWQS,1 month,2025-August-24,19.35,-33.31,-9.66,29.01
HWQS,6 months,2026-January-21,25.98,-10.46,-3.03,29.01
HICL,1 day,2025-July-26,12.0,-30.58,-5.29,17.29
HICL,1 week,2025-August-01,10.96,-36.62,-6.33,17.29
HICL,1 month,2025-August-24,11.37,-34.23,-5.92,17.29
HICL,6 months,2026-January-21,12.49,-27.79,-4.8,17.29
ANL,1 day,2025-July-26,9.08,-22.19,-2.59,11.67
ANL,1 week,2025-August-01,9.99,-14.39,-1.68,11.67
ANL,1 month,2025-August-24,9.19,-21.28,-2.48,11.67
ANL,6 months,2026-January-21,10.24,-12.29,-1.43,11.67
DHPL,1 day,2025-July-26,43.08,4.12,1.7,41.38
DHPL,1 week,2025-August-01,29.96,-27.6,-11.42,41.38
DHPL,1 month,2025-August-24,5.36,-87.04,-36.02,41.38
DHPL,6 months,2026-January-21,48.74,17.77,7.36,41.38
CSAP,1 day,2025-July-26,115.81,3.1,3.48,112.33
CSAP,1 week,2025-August-01,121.48,8.15,9.15,112.33
CSAP,1 month,2025-August-24,129.95,15.69,17.62,112.33
CSAP,6 months,2026-January-21,149.99,33.53,37.66,112.33
BAPL,1 day,2025-July-26,40.43,-8.41,-3.71,44.14
BAPL,1 week,2025-August-01,39.81,-9.8,-4.33,44.14
BAPL,1 month,2025-August-24,45.99,4.18,1.85,44.14
BAPL,6 months,2026-January-21,44.29,0.33,0.15,44.14
BIPL,1 day,2025-July-26,26.18,-22.33,-7.53,33.71
BIPL,1 week,2025-August-01,26.04,-22.74,-7.67,33.71
BIPL,1 month,2025-August-24,25.09,-25.57,-8.62,33.71
BIPL,6 months,2026-January-21,30.82,-8.56,-2.89,33.71
PSO,1 day,2025-July-26,422.22,11.35,43.04,379.18
PSO,1 week,2025-August-01,429.26,13.21,50.08,379.18
PSO,1 month,2025-August-24,438.58,15.67,59.4,379.18
PSO,6 months,2026-January-21,584.34,54.11,205.16,379.18
ASTM,1 day,2025-July-26,16.9,-22.77,-4.98,21.88
ASTM,1 week,2025-August-01,16.57,-24.28,-5.31,21.88
ASTM,1 month,2025-August-24,17.13,-21.71,-4.75,21.88
ASTM,6 months,2026-January-21,18.46,-15.63,-3.42,21.88
NRSL,1 day,2025-July-26,40.54,7.12,2.69,37.85
NRSL,1 week,2025-August-01,37.04,-2.14,-0.81,37.85
NRSL,1 month,2025-August-24,44.58,17.78,6.73,37.85
NRSL,6 months,2026-January-21,42.82,13.14,4.97,37.85
UNITY,1 day,2025-July-26,25.57,-1.78,-0.46,26.03
UNITY,1 week,2025-August-01,30.54,17.33,4.51,26.03
UNITY,1 month,2025-August-24,25.59,-1.71,-0.44,26.03
UNITY,6 months,2026-January-21,30.09,15.59,4.06,26.03
LUCK,1 day,2025-July-26,826.37,130.48,467.83,358.54
LUCK,1 week,2025-August-01,719.47,100.67,360.93,358.54
LUCK,1 month,2025-August-24,790.74,120.54,432.2,358.54
LUCK,6 months,2026-January-21,624.7,74.23,266.16,358.54
SKRS,1 day,2025-July-26,12.3,-0.97,-0.12,12.42
SKRS,1 week,2025-August-01,12.75,2.63,0.33,12.42
SKRS,1 month,2025-August-24,12.14,-2.27,-0.28,12.42
SKRS,6 months,2026-January-21,14.97,20.57,2.55,12.42
JSMFETF,1 day,2025-July-26,10.21,-2.34,-0.24,10.45
JSMFETF,1 week,2025-August-01,10.45,0.04,0.0,10.45
JSMFETF,1 month,2025-August-24,4.69,-55.12,-5.76,10.45
JSMFETF,6 months,2026-January-21,4.15,-60.27,-6.3,10.45
AGL,1 day,2025-July-26,67.91,15.42,9.07,58.84
AGL,1 week,2025-August-01,62.46,6.16,3.62,58.84
AGL,1 month,2025-August-24,69.83,18.67,10.99,58.84
AGL,6 months,2026-January-21,79.07,34.39,20.23,58.84
HCAR,1 day,2025-July-26,295.18,-1.18,-3.52,298.7
HCAR,1 week,2025-August-01,312.02,4.46,13.32,298.7
HCAR,1 month,2025-August-24,293.68,-1.68,-5.02,298.7
HCAR,6 months,2026-January-21,317.41,6.26,18.71,298.7
FCL,1 day,2025-July-26,24.65,-1.52,-0.38,25.03
FCL,1 week,2025-August-01,23.87,-4.63,-1.16,25.03
FCL,1 month,2025-August-24,27.98,11.8,2.95,25.03
FCL,6 months,2026-January-21,34.32,37.1,9.29,25.03
EPCL,1 day,2025-July-26,36.41,11.06,3.63,32.78
EPCL,1 week,2025-August-01,28.8,-12.15,-3.98,32.78
EPCL,1 month,2025-August-24,33.6,2.51,0.82,32.78
EPCL,6 months,2026-January-21,25.76,-21.41,-7.02,32.78
NML,1 day,2025-July-26,119.18,-10.02,-13.26,132.44
NML,1 week,2025-August-01,129.81,-1.99,-2.63,132.44
NML,1 month,2025-August-24,127.2,-3.96,-5.24,132.44
NML,6 months,2026-January-21,166.07,25.39,33.63,132.44
SHDT,1 day,2025-July-26,48.09,-28.32,-19.0,67.09
SHDT,1 week,2025-August-01,55.39,-17.44,-11.7,67.09
SHDT,1 month,2025-August-24,52.33,-22.0,-14.76,67.09
SHDT,6 months,2026-January-21,79.7,18.8,12.61,67.09
FABL,1 day,2025-July-26,67.22,-13.98,-10.92,78.14
FABL,1 week,2025-August-01,64.91,-16.93,-13.23,78.14
FABL,1 month,2025-August-24,64.69,-17.22,-13.45,78.14
FABL,6 months,2026-January-21,73.36,-6.12,-4.78,78.14
EFERT,1 day,2025-July-26,195.45,-9.68,-20.95,216.4
EFERT,1 week,2025-August-01,197.0,-8.96,-19.4,216.4
EFERT,1 month,2025-August-24,193.48,-10.59,-22.92,216.4
EFERT,6 months,2026-January-21,211.15,-2.43,-5.25,216.4
SYS,1 day,2025-July-26,293.16,144.75,173.38,119.78
SYS,1 week,2025-August-01,348.66,191.08,228.88,119.78
SYS,1 month,2025-August-24,332.05,177.21,212.27,119.78
SYS,6 months,2026-January-21,397.55,231.9,277.77,119.78
LIVEN,1 day,2025-July-26,84.19,22.42,15.42,68.77
LIVEN,1 week,2025-August-01,87.03,26.55,18.26,68.77
LIVEN,1 month,2025-August-24,107.21,55.9,38.44,68.77
LIVEN,6 months,2026-January-21,144.04,109.45,75.27,68.77
BAFL,1 day,2025-July-26,86.52,-5.91,-5.43,91.95
BAFL,1 week,2025-August-01,85.94,-6.53,-6.01,91.95
BAFL,1 month,2025-August-24,85.44,-7.08,-6.51,91.95
BAFL,6 months,2026-January-21,98.56,7.19,6.61,91.95
JSBL,1 day,2025-July-26,10.54,-32.25,-5.02,15.56
JSBL,1 week,2025-August-01,10.57,-32.06,-4.99,15.56
JSBL,1 month,2025-August-24,9.87,-36.57,-5.69,15.56
JSBL,6 months,2026-January-21,12.35,-20.63,-3.21,15.56
LOTCHEM,1 day,2025-July-26,21.72,5.18,1.07,20.65
LOTCHEM,1 week,2025-August-01,22.27,7.82,1.62,20.65
LOTCHEM,1 month,2025-August-24,20.39,-1.26,-0.26,20.65
LOTCHEM,6 months,2026-January-21,23.49,13.76,2.84,20.65
UCAPM,1 day,2025-July-26,4.55,-16.74,-0.91,5.46
UCAPM,1 week,2025-August-01,3.58,-34.5,-1.88,5.46
UCAPM,1 month,2025-August-24,4.66,-14.65,-0.8,5.46
UCAPM,6 months,2026-January-21,4.19,-23.23,-1.27,5.46
PKGS,1 day,2025-July-26,553.1,-13.84,-88.85,641.95
PKGS,1 week,2025-August-01,547.64,-14.69,-94.31,641.95
PKGS,1 month,2025-August-24,525.01,-18.22,-116.94,641.95
PKGS,6 months,2026-January-21,620.44,-3.35,-21.51,641.95
TOMCL,1 day,2025-July-26,29.35,-14.76,-5.08,34.43
TOMCL,1 week,2025-August-01,33.41,-2.98,-1.02,34.43
TOMCL,1 month,2025-August-24,29.89,-13.19,-4.54,34.43
TOMCL,6 months,2026-January-21,28.07,-18.48,-6.36,34.43
GCIL,1 day,2025-July-26,21.71,-15.05,-3.85,25.56
GCIL,1 week,2025-August-01,23.47,-8.16,-2.09,25.56
GCIL,1 month,2025-August-24,21.83,-14.59,-3.73,25.56
GCIL,6 months,2026-January-21,31.11,21.72,5.55,25.56
ABL,1 day,2025-July-26,161.59,-14.2,-26.74,188.33
ABL,1 week,2025-August-01,160.34,-14.86,-27.99,188.33
ABL,1 month,2025-August-24,160.28,-14.89,-28.05,188.33
ABL,6 months,2026-January-21,190.44,1.12,2.11,188.33
MARI,1 day,2025-July-26,535.65,-13.92,-86.63,622.28
MARI,1 week,2025-August-01,174.5,-71.96,-447.78,622.28
MARI,1 month,2025-August-24,405.54,-34.83,-216.74,622.28
MARI,6 months,2026-January-21,-726.27,-216.71,-1348.55,622.28
MEBL,1 day,2025-July-26,351.09,-1.14,-4.04,355.13
MEBL,1 week,2025-August-01,338.14,-4.79,-16.99,355.13
MEBL,1 month,2025-August-24,360.27,1.45,5.14,355.13
MEBL,6 months,2026-January-21,355.95,0.23,0.82,355.13
GHNI,1 day,2025-July-26,778.91,-4.79,-39.21,818.12
GHNI,1 week,2025-August-01,809.07,-1.11,-9.05,818.12
GHNI,1 month,2025-August-24,815.74,-0.29,-2.38,818.12
GHNI,6 months,2026-January-21,1042.82,27.47,224.7,818.12
INIL,1 day,2025-July-26,172.49,-6.38,-11.75,184.24
INIL,1 week,2025-August-01,172.93,-6.14,-11.31,184.24
INIL,1 month,2025-August-24,170.49,-7.46,-13.75,184.24
INIL,6 months,2026-January-21,175.41,-4.79,-8.83,184.24
PICT,1 day,2025-July-26,27.27,-38.96,-17.41,44.68
PICT,1 week,2025-August-01,37.61,-15.82,-7.07,44.68
PICT,1 month,2025-August-24,44.38,-0.68,-0.3,44.68
PICT,6 months,2026-January-21,40.33,-9.74,-4.35,44.68
BWHL,1 day,2025-July-26,164.28,-8.37,-15.01,179.29
BWHL,1 week,2025-August-01,136.31,-23.97,-42.98,179.29
BWHL,1 month,2025-August-24,177.72,-0.88,-1.57,179.29
BWHL,6 months,2026-January-21,171.13,-4.55,-8.16,179.29
IBLHL,1 day,2025-July-26,63.46,2.41,1.49,61.97
IBLHL,1 week,2025-August-01,60.17,-2.9,-1.8,61.97
IBLHL,1 month,2025-August-24,63.43,2.35,1.46,61.97
IBLHL,6 months,2026-January-21,70.86,14.35,8.89,61.97
FCEPL,1 day,2025-July-26,106.59,23.99,20.62,85.97
FCEPL,1 week,2025-August-01,93.9,9.22,7.93,85.97
FCEPL,1 month,2025-August-24,109.73,27.64,23.76,85.97
FCEPL,6 months,2026-January-21,114.45,33.13,28.48,85.97
JSCLPSA,1 day,2025-July-26,11.68,7.51,0.82,10.86
JSCLPSA,1 week,2025-August-01,11.11,2.33,0.25,10.86
JSCLPSA,1 month,2025-August-24,11.66,7.36,0.8,10.86
JSCLPSA,6 months,2026-January-21,13.07,20.32,2.21,10.86
SHNI,1 day,2025-July-26,8.4,-23.84,-2.63,11.03
SHNI,1 week,2025-August-01,7.75,-29.75,-3.28,11.03
SHNI,1 month,2025-August-24,7.89,-28.42,-3.14,11.03
SHNI,6 months,2026-January-21,9.84,-10.8,-1.19,11.03
BAHL,1 day,2025-July-26,162.62,-1.68,-2.78,165.4
BAHL,1 week,2025-August-01,160.51,-2.96,-4.89,165.4
BAHL,1 month,2025-August-24,161.6,-2.3,-3.8,165.4
BAHL,6 months,2026-January-21,196.81,18.99,31.41,165.4
GGGL,1 day,2025-July-26,7.12,-25.89,-2.49,9.61
GGGL,1 week,2025-August-01,11.08,15.31,1.47,9.61
GGGL,1 month,2025-August-24,7.75,-19.38,-1.86,9.61
GGGL,6 months,2026-January-21,12.16,26.57,2.55,9.61
IGIHL,1 day,2025-July-26,213.21,-24.57,-69.46,282.67
IGIHL,1 week,2025-August-01,213.22,-24.57,-69.45,282.67
IGIHL,1 month,2025-August-24,217.47,-23.06,-65.2,282.67
IGIHL,6 months,2026-January-21,234.17,-17.16,-48.5,282.67
UNIC,1 day,2025-July-26,16.65,2.16,0.35,16.3
UNIC,1 week,2025-August-01,17.16,5.29,0.86,16.3
UNIC,1 month,2025-August-24,17.17,5.33,0.87,16.3
UNIC,6 months,2026-January-21,18.96,16.3,2.66,16.3
DCR,1 day,2025-July-26,28.56,0.84,0.24,28.32
DCR,1 week,2025-August-01,28.44,0.43,0.12,28.32
DCR,1 month,2025-August-24,29.37,3.7,1.05,28.32
DCR,6 months,2026-January-21,34.58,22.11,6.26,28.32
CSIL,1 day,2025-July-26,3.33,-12.18,-0.46,3.79
CSIL,1 week,2025-August-01,3.28,-13.55,-0.51,3.79
CSIL,1 month,2025-August-24,3.62,-4.36,-0.17,3.79
CSIL,6 months,2026-January-21,3.47,-8.54,-0.32,3.79
IMS,1 day,2025-July-26,50.24,389.15,39.97,10.27
IMS,1 week,2025-August-01,44.37,332.02,34.1,10.27
IMS,1 month,2025-August-24,50.72,393.82,40.45,10.27
IMS,6 months,2026-January-21,44.75,335.75,34.48,10.27
ASTL,1 day,2025-July-26,21.68,-3.83,-0.86,22.54
ASTL,1 week,2025-August-01,22.77,1.03,0.23,22.54
ASTL,1 month,2025-August-24,24.73,9.72,2.19,22.54
ASTL,6 months,2026-January-21,27.96,24.05,5.42,22.54
ASC,1 day,2025-July-26,9.7,31.13,2.3,7.4
ASC,1 week,2025-August-01,7.18,-3.01,-0.22,7.4
ASC,1 month,2025-August-24,8.89,20.08,1.49,7.4
ASC,6 months,2026-January-21,8.88,19.94,1.48,7.4
AIRLINK,1 day,2025-July-26,162.87,16.47,23.03,139.84
AIRLINK,1 week,2025-August-01,164.35,17.53,24.51,139.84
AIRLINK,1 month,2025-August-24,177.74,27.1,37.9,139.84
AIRLINK,6 months,2026-January-21,201.11,43.81,61.27,139.84
HIRAT,1 day,2025-July-26,4.31,4.27,0.18,4.13
HIRAT,1 week,2025-August-01,3.96,-4.18,-0.17,4.13
HIRAT,1 month,2025-August-24,4.48,8.56,0.35,4.13
HIRAT,6 months,2026-January-21,4.51,9.23,0.38,4.13
UDPL,1 day,2025-July-26,73.89,-24.01,-23.35,97.24
UDPL,1 week,2025-August-01,76.45,-21.38,-20.79,97.24
UDPL,1 month,2025-August-24,77.24,-20.57,-20.0,97.24
UDPL,6 months,2026-January-21,94.79,-2.52,-2.45,97.24
KHTC,1 day,2025-July-26,295.29,-33.51,-148.84,444.13
KHTC,1 week,2025-August-01,375.07,-15.55,-69.06,444.13
KHTC,1 month,2025-August-24,300.7,-32.29,-143.43,444.13
KHTC,6 months,2026-January-21,398.93,-10.18,-45.2,444.13
OCTOPUS,1 day,2025-July-26,60.64,15.41,8.1,52.54
OCTOPUS,1 week,2025-August-01,48.77,-7.17,-3.77,52.54
OCTOPUS,1 month,2025-August-24,59.13,12.54,6.59,52.54
OCTOPUS,6 months,2026-January-21,25.06,-52.31,-27.48,52.54
ATRL,1 day,2025-July-26,718.37,7.71,51.44,666.93
ATRL,1 week,2025-August-01,707.65,6.11,40.72,666.93
ATRL,1 month,2025-August-24,732.76,9.87,65.83,666.93
ATRL,6 months,2026-January-21,891.48,33.67,224.55,666.93
NRL,1 day,2025-July-26,231.66,1.1,2.53,229.13
NRL,1 week,2025-August-01,222.35,-2.96,-6.78,229.13
NRL,1 month,2025-August-24,216.78,-5.39,-12.35,229.13
NRL,6 months,2026-January-21,232.09,1.29,2.96,229.13
CLVL,1 day,2025-July-26,16.81,-18.03,-3.7,20.51
CLVL,1 week,2025-August-01,18.71,-8.76,-1.8,20.51
CLVL,1 month,2025-August-24,17.02,-17.01,-3.49,20.51
CLVL,6 months,2026-January-21,17.33,-15.52,-3.18,20.51
MACFL,1 day,2025-July-26,32.46,-34.22,-16.89,49.35
MACFL,1 week,2025-August-01,31.44,-36.29,-17.91,49.35
MACFL,1 month,2025-August-24,32.29,-34.58,-17.06,49.35
MACFL,6 months,2026-January-21,38.53,-21.93,-10.82,49.35
ECOP,1 day,2025-July-26,58.27,13.67,7.01,51.26
ECOP,1 week,2025-August-01,58.41,13.95,7.15,51.26
ECOP,1 month,2025-August-24,63.43,23.73,12.17,51.26
ECOP,6 months,2026-January-21,75.74,47.76,24.48,51.26
ILP,1 day,2025-July-26,63.68,-9.01,-6.3,69.98
ILP,1 week,2025-August-01,58.39,-16.56,-11.59,69.98
ILP,1 month,2025-August-24,59.7,-14.69,-10.28,69.98
ILP,6 months,2026-January-21,56.35,-19.48,-13.63,69.98
EMCO,1 day,2025-July-26,40.99,-52.33,-45.01,86.0
EMCO,1 week,2025-August-01,50.13,-41.71,-35.87,86.0
EMCO,1 month,2025-August-24,39.97,-53.53,-46.03,86.0
EMCO,6 months,2026-January-21,52.88,-38.51,-33.12,86.0
ISL,1 day,2025-July-26,91.34,-3.98,-3.79,95.13
ISL,1 week,2025-August-01,91.0,-4.34,-4.13,95.13
ISL,1 month,2025-August-24,88.98,-6.46,-6.15,95.13
ISL,6 months,2026-January-21,100.84,6.0,5.71,95.13
FFC,1 day,2025-July-26,418.5,-9.6,-44.43,462.93
FFC,1 week,2025-August-01,442.22,-4.47,-20.71,462.93
FFC,1 month,2025-August-24,436.33,-5.75,-26.6,462.93
FFC,6 months,2026-January-21,579.0,25.07,116.07,462.93
AICL,1 day,2025-July-26,59.28,-13.65,-9.37,68.65
AICL,1 week,2025-August-01,57.43,-16.34,-11.22,68.65
AICL,1 month,2025-August-24,59.42,-13.44,-9.23,68.65
AICL,6 months,2026-January-21,70.78,3.1,2.13,68.65
BGL,1 day,2025-July-26,11.19,-0.12,-0.01,11.2
BGL,1 week,2025-August-01,11.45,2.19,0.25,11.2
BGL,1 month,2025-August-24,11.29,0.76,0.09,11.2
BGL,6 months,2026-January-21,8.24,-26.47,-2.96,11.2
AMTEX,1 day,2025-July-26,3.41,8.0,0.25,3.16
AMTEX,1 week,2025-August-01,2.93,-7.29,-0.23,3.16
AMTEX,1 month,2025-August-24,4.37,38.24,1.21,3.16
AMTEX,6 months,2026-January-21,3.32,5.17,0.16,3.16
FANM,1 day,2025-July-26,4.4,-14.89,-0.77,5.17
FANM,1 week,2025-August-01,4.03,-21.98,-1.14,5.17
FANM,1 month,2025-August-24,4.56,-11.84,-0.61,5.17
FANM,6 months,2026-January-21,3.92,-24.27,-1.25,5.17
FLYNG,1 day,2025-July-26,49.93,-0.87,-0.44,50.37
FLYNG,1 week,2025-August-01,51.69,2.62,1.32,50.37
FLYNG,1 month,2025-August-24,54.2,7.6,3.83,50.37
FLYNG,6 months,2026-January-21,70.44,39.84,20.07,50.37
NETSOL,1 day,2025-July-26,112.47,-21.78,-31.31,143.78
NETSOL,1 week,2025-August-01,152.05,5.75,8.27,143.78
NETSOL,1 month,2025-August-24,116.88,-18.71,-26.9,143.78
NETSOL,6 months,2026-January-21,159.24,10.75,15.46,143.78
GTYR,1 day,2025-July-26,41.56,-13.35,-6.41,47.97
GTYR,1 week,2025-August-01,45.3,-5.58,-2.67,47.97
GTYR,1 month,2025-August-24,40.91,-14.71,-7.06,47.97
GTYR,6 months,2026-January-21,46.59,-2.87,-1.38,47.97
JSCL,1 day,2025-July-26,20.04,-16.84,-4.06,24.1
JSCL,1 week,2025-August-01,20.93,-13.14,-3.17,24.1
JSCL,1 month,2025-August-24,18.69,-22.43,-5.41,24.1
JSCL,6 months,2026-January-21,25.69,6.58,1.59,24.1
PIOC,1 day,2025-July-26,208.05,-4.55,-9.91,217.96
PIOC,1 week,2025-August-01,224.88,3.17,6.92,217.96
PIOC,1 month,2025-August-24,217.95,-0.01,-0.01,217.96
PIOC,6 months,2026-January-21,241.31,10.71,23.35,217.96
HTL,1 day,2025-July-26,48.16,10.38,4.53,43.63
HTL,1 week,2025-August-01,52.99,21.44,9.36,43.63
HTL,1 month,2025-August-24,54.37,24.62,10.74,43.63
HTL,6 months,2026-January-21,53.2,21.93,9.57,43.63
CWSM,1 day,2025-July-26,31.13,-15.64,-5.77,36.9
CWSM,1 week,2025-August-01,44.36,20.21,7.46,36.9
CWSM,1 month,2025-August-24,52.51,42.3,15.61,36.9
CWSM,6 months,2026-January-21,25.44,-31.05,-11.46,36.9
NATF,1 day,2025-July-26,318.66,-6.2,-21.06,339.72
NATF,1 week,2025-August-01,305.73,-10.01,-33.99,339.72
NATF,1 month,2025-August-24,320.26,-5.73,-19.46,339.72
NATF,6 months,2026-January-21,346.01,1.85,6.29,339.72
SPEL,1 day,2025-July-26,52.63,6.4,3.17,49.46
SPEL,1 week,2025-August-01,54.65,10.49,5.19,49.46
SPEL,1 month,2025-August-24,60.15,21.62,10.69,49.46
SPEL,6 months,2026-January-21,59.99,21.3,10.53,49.46
ZAL,1 day,2025-July-26,-67.87,-371.38,-92.88,25.01
ZAL,1 week,2025-August-01,53.66,114.55,28.65,25.01
ZAL,1 month,2025-August-24,437.97,1651.18,412.96,25.01
ZAL,6 months,2026-January-21,752.55,2908.99,727.54,25.01
FHAM,1 day,2025-July-26,24.06,-9.03,-2.39,26.45
FHAM,1 week,2025-August-01,24.94,-5.69,-1.51,26.45
FHAM,1 month,2025-August-24,24.61,-6.97,-1.84,26.45
FHAM,6 months,2026-January-21,28.27,6.87,1.82,26.45
QUICE,1 day,2025-July-26,8.1,5.06,0.39,7.71
QUICE,1 week,2025-August-01,8.22,6.56,0.51,7.71
QUICE,1 month,2025-August-24,8.8,14.2,1.09,7.71
QUICE,6 months,2026-January-21,8.89,15.34,1.18,7.71
GATI,1 day,2025-July-26,119.41,-24.62,-39.0,158.41
GATI,1 week,2025-August-01,117.74,-25.67,-40.67,158.41
GATI,1 month,2025-August-24,114.9,-27.46,-43.51,158.41
GATI,6 months,2026-January-21,99.1,-37.44,-59.31,158.41
FATIMA,1 day,2025-July-26,98.12,-9.17,-9.9,108.02
FATIMA,1 week,2025-August-01,98.63,-8.7,-9.39,108.02
FATIMA,1 month,2025-August-24,99.88,-7.53,-8.14,108.02
FATIMA,6 months,2026-January-21,125.47,16.15,17.45,108.02
MZNPETF,1 day,2025-July-26,16.89,2.84,0.47,16.42
MZNPETF,1 week,2025-August-01,17.4,5.95,0.98,16.42
MZNPETF,1 month,2025-August-24,17.18,4.65,0.76,16.42
MZNPETF,6 months,2026-January-21,20.78,26.54,4.36,16.42
JVDC,1 day,2025-July-26,83.47,5.02,3.99,79.48
JVDC,1 week,2025-August-01,73.96,-6.95,-5.52,79.48
JVDC,1 month,2025-August-24,86.92,9.36,7.44,79.48
JVDC,6 months,2026-January-21,97.48,22.64,18.0,79.48
KAPCO,1 day,2025-July-26,33.88,0.27,0.09,33.79
KAPCO,1 week,2025-August-01,34.21,1.24,0.42,33.79
KAPCO,1 month,2025-August-24,35.06,3.77,1.27,33.79
KAPCO,6 months,2026-January-21,40.18,18.92,6.39,33.79
PPP,1 day,2025-July-26,239.34,6.63,14.89,224.45
PPP,1 week,2025-August-01,208.27,-7.21,-16.18,224.45
PPP,1 month,2025-August-24,220.57,-1.73,-3.88,224.45
PPP,6 months,2026-January-21,285.38,27.15,60.93,224.45
UBDL,1 day,2025-July-26,28.02,13.78,3.39,24.63
UBDL,1 week,2025-August-01,28.14,14.26,3.51,24.63
UBDL,1 month,2025-August-24,28.83,17.04,4.2,24.63
UBDL,6 months,2026-January-21,37.01,50.27,12.38,24.63
MIIETF,1 day,2025-July-26,13.65,-3.03,-0.43,14.08
MIIETF,1 week,2025-August-01,13.42,-4.72,-0.66,14.08
MIIETF,1 month,2025-August-24,12.35,-12.31,-1.73,14.08
MIIETF,6 months,2026-January-21,14.3,1.54,0.22,14.08
TCORP,1 day,2025-July-26,17.02,-9.49,-1.78,18.8
TCORP,1 week,2025-August-01,16.08,-14.49,-2.72,18.8
TCORP,1 month,2025-August-24,15.96,-15.09,-2.84,18.8
TCORP,6 months,2026-January-21,16.04,-14.7,-2.76,18.8
PNSC,1 day,2025-July-26,397.13,-7.18,-30.73,427.86
PNSC,1 week,2025-August-01,365.74,-14.52,-62.12,427.86
PNSC,1 month,2025-August-24,387.13,-9.52,-40.73,427.86
PNSC,6 months,2026-January-21,421.54,-1.48,-6.32,427.86
PTL,1 day,2025-July-26,43.05,-12.14,-5.95,49.0
PTL,1 week,2025-August-01,48.69,-0.64,-0.31,49.0
PTL,1 month,2025-August-24,44.31,-9.58,-4.69,49.0
PTL,6 months,2026-January-21,46.7,-4.69,-2.3,49.0
FIBLM,1 day,2025-July-26,5.45,-19.44,-1.31,6.76
FIBLM,1 week,2025-August-01,4.27,-36.87,-2.49,6.76
FIBLM,1 month,2025-August-24,3.63,-46.31,-3.13,6.76
FIBLM,6 months,2026-January-21,5.72,-15.36,-1.04,6.76
SMCPL,1 day,2025-July-26,21.43,-22.82,-6.33,27.76
SMCPL,1 week,2025-August-01,22.52,-18.87,-5.24,27.76
SMCPL,1 month,2025-August-24,19.55,-29.57,-8.21,27.76
SMCPL,6 months,2026-January-21,21.17,-23.73,-6.59,27.76
DYNO,1 day,2025-July-26,297.09,1.58,4.62,292.47
DYNO,1 week,2025-August-01,267.7,-8.47,-24.77,292.47
DYNO,1 month,2025-August-24,297.75,1.81,5.28,292.47
DYNO,6 months,2026-January-21,281.93,-3.6,-10.54,292.47
PINL,1 day,2025-July-26,7.01,-25.49,-2.4,9.41
PINL,1 week,2025-August-01,7.69,-18.23,-1.72,9.41
PINL,1 month,2025-August-24,6.58,-30.03,-2.83,9.41
PINL,6 months,2026-January-21,7.0,-25.61,-2.41,9.41
BCL,1 day,2025-July-26,108.45,-7.98,-9.4,117.85
BCL,1 week,2025-August-01,110.64,-6.12,-7.21,117.85
BCL,1 month,2025-August-24,91.87,-22.05,-25.98,117.85
BCL,6 months,2026-January-21,87.61,-25.66,-30.24,117.85
LPL,1 day,2025-July-26,31.13,27.44,6.7,24.43
LPL,1 week,2025-August-01,27.54,12.74,3.11,24.43
LPL,1 month,2025-August-24,30.56,25.09,6.13,24.43
LPL,6 months,2026-January-21,29.18,19.45,4.75,24.43
TATM,1 day,2025-July-26,155.33,-43.59,-120.02,275.35
TATM,1 week,2025-August-01,119.66,-56.54,-155.69,275.35
TATM,1 month,2025-August-24,131.14,-52.37,-144.21,275.35
TATM,6 months,2026-January-21,133.34,-51.57,-142.01,275.35
SPWL,1 day,2025-July-26,12.98,10.38,1.22,11.76
SPWL,1 week,2025-August-01,10.21,-13.21,-1.55,11.76
SPWL,1 month,2025-August-24,12.88,9.56,1.12,11.76
SPWL,6 months,2026-January-21,7.45,-36.69,-4.31,11.76
CTM,1 day,2025-July-26,5.43,-7.93,-0.47,5.9
CTM,1 week,2025-August-01,4.99,-15.41,-0.91,5.9
CTM,1 month,2025-August-24,6.03,2.24,0.13,5.9
CTM,6 months,2026-January-21,5.41,-8.31,-0.49,5.9
POL,1 day,2025-July-26,544.44,-11.43,-70.28,614.72
POL,1 week,2025-August-01,576.22,-6.26,-38.5,614.72
POL,1 month,2025-August-24,575.87,-6.32,-38.85,614.72
POL,6 months,2026-January-21,582.17,-5.3,-32.55,614.72
KSBP,1 day,2025-July-26,230.35,1.91,4.32,226.03
KSBP,1 week,2025-August-01,219.66,-2.82,-6.37,226.03
KSBP,1 month,2025-August-24,221.37,-2.06,-4.66,226.03
KSBP,6 months,2026-January-21,282.34,24.91,56.31,226.03
RPL,1 day,2025-July-26,16.86,-17.03,-3.46,20.32
RPL,1 week,2025-August-01,19.38,-4.6,-0.94,20.32
RPL,1 month,2025-August-24,18.42,-9.34,-1.9,20.32
RPL,6 months,2026-January-21,21.99,8.21,1.67,20.32
TPL,1 day,2025-July-26,5.59,2.41,0.13,5.46
TPL,1 week,2025-August-01,6.17,13.08,0.71,5.46
TPL,1 month,2025-August-24,5.15,-5.7,-0.31,5.46
TPL,6 months,2026-January-21,5.58,2.15,0.12,5.46
SPL,1 day,2025-July-26,13.41,-33.83,-6.85,20.26
SPL,1 week,2025-August-01,14.83,-26.79,-5.43,20.26
SPL,1 month,2025-August-24,13.05,-35.58,-7.21,20.26
SPL,6 months,2026-January-21,15.95,-21.27,-4.31,20.26
AATM,1 day,2025-July-26,97.28,86.14,45.02,52.26
AATM,1 week,2025-August-01,81.93,56.77,29.67,52.26
AATM,1 month,2025-August-24,145.53,178.48,93.27,52.26
AATM,6 months,2026-January-21,100.16,91.65,47.9,52.26
TPLI,1 day,2025-July-26,7.84,-5.65,-0.47,8.31
TPLI,1 week,2025-August-01,7.54,-9.24,-0.77,8.31
TPLI,1 month,2025-August-24,4.45,-46.5,-3.86,8.31
TPLI,6 months,2026-January-21,1.29,-84.51,-7.02,8.31
MWMP,1 day,2025-July-26,28.53,-22.0,-8.04,36.57
MWMP,1 week,2025-August-01,25.49,-30.3,-11.08,36.57
MWMP,1 month,2025-August-24,22.98,-37.17,-13.59,36.57
MWMP,6 months,2026-January-21,24.68,-32.52,-11.89,36.57
TSPL,1 day,2025-July-26,7.38,-13.43,-1.14,8.52
TSPL,1 week,2025-August-01,6.21,-27.13,-2.31,8.52
TSPL,1 month,2025-August-24,5.72,-32.86,-2.8,8.52
TSPL,6 months,2026-January-21,5.61,-34.1,-2.91,8.52
IGIL,1 day,2025-July-26,28.65,19.81,4.74,23.91
IGIL,1 week,2025-August-01,19.68,-17.71,-4.23,23.91
IGIL,1 month,2025-August-24,29.59,23.74,5.68,23.91
IGIL,6 months,2026-January-21,21.98,-8.06,-1.93,23.91
HINO,1 day,2025-July-26,592.35,2.68,15.48,576.87
HINO,1 week,2025-August-01,438.28,-24.02,-138.59,576.87
HINO,1 month,2025-August-24,540.97,-6.22,-35.9,576.87
HINO,6 months,2026-January-21,532.48,-7.7,-44.39,576.87
CYAN,1 day,2025-July-26,38.81,-3.33,-1.34,40.15
CYAN,1 week,2025-August-01,35.86,-10.7,-4.29,40.15
CYAN,1 month,2025-August-24,40.38,0.58,0.23,40.15
CYAN,6 months,2026-January-21,44.97,12.0,4.82,40.15
TPLT,1 day,2025-July-26,8.34,10.37,0.78,7.56
TPLT,1 week,2025-August-01,7.43,-1.67,-0.13,7.56
TPLT,1 month,2025-August-24,9.15,21.02,1.59,7.56
TPLT,6 months,2026-January-21,6.92,-8.41,-0.64,7.56
AKDSL,1 day,2025-July-26,32.77,-1.54,-0.51,33.28
AKDSL,1 week,2025-August-01,27.54,-17.24,-5.74,33.28
AKDSL,1 month,2025-August-24,28.82,-13.39,-4.46,33.28
AKDSL,6 months,2026-January-21,32.67,-1.84,-0.61,33.28
AGSML,1 day,2025-July-26,6.51,-28.9,-2.64,9.15
AGSML,1 week,2025-August-01,6.25,-31.73,-2.9,9.15
AGSML,1 month,2025-August-24,6.99,-23.58,-2.16,9.15
AGSML,6 months,2026-January-21,7.02,-23.25,-2.13,9.15
EPQL,1 day,2025-July-26,35.4,13.26,4.15,31.25
EPQL,1 week,2025-August-01,28.36,-9.24,-2.89,31.25
EPQL,1 month,2025-August-24,32.11,2.76,0.86,31.25
EPQL,6 months,2026-January-21,30.28,-3.1,-0.97,31.25
DSIL,1 day,2025-July-26,5.41,-14.54,-0.92,6.33
DSIL,1 week,2025-August-01,5.97,-5.69,-0.36,6.33
DSIL,1 month,2025-August-24,6.25,-1.25,-0.08,6.33
DSIL,6 months,2026-January-21,7.41,17.12,1.08,6.33
STCL,1 day,2025-July-26,13.0,-26.94,-4.8,17.8
STCL,1 week,2025-August-01,15.25,-14.32,-2.55,17.8
STCL,1 month,2025-August-24,13.36,-24.92,-4.44,17.8
STCL,6 months,2026-January-21,16.33,-8.26,-1.47,17.8
FPJM,1 day,2025-July-26,4.46,-6.85,-0.33,4.79
FPJM,1 week,2025-August-01,4.26,-11.02,-0.53,4.79
FPJM,1 month,2025-August-24,4.49,-6.34,-0.3,4.79
FPJM,6 months,2026-January-21,5.15,7.61,0.36,4.79
CEPB,1 day,2025-July-26,26.9,-6.79,-1.96,28.86
CEPB,1 week,2025-August-01,28.38,-1.66,-0.48,28.86
CEPB,1 month,2025-August-24,23.84,-17.4,-5.02,28.86
CEPB,6 months,2026-January-21,31.56,9.36,2.7,28.86
BFBIO,1 day,2025-July-26,141.92,-13.72,-22.56,164.48
BFBIO,1 week,2025-August-01,163.72,-0.46,-0.76,164.48
BFBIO,1 month,2025-August-24,148.52,-9.7,-15.96,164.48
BFBIO,6 months,2026-January-21,339.2,106.22,174.72,164.48
CJPL,1 day,2025-July-26,6.51,2.97,0.19,6.32
CJPL,1 week,2025-August-01,5.49,-13.05,-0.83,6.32
CJPL,1 month,2025-August-24,4.53,-28.33,-1.79,6.32
CJPL,6 months,2026-January-21,6.3,-0.3,-0.02,6.32
PAKOXY,1 day,2025-July-26,164.11,-28.3,-64.77,228.88
PAKOXY,1 week,2025-August-01,180.49,-21.14,-48.39,228.88
PAKOXY,1 month,2025-August-24,183.24,-19.94,-45.64,228.88
PAKOXY,6 months,2026-January-21,220.09,-3.84,-8.79,228.88
MCB,1 day,2025-July-26,311.7,-9.62,-33.2,344.9
MCB,1 week,2025-August-01,318.01,-7.8,-26.89,344.9
MCB,1 month,2025-August-24,311.37,-9.72,-33.53,344.9
MCB,6 months,2026-January-21,367.36,6.51,22.46,344.9
GLAXO,1 day,2025-July-26,470.17,19.35,76.23,393.94
GLAXO,1 week,2025-August-01,451.53,14.62,57.59,393.94
GLAXO,1 month,2025-August-24,484.88,23.08,90.94,393.94
GLAXO,6 months,2026-January-21,604.25,53.39,210.31,393.94
GWLC,1 day,2025-July-26,48.83,0.13,0.06,48.77
GWLC,1 week,2025-August-01,49.51,1.52,0.74,48.77
GWLC,1 month,2025-August-24,52.29,7.22,3.52,48.77
GWLC,6 months,2026-January-21,63.84,30.91,15.07,48.77
MERIT,1 day,2025-July-26,12.31,3.13,0.37,11.94
MERIT,1 week,2025-August-01,11.94,-0.0,-0.0,11.94
MERIT,1 month,2025-August-24,11.7,-1.99,-0.24,11.94
MERIT,6 months,2026-January-21,12.55,5.11,0.61,11.94
NICL,1 day,2025-July-26,168.87,-6.16,-11.08,179.95
NICL,1 week,2025-August-01,165.83,-7.85,-14.12,179.95
NICL,1 month,2025-August-24,178.22,-0.96,-1.73,179.95
NICL,6 months,2026-January-21,186.34,3.55,6.39,179.95
INKL,1 day,2025-July-26,21.6,-43.6,-16.69,38.29
INKL,1 week,2025-August-01,24.55,-35.89,-13.74,38.29
INKL,1 month,2025-August-24,19.05,-50.24,-19.24,38.29
INKL,6 months,2026-January-21,29.33,-23.39,-8.96,38.29
PABC,1 day,2025-July-26,133.52,-12.92,-19.81,153.33
PABC,1 week,2025-August-01,135.66,-11.52,-17.67,153.33
PABC,1 month,2025-August-24,139.34,-9.12,-13.99,153.33
PABC,6 months,2026-January-21,173.97,13.46,20.64,153.33
CPPL,1 day,2025-July-26,111.59,-7.05,-8.46,120.05
CPPL,1 week,2025-August-01,111.04,-7.5,-9.01,120.05
CPPL,1 month,2025-August-24,108.86,-9.33,-11.19,120.05
CPPL,6 months,2026-January-21,119.06,-0.82,-0.99,120.05
AGP,1 day,2025-July-26,224.45,15.13,29.49,194.96
AGP,1 week,2025-August-01,208.37,6.88,13.41,194.96
AGP,1 month,2025-August-24,227.44,16.66,32.48,194.96
AGP,6 months,2026-January-21,270.47,38.73,75.51,194.96
GVGL,1 day,2025-July-26,44.97,-28.31,-17.75,62.72
GVGL,1 week,2025-August-01,48.36,-22.9,-14.36,62.72
GVGL,1 month,2025-August-24,46.19,-26.35,-16.53,62.72
GVGL,6 months,2026-January-21,51.51,-17.87,-11.21,62.72
BIFO,1 day,2025-July-26,200.3,9.91,18.06,182.24
BIFO,1 week,2025-August-01,195.37,7.21,13.13,182.24
BIFO,1 month,2025-August-24,208.18,14.23,25.94,182.24
BIFO,6 months,2026-January-21,252.96,38.81,70.72,182.24
SAZEW,1 day,2025-July-26,1187.54,-5.0,-62.45,1249.99
SAZEW,1 week,2025-August-01,1252.02,0.16,2.03,1249.99
SAZEW,1 month,2025-August-24,1176.29,-5.9,-73.7,1249.99
SAZEW,6 months,2026-January-21,1317.47,5.4,67.48,1249.99
SITC,1 day,2025-July-26,493.64,-19.69,-121.0,614.64
SITC,1 week,2025-August-01,489.92,-20.29,-124.72,614.64
SITC,1 month,2025-August-24,477.56,-22.3,-137.08,614.64
SITC,6 months,2026-January-21,537.15,-12.61,-77.49,614.64
NPL,1 day,2025-July-26,37.49,4.18,1.5,35.99
NPL,1 week,2025-August-01,36.88,2.49,0.89,35.99
NPL,1 month,2025-August-24,38.52,7.02,2.53,35.99
NPL,6 months,2026-January-21,38.4,6.71,2.41,35.99
KOHC,1 day,2025-July-26,403.56,-4.68,-19.81,423.37
KOHC,1 week,2025-August-01,427.23,0.91,3.86,423.37
KOHC,1 month,2025-August-24,421.9,-0.35,-1.47,423.37
KOHC,6 months,2026-January-21,510.08,20.48,86.71,423.37
KOHP,1 day,2025-July-26,7.2,-16.18,-1.39,8.59
KOHP,1 week,2025-August-01,6.8,-20.88,-1.79,8.59
KOHP,1 month,2025-August-24,8.15,-5.17,-0.44,8.59
KOHP,6 months,2026-January-21,7.09,-17.5,-1.5,8.59
BERG,1 day,2025-July-26,126.69,13.95,15.51,111.18
BERG,1 week,2025-August-01,114.55,3.03,3.37,111.18
BERG,1 month,2025-August-24,125.66,13.02,14.48,111.18
BERG,6 months,2026-January-21,127.72,14.88,16.54,111.18
SERT,1 day,2025-July-26,27.64,15.71,3.75,23.89
SERT,1 week,2025-August-01,24.16,1.11,0.27,23.89
SERT,1 month,2025-August-24,25.73,7.72,1.84,23.89
SERT,6 months,2026-January-21,26.27,9.97,2.38,23.89
MSCL,1 day,2025-July-26,15.91,14.12,1.97,13.94
MSCL,1 week,2025-August-01,13.38,-3.98,-0.56,13.94
MSCL,1 month,2025-August-24,15.18,8.86,1.24,13.94
MSCL,6 months,2026-January-21,12.35,-11.43,-1.59,13.94
FFLM,1 day,2025-July-26,3.11,-52.83,-3.49,6.6
FFLM,1 week,2025-August-01,3.64,-44.91,-2.96,6.6
FFLM,1 month,2025-August-24,2.16,-67.24,-4.44,6.6
FFLM,6 months,2026-January-21,4.56,-30.85,-2.04,6.6
ATLH,1 day,2025-July-26,1095.51,-5.58,-64.74,1160.25
ATLH,1 week,2025-August-01,1172.28,1.04,12.03,1160.25
ATLH,1 month,2025-August-24,1138.47,-1.88,-21.78,1160.25
ATLH,6 months,2026-January-21,1389.87,19.79,229.62,1160.25
FEM,1 day,2025-July-26,6.21,13.53,0.74,5.47
FEM,1 week,2025-August-01,4.33,-20.8,-1.14,5.47
FEM,1 month,2025-August-24,5.71,4.33,0.24,5.47
FEM,6 months,2026-January-21,4.32,-21.09,-1.15,5.47
NCPL,1 day,2025-July-26,24.83,-0.28,-0.07,24.9
NCPL,1 week,2025-August-01,23.97,-3.74,-0.93,24.9
NCPL,1 month,2025-August-24,26.56,6.65,1.66,24.9
NCPL,6 months,2026-January-21,22.65,-9.02,-2.25,24.9
AGIL,1 day,2025-July-26,132.73,-8.89,-12.96,145.69
AGIL,1 week,2025-August-01,134.6,-7.61,-11.09,145.69
AGIL,1 month,2025-August-24,130.04,-10.75,-15.65,145.69
AGIL,6 months,2026-January-21,159.09,9.2,13.4,145.69
FCIBL,1 day,2025-July-26,15.12,-25.92,-5.29,20.41
FCIBL,1 week,2025-August-01,12.48,-38.85,-7.93,20.41
FCIBL,1 month,2025-August-24,12.1,-40.7,-8.31,20.41
FCIBL,6 months,2026-January-21,15.25,-25.26,-5.16,20.41
PAKD,1 day,2025-July-26,265.41,10.72,25.7,239.71
PAKD,1 week,2025-August-01,227.86,-4.94,-11.85,239.71
PAKD,1 month,2025-August-24,266.49,11.17,26.78,239.71
PAKD,6 months,2026-January-21,330.9,38.04,91.19,239.71
ADAMS,1 day,2025-July-26,61.84,-20.66,-16.11,77.95
ADAMS,1 week,2025-August-01,63.07,-19.08,-14.88,77.95
ADAMS,1 month,2025-August-24,60.95,-21.81,-17.0,77.95
ADAMS,6 months,2026-January-21,63.75,-18.22,-14.2,77.95
CHCC,1 day,2025-July-26,284.62,-0.99,-2.83,287.45
CHCC,1 week,2025-August-01,298.08,3.7,10.63,287.45
CHCC,1 month,2025-August-24,309.01,7.5,21.56,287.45
CHCC,6 months,2026-January-21,365.1,27.01,77.65,287.45
ACPL,1 day,2025-July-26,322.27,17.77,48.64,273.63
ACPL,1 week,2025-August-01,319.62,16.81,45.99,273.63
ACPL,1 month,2025-August-24,338.5,23.71,64.87,273.63
ACPL,6 months,2026-January-21,443.59,62.11,169.96,273.63
MSOT,1 day,2025-July-26,58.0,-18.89,-13.51,71.51
MSOT,1 week,2025-August-01,60.17,-15.85,-11.34,71.51
MSOT,1 month,2025-August-24,59.98,-16.13,-11.53,71.51
MSOT,6 months,2026-January-21,62.62,-12.43,-8.89,71.51
IPAK,1 day,2025-July-26,21.0,-11.55,-2.74,23.74
IPAK,1 week,2025-August-01,23.52,-0.94,-0.22,23.74
IPAK,1 month,2025-August-24,24.38,2.7,0.64,23.74
IPAK,6 months,2026-January-21,35.21,48.33,11.47,23.74
JGICL,1 day,2025-July-26,72.89,7.59,5.14,67.75
JGICL,1 week,2025-August-01,61.75,-8.85,-6.0,67.75
JGICL,1 month,2025-August-24,73.06,7.84,5.31,67.75
JGICL,6 months,2026-January-21,80.0,18.09,12.25,67.75
FML,1 day,2025-July-26,68.55,-9.34,-7.06,75.61
FML,1 week,2025-August-01,68.6,-9.27,-7.01,75.61
FML,1 month,2025-August-24,63.7,-15.76,-11.91,75.61
FML,6 months,2026-January-21,66.79,-11.67,-8.82,75.61
MFFL,1 day,2025-July-26,248.96,18.83,39.46,209.5
MFFL,1 week,2025-August-01,224.64,7.23,15.14,209.5
MFFL,1 month,2025-August-24,247.95,18.35,38.45,209.5
MFFL,6 months,2026-January-21,333.02,58.96,123.52,209.5
TGL,1 day,2025-July-26,234.55,0.25,0.59,233.96
TGL,1 week,2025-August-01,235.84,0.8,1.88,233.96
TGL,1 month,2025-August-24,246.67,5.43,12.71,233.96
TGL,6 months,2026-January-21,294.41,25.84,60.45,233.96
HABSM,1 day,2025-July-26,77.41,-10.61,-9.19,86.6
HABSM,1 week,2025-August-01,78.76,-9.05,-7.84,86.6
HABSM,1 month,2025-August-24,79.11,-8.65,-7.49,86.6
HABSM,6 months,2026-January-21,83.08,-4.06,-3.52,86.6
LSEVL,1 day,2025-July-26,9.91,-13.79,-1.59,11.5
LSEVL,1 week,2025-August-01,10.89,-5.27,-0.61,11.5
LSEVL,1 month,2025-August-24,10.49,-8.76,-1.01,11.5
LSEVL,6 months,2026-January-21,13.89,20.74,2.39,11.5
NCL,1 day,2025-July-26,35.32,-23.02,-10.56,45.88
NCL,1 week,2025-August-01,41.29,-10.0,-4.59,45.88
NCL,1 month,2025-August-24,35.15,-23.39,-10.73,45.88
NCL,6 months,2026-January-21,46.0,0.25,0.12,45.88
BRRG,1 day,2025-July-26,29.01,-14.36,-4.87,33.88
BRRG,1 week,2025-August-01,27.94,-17.53,-5.94,33.88
BRRG,1 month,2025-August-24,26.1,-22.95,-7.78,33.88
BRRG,6 months,2026-January-21,35.35,4.33,1.47,33.88
SGPL,1 day,2025-July-26,8.85,7.71,0.63,8.22
SGPL,1 week,2025-August-01,7.53,-8.34,-0.69,8.22
SGPL,1 month,2025-August-24,8.51,3.56,0.29,8.22
SGPL,6 months,2026-January-21,5.7,-30.61,-2.52,8.22
BILF,1 day,2025-July-26,16.78,-21.16,-4.5,21.28
BILF,1 week,2025-August-01,21.32,0.19,0.04,21.28
BILF,1 month,2025-August-24,19.01,-10.65,-2.27,21.28
BILF,6 months,2026-January-21,27.91,31.15,6.63,21.28
HRPL,1 day,2025-July-26,24.61,-17.84,-5.34,29.95
HRPL,1 week,2025-August-01,31.49,5.14,1.54,29.95
HRPL,1 month,2025-August-24,25.68,-14.25,-4.27,29.95
HRPL,6 months,2026-January-21,28.56,-4.64,-1.39,29.95
BNWM,1 day,2025-July-26,63.83,-21.32,-17.3,81.13
BNWM,1 week,2025-August-01,59.79,-26.3,-21.34,81.13
BNWM,1 month,2025-August-24,65.73,-18.98,-15.4,81.13
BNWM,6 months,2026-January-21,74.05,-8.73,-7.08,81.13
PCAL,1 day,2025-July-26,188.08,4.92,8.82,179.26
PCAL,1 week,2025-August-01,176.45,-1.57,-2.81,179.26
PCAL,1 month,2025-August-24,191.89,7.05,12.63,179.26
PCAL,6 months,2026-January-21,195.82,9.24,16.56,179.26
IML,1 day,2025-July-26,22.22,-2.69,-0.62,22.84
IML,1 week,2025-August-01,20.78,-9.02,-2.06,22.84
IML,1 month,2025-August-24,23.32,2.1,0.48,22.84
IML,6 months,2026-January-21,20.87,-8.64,-1.97,22.84
DWTM,1 day,2025-July-26,8.19,27.32,1.76,6.43
DWTM,1 week,2025-August-01,7.73,20.27,1.3,6.43
DWTM,1 month,2025-August-24,9.28,44.31,2.85,6.43
DWTM,6 months,2026-January-21,7.95,23.62,1.52,6.43
KML,1 day,2025-July-26,69.19,-1.48,-1.04,70.23
KML,1 week,2025-August-01,49.96,-28.87,-20.27,70.23
KML,1 month,2025-August-24,60.03,-14.53,-10.2,70.23
KML,6 months,2026-January-21,65.03,-7.4,-5.2,70.23
MTL,1 day,2025-July-26,580.04,1.63,9.32,570.72
MTL,1 week,2025-August-01,574.03,0.58,3.31,570.72
MTL,1 month,2025-August-24,596.23,4.47,25.51,570.72
MTL,6 months,2026-January-21,604.77,5.97,34.05,570.72
ZTL,1 day,2025-July-26,18.14,3.01,0.53,17.61
ZTL,1 week,2025-August-01,14.14,-19.73,-3.47,17.61
ZTL,1 month,2025-August-24,16.07,-8.75,-1.54,17.61
ZTL,6 months,2026-January-21,14.9,-15.37,-2.71,17.61
ARPL,1 day,2025-July-26,525.76,12.37,57.87,467.89
ARPL,1 week,2025-August-01,460.43,-1.59,-7.46,467.89
ARPL,1 month,2025-August-24,547.72,17.06,79.83,467.89
ARPL,6 months,2026-January-21,554.91,18.6,87.02,467.89
CLOV,1 day,2025-July-26,41.63,0.97,0.4,41.23
CLOV,1 week,2025-August-01,43.6,5.74,2.37,41.23
CLOV,1 month,2025-August-24,45.69,10.82,4.46,41.23
CLOV,6 months,2026-January-21,46.56,12.92,5.33,41.23
SSOM,1 day,2025-July-26,718.2,-20.82,-188.83,907.03
SSOM,1 week,2025-August-01,861.72,-5.0,-45.31,907.03
SSOM,1 month,2025-August-24,759.52,-16.26,-147.51,907.03
SSOM,6 months,2026-January-21,1273.67,40.42,366.64,907.03
MIRKS,1 day,2025-July-26,34.24,-2.41,-0.85,35.09
MIRKS,1 week,2025-August-01,14.53,-58.61,-20.56,35.09
MIRKS,1 month,2025-August-24,23.92,-31.82,-11.17,35.09
MIRKS,6 months,2026-January-21,16.42,-53.2,-18.67,35.09
ICL,1 day,2025-July-26,83.26,-3.81,-3.3,86.56
ICL,1 week,2025-August-01,86.38,-0.21,-0.18,86.56
ICL,1 month,2025-August-24,86.22,-0.39,-0.34,86.56
ICL,6 months,2026-January-21,108.56,25.42,22.0,86.56
PSYL,1 day,2025-July-26,75.92,15.02,9.92,66.0
PSYL,1 week,2025-August-01,68.08,3.15,2.08,66.0
PSYL,1 month,2025-August-24,76.35,15.69,10.35,66.0
PSYL,6 months,2026-January-21,85.2,29.09,19.2,66.0
SCBPL,1 day,2025-July-26,65.89,-4.44,-3.06,68.95
SCBPL,1 week,2025-August-01,61.29,-11.11,-7.66,68.95
SCBPL,1 month,2025-August-24,64.06,-7.09,-4.89,68.95
SCBPL,6 months,2026-January-21,63.98,-7.21,-4.97,68.95
GAMON,1 day,2025-July-26,32.62,14.83,4.21,28.41
GAMON,1 week,2025-August-01,25.5,-10.25,-2.91,28.41
GAMON,1 month,2025-August-24,28.13,-0.98,-0.28,28.41
GAMON,6 months,2026-January-21,7.27,-74.41,-21.14,28.41
ANTM,1 day,2025-July-26,24.18,-5.19,-1.32,25.5
ANTM,1 week,2025-August-01,22.47,-11.86,-3.03,25.5
ANTM,1 month,2025-August-24,24.48,-4.02,-1.02,25.5
ANTM,6 months,2026-January-21,28.26,10.81,2.76,25.5
UVIC,1 day,2025-July-26,11.18,7.31,0.76,10.42
UVIC,1 week,2025-August-01,10.33,-0.84,-0.09,10.42
UVIC,1 month,2025-August-24,12.39,18.95,1.97,10.42
UVIC,6 months,2026-January-21,11.32,8.61,0.9,10.42
STYLERS,1 day,2025-July-26,46.57,-7.81,-3.94,50.51
STYLERS,1 week,2025-August-01,43.81,-13.26,-6.7,50.51
STYLERS,1 month,2025-August-24,43.86,-13.17,-6.65,50.51
STYLERS,6 months,2026-January-21,46.72,-7.5,-3.79,50.51
HALEON,1 day,2025-July-26,773.42,-1.64,-12.91,786.33
HALEON,1 week,2025-August-01,744.44,-5.33,-41.89,786.33
HALEON,1 month,2025-August-24,775.39,-1.39,-10.94,786.33
HALEON,6 months,2026-January-21,918.92,16.86,132.59,786.33
LCI,1 day,2025-July-26,1369.88,275.48,1005.05,364.83
LCI,1 week,2025-August-01,1460.85,300.42,1096.02,364.83
LCI,1 month,2025-August-24,1477.88,305.09,1113.05,364.83
LCI,6 months,2026-January-21,1692.13,363.81,1327.3,364.83
TRIPF,1 day,2025-July-26,165.63,13.51,19.72,145.91
TRIPF,1 week,2025-August-01,149.95,2.77,4.04,145.91
TRIPF,1 month,2025-August-24,167.23,14.61,21.32,145.91
TRIPF,6 months,2026-January-21,178.78,22.53,32.87,145.91
SSML,1 day,2025-July-26,21.94,41.39,6.42,15.52
SSML,1 week,2025-August-01,18.54,19.45,3.02,15.52
SSML,1 month,2025-August-24,23.26,49.85,7.74,15.52
SSML,6 months,2026-January-21,24.21,56.01,8.69,15.52
MRNS,1 day,2025-July-26,54.45,-23.47,-16.7,71.15
MRNS,1 week,2025-August-01,53.74,-24.47,-17.41,71.15
MRNS,1 month,2025-August-24,47.16,-33.72,-23.99,71.15
MRNS,6 months,2026-January-21,55.72,-21.69,-15.43,71.15
SLYT,1 day,2025-July-26,18.7,15.87,2.56,16.14
SLYT,1 week,2025-August-01,11.87,-26.43,-4.27,16.14
SLYT,1 month,2025-August-24,13.27,-17.76,-2.87,16.14
SLYT,6 months,2026-January-21,8.76,-45.73,-7.38,16.14
KTML,1 day,2025-July-26,195.48,-20.44,-50.21,245.69
KTML,1 week,2025-August-01,208.98,-14.94,-36.71,245.69
KTML,1 month,2025-August-24,202.75,-17.48,-42.94,245.69
KTML,6 months,2026-January-21,273.88,11.47,28.19,245.69
KOHE,1 day,2025-July-26,23.49,14.99,3.06,20.43
KOHE,1 week,2025-August-01,15.91,-22.14,-4.52,20.43
KOHE,1 month,2025-August-24,17.41,-14.77,-3.02,20.43
KOHE,6 months,2026-January-21,5.45,-73.32,-14.98,20.43
GRR,1 day,2025-July-26,20.01,-5.18,-1.09,21.1
GRR,1 week,2025-August-01,19.76,-6.33,-1.34,21.1
GRR,1 month,2025-August-24,19.93,-5.53,-1.17,21.1
GRR,6 months,2026-January-21,22.51,6.69,1.41,21.1
ZAHID,1 day,2025-July-26,67.47,-48.38,-63.25,130.72
ZAHID,1 week,2025-August-01,64.63,-50.56,-66.09,130.72
ZAHID,1 month,2025-August-24,56.52,-56.76,-74.2,130.72
ZAHID,6 months,2026-January-21,73.54,-43.74,-57.18,130.72
786,1 day,2025-July-26,11.15,13.81,1.35,9.8
786,1 week,2025-August-01,10.3,5.07,0.5,9.8
786,1 month,2025-August-24,11.68,19.16,1.88,9.8
786,6 months,2026-January-21,12.68,29.44,2.88,9.8
GEMSPNL,1 day,2025-July-26,28.92,-19.34,-6.93,35.85
GEMSPNL,1 week,2025-August-01,35.83,-0.06,-0.02,35.85
GEMSPNL,1 month,2025-August-24,35.95,0.28,0.1,35.85
GEMSPNL,6 months,2026-January-21,57.44,60.22,21.59,35.85
KOIL,1 day,2025-July-26,11.98,-18.25,-2.68,14.66
KOIL,1 week,2025-August-01,12.56,-14.35,-2.1,14.66
KOIL,1 month,2025-August-24,11.71,-20.14,-2.95,14.66
KOIL,6 months,2026-January-21,13.4,-8.56,-1.26,14.66
ARUJ,1 day,2025-July-26,24.43,144.3,14.43,10.0
ARUJ,1 week,2025-August-01,11.93,19.33,1.93,10.0
ARUJ,1 month,2025-August-24,18.41,84.13,8.41,10.0
ARUJ,6 months,2026-January-21,4.19,-58.06,-5.81,10.0
AHL,1 day,2025-July-26,78.75,-1.53,-1.23,79.98
AHL,1 week,2025-August-01,78.49,-1.86,-1.49,79.98
AHL,1 month,2025-August-24,82.09,2.64,2.11,79.98
AHL,6 months,2026-January-21,85.78,7.25,5.8,79.98
CHAS,1 day,2025-July-26,74.24,5.49,3.86,70.38
CHAS,1 week,2025-August-01,61.14,-13.13,-9.24,70.38
CHAS,1 month,2025-August-24,64.11,-8.91,-6.27,70.38
CHAS,6 months,2026-January-21,83.73,18.96,13.35,70.38
MQTM,1 day,2025-July-26,18.61,-58.34,-26.07,44.68
MQTM,1 week,2025-August-01,40.22,-9.97,-4.46,44.68
MQTM,1 month,2025-August-24,12.14,-72.84,-32.54,44.68
MQTM,6 months,2026-January-21,41.29,-7.59,-3.39,44.68
DNCC,1 day,2025-July-26,16.14,6.09,0.93,15.21
DNCC,1 week,2025-August-01,15.39,1.17,0.18,15.21
DNCC,1 month,2025-August-24,15.6,2.58,0.39,15.21
DNCC,6 months,2026-January-21,16.16,6.25,0.95,15.21
FECTC,1 day,2025-July-26,113.76,31.17,27.03,86.73
FECTC,1 week,2025-August-01,99.03,14.18,12.3,86.73
FECTC,1 month,2025-August-24,116.01,33.76,29.28,86.73
FECTC,6 months,2026-January-21,138.44,59.62,51.71,86.73
DEL,1 day,2025-July-26,12.86,12.1,1.39,11.47
DEL,1 week,2025-August-01,11.9,3.72,0.43,11.47
DEL,1 month,2025-August-24,14.27,24.44,2.8,11.47
DEL,6 months,2026-January-21,14.98,30.64,3.51,11.47
RICL,1 day,2025-July-26,11.44,-8.26,-1.03,12.47
RICL,1 week,2025-August-01,12.14,-2.66,-0.33,12.47
RICL,1 month,2025-August-24,10.89,-12.69,-1.58,12.47
RICL,6 months,2026-January-21,12.96,3.9,0.49,12.47
ICCI,1 day,2025-July-26,15.21,21.59,2.7,12.51
ICCI,1 week,2025-August-01,13.11,4.77,0.6,12.51
ICCI,1 month,2025-August-24,16.85,34.72,4.34,12.51
ICCI,6 months,2026-January-21,15.76,26.01,3.25,12.51
SHFA,1 day,2025-July-26,599.39,8.83,48.62,550.77
SHFA,1 week,2025-August-01,564.0,2.4,13.23,550.77
SHFA,1 month,2025-August-24,621.22,12.79,70.45,550.77
SHFA,6 months,2026-January-21,754.33,36.96,203.56,550.77
FRSM,1 day,2025-July-26,34.86,-24.4,-11.25,46.11
FRSM,1 week,2025-August-01,43.53,-5.59,-2.58,46.11
FRSM,1 month,2025-August-24,36.67,-20.48,-9.44,46.11
FRSM,6 months,2026-January-21,46.41,0.65,0.3,46.11
KOHTM,1 day,2025-July-26,77.63,21.8,13.89,63.74
KOHTM,1 week,2025-August-01,69.81,9.53,6.07,63.74
KOHTM,1 month,2025-August-24,85.55,34.22,21.81,63.74
KOHTM,6 months,2026-January-21,106.06,66.39,42.32,63.74
SEPL,1 day,2025-July-26,190.37,9.77,16.94,173.43
SEPL,1 week,2025-August-01,171.51,-1.11,-1.92,173.43
SEPL,1 month,2025-August-24,186.6,7.6,13.17,173.43
SEPL,6 months,2026-January-21,194.58,12.19,21.15,173.43
WAHN,1 day,2025-July-26,331.14,-10.4,-38.43,369.57
WAHN,1 week,2025-August-01,295.92,-19.93,-73.65,369.57
WAHN,1 month,2025-August-24,321.94,-12.89,-47.63,369.57
WAHN,6 months,2026-January-21,326.55,-11.64,-43.02,369.57
SURC,1 day,2025-July-26,134.69,-0.99,-1.35,136.04
SURC,1 week,2025-August-01,116.63,-14.27,-19.41,136.04
SURC,1 month,2025-August-24,129.76,-4.61,-6.28,136.04
SURC,6 months,2026-January-21,118.81,-12.67,-17.23,136.04
HMB,1 day,2025-July-26,107.67,-5.51,-6.28,113.95
HMB,1 week,2025-August-01,104.36,-8.42,-9.59,113.95
HMB,1 month,2025-August-24,110.03,-3.44,-3.92,113.95
HMB,6 months,2026-January-21,129.36,13.52,15.41,113.95
UBLPETF,1 day,2025-July-26,29.26,-9.14,-2.94,32.2
UBLPETF,1 week,2025-August-01,29.61,-8.03,-2.59,32.2
UBLPETF,1 month,2025-August-24,29.8,-7.46,-2.4,32.2
UBLPETF,6 months,2026-January-21,36.49,13.32,4.29,32.2
SGF,1 day,2025-July-26,79.65,4.87,3.7,75.95
SGF,1 week,2025-August-01,84.01,10.62,8.06,75.95
SGF,1 month,2025-August-24,77.72,2.34,1.77,75.95
SGF,6 months,2026-January-21,91.85,20.94,15.9,75.95
OBOY,1 day,2025-July-26,9.34,4.94,0.44,8.9
OBOY,1 week,2025-August-01,9.38,5.4,0.48,8.9
OBOY,1 month,2025-August-24,9.87,10.94,0.97,8.9
OBOY,6 months,2026-January-21,12.35,38.78,3.45,8.9
JATM,1 day,2025-July-26,11.71,-61.25,-18.51,30.22
JATM,1 week,2025-August-01,10.25,-66.09,-19.97,30.22
JATM,1 month,2025-August-24,-0.94,-103.1,-31.16,30.22
JATM,6 months,2026-January-21,-44.56,-247.45,-74.78,30.22
JSML,1 day,2025-July-26,56.14,-4.75,-2.8,58.94
JSML,1 week,2025-August-01,50.63,-14.09,-8.31,58.94
JSML,1 month,2025-August-24,55.72,-5.46,-3.22,58.94
JSML,6 months,2026-January-21,64.66,9.71,5.72,58.94
EFUL,1 day,2025-July-26,161.48,1.69,2.68,158.8
EFUL,1 week,2025-August-01,142.27,-10.41,-16.53,158.8
EFUL,1 month,2025-August-24,153.87,-3.11,-4.93,158.8
EFUL,6 months,2026-January-21,124.69,-21.48,-34.11,158.8
SAIF,1 day,2025-July-26,26.43,8.87,2.15,24.28
SAIF,1 week,2025-August-01,18.41,-24.16,-5.87,24.28
SAIF,1 month,2025-August-24,26.8,10.38,2.52,24.28
SAIF,6 months,2026-January-21,18.87,-22.28,-5.41,24.28
ATBA,1 day,2025-July-26,347.58,13.56,41.5,306.08
ATBA,1 week,2025-August-01,314.75,2.83,8.67,306.08
ATBA,1 month,2025-August-24,359.24,17.37,53.16,306.08
ATBA,6 months,2026-January-21,274.55,-10.3,-31.53,306.08
ORM,1 day,2025-July-26,10.24,-5.59,-0.61,10.85
ORM,1 week,2025-August-01,10.23,-5.69,-0.62,10.85
ORM,1 month,2025-August-24,10.62,-2.08,-0.23,10.85
ORM,6 months,2026-January-21,11.6,6.95,0.75,10.85
GADT,1 day,2025-July-26,417.16,-13.91,-67.38,484.54
GADT,1 week,2025-August-01,417.96,-13.74,-66.58,484.54
GADT,1 month,2025-August-24,426.46,-11.99,-58.08,484.54
GADT,6 months,2026-January-21,514.15,6.11,29.61,484.54
INDU,1 day,2025-July-26,1945.44,-8.79,-187.5,2132.94
INDU,1 week,2025-August-01,1970.65,-7.61,-162.29,2132.94
INDU,1 month,2025-August-24,1972.29,-7.53,-160.65,2132.94
INDU,6 months,2026-January-21,2186.18,2.5,53.24,2132.94
SNAI,1 day,2025-July-26,7.49,-70.99,-18.34,25.83
SNAI,1 week,2025-August-01,22.1,-14.45,-3.73,25.83
SNAI,1 month,2025-August-24,8.27,-67.98,-17.56,25.83
SNAI,6 months,2026-January-21,29.74,15.14,3.91,25.83
GUSM,1 day,2025-July-26,12.48,39.17,3.51,8.97
GUSM,1 week,2025-August-01,16.91,88.56,7.94,8.97
GUSM,1 month,2025-August-24,22.52,151.11,13.55,8.97
GUSM,6 months,2026-January-21,13.29,48.13,4.32,8.97
PKGI,1 day,2025-July-26,9.1,-16.54,-1.8,10.9
PKGI,1 week,2025-August-01,10.4,-4.57,-0.5,10.9
PKGI,1 month,2025-August-24,10.59,-2.84,-0.31,10.9
PKGI,6 months,2026-January-21,10.24,-6.05,-0.66,10.9
ATIL,1 day,2025-July-26,69.09,-23.84,-21.63,90.72
ATIL,1 week,2025-August-01,69.36,-23.55,-21.36,90.72
ATIL,1 month,2025-August-24,68.57,-24.41,-22.15,90.72
ATIL,6 months,2026-January-21,88.44,-2.51,-2.28,90.72
UDLI,1 day,2025-July-26,8.92,-1.25,-0.11,9.03
UDLI,1 week,2025-August-01,9.66,6.99,0.63,9.03
UDLI,1 month,2025-August-24,11.03,22.16,2.0,9.03
UDLI,6 months,2026-January-21,8.52,-5.67,-0.51,9.03
RUPL,1 day,2025-July-26,30.11,-5.64,-1.8,31.91
RUPL,1 week,2025-August-01,26.44,-17.14,-5.47,31.91
RUPL,1 month,2025-August-24,30.96,-2.99,-0.95,31.91
RUPL,6 months,2026-January-21,28.28,-11.37,-3.63,31.91
PASM,1 day,2025-July-26,7.34,36.25,1.95,5.39
PASM,1 week,2025-August-01,7.16,32.77,1.77,5.39
PASM,1 month,2025-August-24,6.53,21.21,1.14,5.39
PASM,6 months,2026-January-21,5.83,8.21,0.44,5.39
THALL,1 day,2025-July-26,387.65,-13.58,-60.92,448.57
THALL,1 week,2025-August-01,391.55,-12.71,-57.02,448.57
THALL,1 month,2025-August-24,395.01,-11.94,-53.56,448.57
THALL,6 months,2026-January-21,395.59,-11.81,-52.98,448.57
DWAE,1 day,2025-July-26,80.66,160.12,49.65,31.01
DWAE,1 week,2025-August-01,89.96,190.09,58.95,31.01
DWAE,1 month,2025-August-24,53.69,73.13,22.68,31.01
DWAE,6 months,2026-January-21,50.47,62.77,19.46,31.01
LSECL,1 day,2025-July-26,6.51,5.61,0.35,6.16
LSECL,1 week,2025-August-01,6.45,4.77,0.29,6.16
LSECL,1 month,2025-August-24,6.28,2.03,0.12,6.16
LSECL,6 months,2026-January-21,16.79,172.5,10.63,6.16
AGTL,1 day,2025-July-26,530.58,24.83,105.55,425.03
AGTL,1 week,2025-August-01,498.47,17.28,73.44,425.03
AGTL,1 month,2025-August-24,551.02,29.64,125.99,425.03
AGTL,6 months,2026-January-21,579.29,36.29,154.26,425.03
LSEFSL,1 day,2025-July-26,25.45,-2.38,-0.62,26.07
LSEFSL,1 week,2025-August-01,28.83,10.59,2.76,26.07
LSEFSL,1 month,2025-August-24,26.68,2.34,0.61,26.07
LSEFSL,6 months,2026-January-21,37.41,43.49,11.34,26.07
NBPGETF,1 day,2025-July-26,26.0,7.26,1.76,24.24
NBPGETF,1 week,2025-August-01,23.95,-1.18,-0.29,24.24
NBPGETF,1 month,2025-August-24,26.03,7.37,1.79,24.24
NBPGETF,6 months,2026-January-21,26.59,9.7,2.35,24.24
ALNRS,1 day,2025-July-26,81.97,-11.53,-10.69,92.66
ALNRS,1 week,2025-August-01,80.82,-12.77,-11.84,92.66
ALNRS,1 month,2025-August-24,81.5,-12.04,-11.16,92.66
ALNRS,6 months,2026-January-21,79.63,-14.06,-13.03,92.66
JDMT,1 day,2025-July-26,57.72,-36.03,-32.51,90.23
JDMT,1 week,2025-August-01,70.76,-21.58,-19.47,90.23
JDMT,1 month,2025-August-24,70.01,-22.4,-20.22,90.23
JDMT,6 months,2026-January-21,69.19,-23.31,-21.04,90.23
COLG,1 day,2025-July-26,1663.53,25.08,333.54,1329.99
COLG,1 week,2025-August-01,1398.27,5.13,68.28,1329.99
COLG,1 month,2025-August-24,1681.88,26.46,351.89,1329.99
COLG,6 months,2026-January-21,1820.03,36.85,490.04,1329.99
CASH,1 day,2025-July-26,44.96,19.87,7.45,37.51
CASH,1 week,2025-August-01,47.96,27.87,10.45,37.51
CASH,1 month,2025-August-24,50.9,35.69,13.39,37.51
CASH,6 months,2026-January-21,56.04,49.41,18.53,37.51
ADMM,1 day,2025-July-26,55.69,-15.46,-10.18,65.87
ADMM,1 week,2025-August-01,54.55,-17.18,-11.32,65.87
ADMM,1 month,2025-August-24,59.44,-9.76,-6.43,65.87
ADMM,6 months,2026-January-21,63.47,-3.64,-2.4,65.87
SBL,1 day,2025-July-26,7.89,-17.52,-1.68,9.57
SBL,1 week,2025-August-01,8.43,-11.89,-1.14,9.57
SBL,1 month,2025-August-24,7.55,-21.09,-2.02,9.57
SBL,6 months,2026-January-21,7.59,-20.7,-1.98,9.57
WAFI,1 day,2025-July-26,185.02,2.54,4.58,180.44
WAFI,1 week,2025-August-01,197.97,9.72,17.53,180.44
WAFI,1 month,2025-August-24,187.86,4.11,7.42,180.44
WAFI,6 months,2026-January-21,225.71,25.09,45.27,180.44
LPGL,1 day,2025-July-26,148.81,17.35,22.0,126.81
LPGL,1 week,2025-August-01,183.07,44.37,56.26,126.81
LPGL,1 month,2025-August-24,209.71,65.37,82.9,126.81
LPGL,6 months,2026-January-21,81.14,-36.01,-45.67,126.81
PIL,1 day,2025-July-26,3.3,-24.48,-1.07,4.37
PIL,1 week,2025-August-01,3.43,-21.48,-0.94,4.37
PIL,1 month,2025-August-24,3.2,-26.72,-1.17,4.37
PIL,6 months,2026-January-21,4.34,-0.72,-0.03,4.37
BFMOD,1 day,2025-July-26,14.05,36.26,3.74,10.31
BFMOD,1 week,2025-August-01,11.4,10.62,1.09,10.31
BFMOD,1 month,2025-August-24,12.44,20.69,2.13,10.31
BFMOD,6 months,2026-January-21,9.84,-4.58,-0.47,10.31
DADX,1 day,2025-July-26,93.82,37.97,25.82,68.0
DADX,1 week,2025-August-01,81.28,19.53,13.28,68.0
DADX,1 month,2025-August-24,116.4,71.18,48.4,68.0
DADX,6 months,2026-January-21,82.48,21.3,14.48,68.0
HAEL,1 day,2025-July-26,23.57,-4.06,-1.0,24.57
HAEL,1 week,2025-August-01,22.11,-10.02,-2.46,24.57
HAEL,1 month,2025-August-24,23.81,-3.09,-0.76,24.57
HAEL,6 months,2026-January-21,27.16,10.52,2.59,24.57
GOC,1 day,2025-July-26,81.64,-33.25,-40.66,122.3
GOC,1 week,2025-August-01,102.45,-16.23,-19.85,122.3
GOC,1 month,2025-August-24,50.18,-58.97,-72.12,122.3
GOC,6 months,2026-January-21,102.32,-16.34,-19.98,122.3
IDRT,1 day,2025-July-26,18.84,-7.13,-1.45,20.29
IDRT,1 week,2025-August-01,21.24,4.67,0.95,20.29
IDRT,1 month,2025-August-24,22.39,10.37,2.1,20.29
IDRT,6 months,2026-January-21,26.92,32.67,6.63,20.29
BPL,1 day,2025-July-26,41.59,12.33,4.56,37.03
BPL,1 week,2025-August-01,33.72,-8.93,-3.31,37.03
BPL,1 month,2025-August-24,42.54,14.87,5.51,37.03
BPL,6 months,2026-January-21,36.76,-0.74,-0.27,37.03
PGLC,1 day,2025-July-26,18.97,-6.09,-1.23,20.2
PGLC,1 week,2025-August-01,22.82,12.99,2.62,20.2
PGLC,1 month,2025-August-24,20.83,3.13,0.63,20.2
PGLC,6 months,2026-January-21,34.32,69.92,14.12,20.2
ALIFE,1 day,2025-July-26,39.09,21.75,6.98,32.11
ALIFE,1 week,2025-August-01,27.93,-13.02,-4.18,32.11
ALIFE,1 month,2025-August-24,36.03,12.21,3.92,32.11
ALIFE,6 months,2026-January-21,21.85,-31.95,-10.26,32.11
GEMPACRA,1 day,2025-July-26,41.72,55.1,14.82,26.9
GEMPACRA,1 week,2025-August-01,55.45,106.13,28.55,26.9
GEMPACRA,1 month,2025-August-24,219.59,716.34,192.69,26.9
GEMPACRA,6 months,2026-January-21,217.02,706.78,190.12,26.9
OLPL,1 day,2025-July-26,40.54,-1.96,-0.81,41.35
OLPL,1 week,2025-August-01,40.37,-2.36,-0.98,41.35
OLPL,1 month,2025-August-24,41.47,0.28,0.12,41.35
OLPL,6 months,2026-January-21,48.0,16.09,6.65,41.35
MACTER,1 day,2025-July-26,456.21,16.23,63.71,392.5
MACTER,1 week,2025-August-01,469.53,19.63,77.03,392.5
MACTER,1 month,2025-August-24,512.47,30.56,119.97,392.5
MACTER,6 months,2026-January-21,676.48,72.35,283.98,392.5
MFL,1 day,2025-July-26,53.03,5.97,2.99,50.04
MFL,1 week,2025-August-01,54.34,8.59,4.3,50.04
MFL,1 month,2025-August-24,61.41,22.73,11.37,50.04
MFL,6 months,2026-January-21,72.59,45.07,22.55,50.04
OLPM,1 day,2025-July-26,18.59,-8.19,-1.66,20.25
OLPM,1 week,2025-August-01,18.88,-6.74,-1.37,20.25
OLPM,1 month,2025-August-24,19.13,-5.55,-1.12,20.25
OLPM,6 months,2026-January-21,20.33,0.38,0.08,20.25
QUET,1 day,2025-July-26,16.43,13.28,1.93,14.5
QUET,1 week,2025-August-01,15.63,7.79,1.13,14.5
QUET,1 month,2025-August-24,14.43,-0.5,-0.07,14.5
QUET,6 months,2026-January-21,16.96,16.97,2.46,14.5
TOWL,1 day,2025-July-26,154.86,-3.41,-5.47,160.33
TOWL,1 week,2025-August-01,131.2,-18.17,-29.13,160.33
TOWL,1 month,2025-August-24,147.6,-7.94,-12.73,160.33
TOWL,6 months,2026-January-21,135.11,-15.73,-25.22,160.33
GEMPAPL,1 day,2025-July-26,12.66,-18.35,-2.84,15.5
GEMPAPL,1 week,2025-August-01,11.95,-22.92,-3.55,15.5
GEMPAPL,1 month,2025-August-24,13.49,-12.95,-2.01,15.5
GEMPAPL,6 months,2026-January-21,13.54,-12.65,-1.96,15.5
FEROZ,1 day,2025-July-26,400.2,1.48,5.85,394.35
FEROZ,1 week,2025-August-01,383.14,-2.84,-11.21,394.35
FEROZ,1 month,2025-August-24,424.76,7.71,30.41,394.35
FEROZ,6 months,2026-January-21,412.5,4.6,18.15,394.35
EFUG,1 day,2025-July-26,132.65,3.32,4.27,128.38
EFUG,1 week,2025-August-01,129.63,0.98,1.25,128.38
EFUG,1 month,2025-August-24,132.18,2.96,3.8,128.38
EFUG,6 months,2026-January-21,153.89,19.87,25.51,128.38
NEXT,1 day,2025-July-26,10.74,22.58,1.98,8.76
NEXT,1 week,2025-August-01,9.87,12.64,1.11,8.76
NEXT,1 month,2025-August-24,11.41,30.22,2.65,8.76
NEXT,6 months,2026-January-21,12.42,41.8,3.66,8.76
FTMM,1 day,2025-July-26,8.33,-59.4,-12.18,20.51
FTMM,1 week,2025-August-01,9.07,-55.78,-11.44,20.51
FTMM,1 month,2025-August-24,6.97,-66.03,-13.54,20.51
FTMM,6 months,2026-January-21,12.35,-39.77,-8.16,20.51
PAKT,1 day,2025-July-26,1201.05,-7.04,-91.0,1292.05
PAKT,1 week,2025-August-01,1239.91,-4.04,-52.14,1292.05
PAKT,1 month,2025-August-24,1210.56,-6.31,-81.49,1292.05
PAKT,6 months,2026-January-21,1500.43,16.13,208.38,1292.05
PRWM,1 day,2025-July-26,57.38,4.72,2.58,54.8
PRWM,1 week,2025-August-01,46.83,-14.55,-7.97,54.8
PRWM,1 month,2025-August-24,56.52,3.15,1.72,54.8
PRWM,6 months,2026-January-21,55.16,0.66,0.36,54.8
LEUL,1 day,2025-July-26,40.63,-15.4,-7.39,48.02
LEUL,1 week,2025-August-01,38.56,-19.69,-9.46,48.02
LEUL,1 month,2025-August-24,39.63,-17.47,-8.39,48.02
LEUL,6 months,2026-January-21,50.91,6.01,2.89,48.02
FECM,1 day,2025-July-26,31.51,-7.68,-2.62,34.13
FECM,1 week,2025-August-01,29.3,-14.15,-4.83,34.13
FECM,1 month,2025-August-24,31.72,-7.05,-2.41,34.13
FECM,6 months,2026-January-21,40.58,18.88,6.45,34.13
FCEL,1 day,2025-July-26,3.39,-27.07,-1.26,4.65
FCEL,1 week,2025-August-01,2.23,-51.97,-2.42,4.65
FCEL,1 month,2025-August-24,4.9,5.45,0.25,4.65
FCEL,6 months,2026-January-21,3.87,-16.67,-0.78,4.65
JSIL,1 day,2025-July-26,19.02,-32.07,-8.98,28.0
JSIL,1 week,2025-August-01,25.16,-10.13,-2.84,28.0
JSIL,1 month,2025-August-24,14.47,-48.32,-13.53,28.0
JSIL,6 months,2026-January-21,29.33,4.76,1.33,28.0
POML,1 day,2025-July-26,210.62,-4.29,-9.45,220.07
POML,1 week,2025-August-01,227.04,3.17,6.97,220.07
POML,1 month,2025-August-24,227.5,3.38,7.43,220.07
POML,6 months,2026-January-21,305.74,38.93,85.67,220.07
AGIC,1 day,2025-July-26,41.24,-8.65,-3.91,45.15
AGIC,1 week,2025-August-01,37.82,-16.23,-7.33,45.15
AGIC,1 month,2025-August-24,39.29,-12.97,-5.86,45.15
AGIC,6 months,2026-January-21,48.77,8.01,3.62,45.15
PPVC,1 day,2025-July-26,11.56,-1.51,-0.18,11.74
PPVC,1 week,2025-August-01,10.28,-12.45,-1.46,11.74
PPVC,1 month,2025-August-24,10.67,-9.14,-1.07,11.74
PPVC,6 months,2026-January-21,10.52,-10.36,-1.22,11.74
BWCL,1 day,2025-July-26,447.98,-3.54,-16.42,464.4
BWCL,1 week,2025-August-01,448.16,-3.5,-16.24,464.4
BWCL,1 month,2025-August-24,461.69,-0.58,-2.71,464.4
BWCL,6 months,2026-January-21,562.42,21.11,98.02,464.4
REDCO,1 day,2025-July-26,27.5,1.77,0.48,27.02
REDCO,1 week,2025-August-01,29.53,9.31,2.51,27.02
REDCO,1 month,2025-August-24,29.61,9.58,2.59,27.02
REDCO,6 months,2026-January-21,41.16,52.32,14.14,27.02
HINOON,1 day,2025-July-26,1039.13,-2.69,-28.71,1067.84
HINOON,1 week,2025-August-01,1013.25,-5.11,-54.59,1067.84
HINOON,1 month,2025-August-24,1053.34,-1.36,-14.5,1067.84
HINOON,6 months,2026-January-21,1216.55,13.93,148.71,1067.84
APL,1 day,2025-July-26,523.33,1.0,5.18,518.15
APL,1 week,2025-August-01,501.29,-3.25,-16.86,518.15
APL,1 month,2025-August-24,535.26,3.3,17.11,518.15
APL,6 months,2026-January-21,550.38,6.22,32.23,518.15
FTSM,1 day,2025-July-26,17.5,18.24,2.7,14.8
FTSM,1 week,2025-August-01,15.15,2.34,0.35,14.8
FTSM,1 month,2025-August-24,14.94,0.96,0.14,14.8
FTSM,6 months,2026-January-21,13.81,-6.72,-0.99,14.8
SUTM,1 day,2025-July-26,48.71,-73.68,-136.34,185.05
SUTM,1 week,2025-August-01,137.88,-25.49,-47.17,185.05
SUTM,1 month,2025-August-24,29.32,-84.16,-155.73,185.05
SUTM,6 months,2026-January-21,184.33,-0.39,-0.72,185.05
ESBL,1 day,2025-July-26,8.8,18.06,1.35,7.45
ESBL,1 week,2025-August-01,7.22,-3.11,-0.23,7.45
ESBL,1 month,2025-August-24,9.42,26.43,1.97,7.45
ESBL,6 months,2026-January-21,9.39,25.99,1.94,7.45
ABOT,1 day,2025-July-26,1182.9,10.62,113.59,1069.31
ABOT,1 week,2025-August-01,1131.87,5.85,62.56,1069.31
ABOT,1 month,2025-August-24,1202.2,12.43,132.89,1069.31
ABOT,6 months,2026-January-21,1341.03,25.41,271.72,1069.31
HUSI,1 day,2025-July-26,29.71,9.19,2.5,27.21
HUSI,1 week,2025-August-01,25.96,-4.58,-1.25,27.21
HUSI,1 month,2025-August-24,28.79,5.81,1.58,27.21
HUSI,6 months,2026-January-21,43.14,58.55,15.93,27.21
TPLRF1,1 day,2025-July-26,14.35,10.48,1.36,12.99
TPLRF1,1 week,2025-August-01,13.82,6.36,0.83,12.99
TPLRF1,1 month,2025-August-24,15.2,17.02,2.21,12.99
TPLRF1,6 months,2026-January-21,18.74,44.25,5.75,12.99
MUREB,1 day,2025-July-26,930.17,3.35,30.18,899.99
MUREB,1 week,2025-August-01,925.0,2.78,25.01,899.99
MUREB,1 month,2025-August-24,948.59,5.4,48.6,899.99
MUREB,6 months,2026-January-21,1127.73,25.3,227.74,899.99
AMBL,1 day,2025-July-26,21.39,78.7,9.42,11.97
AMBL,1 week,2025-August-01,10.58,-11.57,-1.39,11.97
AMBL,1 month,2025-August-24,22.78,90.3,10.81,11.97
AMBL,6 months,2026-January-21,13.82,15.42,1.85,11.97
EXIDE,1 day,2025-July-26,1010.88,16.45,142.81,868.07
EXIDE,1 week,2025-August-01,893.24,2.9,25.17,868.07
EXIDE,1 month,2025-August-24,1004.05,15.67,135.98,868.07
EXIDE,6 months,2026-January-21,822.56,-5.24,-45.51,868.07
SML,1 day,2025-July-26,74.58,14.38,9.38,65.2
SML,1 week,2025-August-01,69.52,6.63,4.32,65.2
SML,1 month,2025-August-24,82.97,27.26,17.77,65.2
SML,6 months,2026-January-21,89.47,37.23,24.27,65.2
OTSU,1 day,2025-July-26,305.6,14.23,38.06,267.54
OTSU,1 week,2025-August-01,297.87,11.34,30.33,267.54
OTSU,1 month,2025-August-24,346.71,29.59,79.17,267.54
OTSU,6 months,2026-January-21,397.82,48.7,130.28,267.54
RUBY,1 day,2025-July-26,8.49,-4.44,-0.39,8.88
RUBY,1 week,2025-August-01,8.1,-8.76,-0.78,8.88
RUBY,1 month,2025-August-24,8.17,-7.95,-0.71,8.88
RUBY,6 months,2026-January-21,7.62,-14.21,-1.26,8.88
TICL,1 day,2025-July-26,322.3,-36.52,-185.38,507.68
TICL,1 week,2025-August-01,391.27,-22.93,-116.41,507.68
TICL,1 month,2025-August-24,360.72,-28.95,-146.96,507.68
TICL,6 months,2026-January-21,445.28,-12.29,-62.4,507.68
PIM,1 day,2025-July-26,18.13,-7.83,-1.54,19.67
PIM,1 week,2025-August-01,17.13,-12.91,-2.54,19.67
PIM,1 month,2025-August-24,17.79,-9.57,-1.88,19.67
PIM,6 months,2026-January-21,20.45,3.98,0.78,19.67
AHTM,1 day,2025-July-26,88.67,4.27,3.63,85.04
AHTM,1 week,2025-August-01,70.68,-16.89,-14.36,85.04
AHTM,1 month,2025-August-24,55.75,-34.45,-29.29,85.04
AHTM,6 months,2026-January-21,69.84,-17.87,-15.2,85.04
BUXL,1 day,2025-July-26,268.96,43.84,81.97,186.99
BUXL,1 week,2025-August-01,191.43,2.37,4.44,186.99
BUXL,1 month,2025-August-24,296.81,58.73,109.82,186.99
BUXL,6 months,2026-January-21,197.32,5.52,10.33,186.99
ASHT,1 day,2025-July-26,26.93,5.01,1.28,25.65
ASHT,1 week,2025-August-01,21.64,-15.64,-4.01,25.65
ASHT,1 month,2025-August-24,29.6,15.41,3.95,25.65
ASHT,6 months,2026-January-21,22.04,-14.08,-3.61,25.65
ARPAK,1 day,2025-July-26,196.61,217.57,134.7,61.91
ARPAK,1 week,2025-August-01,68.75,11.04,6.84,61.91
ARPAK,1 month,2025-August-24,145.01,134.23,83.1,61.91
ARPAK,6 months,2026-January-21,76.23,23.13,14.32,61.91
FSWL,1 day,2025-July-26,104.89,-21.46,-28.66,133.55
FSWL,1 week,2025-August-01,110.28,-17.42,-23.27,133.55
FSWL,1 month,2025-August-24,120.11,-10.06,-13.44,133.55
FSWL,6 months,2026-January-21,94.65,-29.13,-38.9,133.55
DLL,1 day,2025-July-26,246.5,-14.7,-42.48,288.98
DLL,1 week,2025-August-01,257.61,-10.86,-31.37,288.98
DLL,1 month,2025-August-24,222.97,-22.84,-66.01,288.98
DLL,6 months,2026-January-21,327.33,13.27,38.35,288.98
JSGBETF,1 day,2025-July-26,29.44,-0.78,-0.23,29.67
JSGBETF,1 week,2025-August-01,28.69,-3.29,-0.98,29.67
JSGBETF,1 month,2025-August-24,28.7,-3.27,-0.97,29.67
JSGBETF,6 months,2026-January-21,38.22,28.82,8.55,29.67
NESTLE,1 day,2025-July-26,7492.94,-2.69,-206.83,7699.77
NESTLE,1 week,2025-August-01,7531.38,-2.19,-168.39,7699.77
NESTLE,1 month,2025-August-24,7295.36,-5.25,-404.41,7699.77
NESTLE,6 months,2026-January-21,7877.67,2.31,177.9,7699.77
DAAG,1 day,2025-July-26,144.35,37.91,39.68,104.67
DAAG,1 week,2025-August-01,100.52,-3.97,-4.15,104.67
DAAG,1 month,2025-August-24,116.4,11.21,11.73,104.67
DAAG,6 months,2026-January-21,78.82,-24.69,-25.85,104.67
MEHT,1 day,2025-July-26,384.74,4.41,16.25,368.49
MEHT,1 week,2025-August-01,319.5,-13.29,-48.99,368.49
MEHT,1 month,2025-August-24,193.55,-47.47,-174.94,368.49
MEHT,6 months,2026-January-21,97.05,-73.66,-271.44,368.49
ARCTM,1 day,2025-July-26,45.6,8.7,3.65,41.95
ARCTM,1 week,2025-August-01,38.42,-8.42,-3.53,41.95
ARCTM,1 month,2025-August-24,43.46,3.6,1.51,41.95
ARCTM,6 months,2026-January-21,46.13,9.97,4.18,41.95
MUGHALC,1 day,2025-July-26,30.97,-21.59,-8.53,39.5
MUGHALC,1 week,2025-August-01,62.09,57.2,22.59,39.5
MUGHALC,1 month,2025-August-24,461.11,1067.37,421.61,39.5
MUGHALC,6 months,2026-January-21,231.24,485.43,191.74,39.5
NITGETF,1 day,2025-July-26,29.75,-0.65,-0.2,29.95
NITGETF,1 week,2025-August-01,28.12,-6.1,-1.83,29.95
NITGETF,1 month,2025-August-24,29.61,-1.13,-0.34,29.95
NITGETF,6 months,2026-January-21,33.0,10.17,3.05,29.95
STJT,1 day,2025-July-26,85.68,4.27,3.51,82.17
STJT,1 week,2025-August-01,79.38,-3.4,-2.79,82.17
STJT,1 month,2025-August-24,88.19,7.33,6.02,82.17
STJT,6 months,2026-January-21,77.92,-5.17,-4.25,82.17
SZTM,1 day,2025-July-26,67.03,11.75,7.05,59.98
SZTM,1 week,2025-August-01,49.76,-17.04,-10.22,59.98
SZTM,1 month,2025-August-24,53.46,-10.88,-6.52,59.98
SZTM,6 months,2026-January-21,54.21,-9.62,-5.77,59.98
NAGC,1 day,2025-July-26,85.09,16.15,11.83,73.26
NAGC,1 week,2025-August-01,63.12,-13.85,-10.14,73.26
NAGC,1 month,2025-August-24,75.1,2.51,1.84,73.26
NAGC,6 months,2026-January-21,66.43,-9.32,-6.83,73.26
GFIL,1 day,2025-July-26,12.37,6.49,0.75,11.62
GFIL,1 week,2025-August-01,10.9,-6.19,-0.72,11.62
GFIL,1 month,2025-August-24,12.14,4.46,0.52,11.62
GFIL,6 months,2026-January-21,8.36,-28.08,-3.26,11.62
DIIL,1 day,2025-July-26,14.49,-56.76,-19.03,33.52
DIIL,1 week,2025-August-01,28.86,-13.89,-4.66,33.52
DIIL,1 month,2025-August-24,9.72,-71.01,-23.8,33.52
DIIL,6 months,2026-January-21,24.88,-25.79,-8.64,33.52
MCBIM,1 day,2025-July-26,135.33,1.92,2.55,132.78
MCBIM,1 week,2025-August-01,131.32,-1.1,-1.46,132.78
MCBIM,1 month,2025-August-24,144.18,8.59,11.4,132.78
MCBIM,6 months,2026-January-21,180.66,36.06,47.88,132.78
FRCL,1 day,2025-July-26,36.47,-10.27,-4.17,40.64
FRCL,1 week,2025-August-01,31.77,-21.84,-8.87,40.64
FRCL,1 month,2025-August-24,32.13,-20.94,-8.51,40.64
FRCL,6 months,2026-January-21,32.95,-18.92,-7.69,40.64
JSGCL,1 day,2025-July-26,50.86,-63.49,-88.46,139.32
JSGCL,1 week,2025-August-01,102.99,-26.07,-36.33,139.32
JSGCL,1 month,2025-August-24,33.74,-75.79,-105.58,139.32
JSGCL,6 months,2026-January-21,64.12,-53.98,-75.2,139.32
NCML,1 day,2025-July-26,13.63,4.37,0.57,13.06
NCML,1 week,2025-August-01,15.32,17.32,2.26,13.06
NCML,1 month,2025-August-24,14.12,8.09,1.06,13.06
NCML,6 months,2026-January-21,16.95,29.79,3.89,13.06
STML,1 day,2025-July-26,21.88,-32.97,-10.76,32.64
STML,1 week,2025-August-01,29.48,-9.67,-3.16,32.64
STML,1 month,2025-August-24,22.18,-32.04,-10.46,32.64
STML,6 months,2026-January-21,26.58,-18.57,-6.06,32.64
SHSML,1 day,2025-July-26,326.11,-25.03,-108.89,435.0
SHSML,1 week,2025-August-01,343.84,-20.96,-91.16,435.0
SHSML,1 month,2025-August-24,307.14,-29.39,-127.86,435.0
SHSML,6 months,2026-January-21,329.64,-24.22,-105.36,435.0
PAKL,1 day,2025-July-26,28.49,-14.06,-4.66,33.15
PAKL,1 week,2025-August-01,32.58,-1.72,-0.57,33.15
PAKL,1 month,2025-August-24,31.91,-3.73,-1.24,33.15
PAKL,6 months,2026-January-21,47.07,41.98,13.92,33.15
SARC,1 day,2025-July-26,59.67,-4.53,-2.83,62.5
SARC,1 week,2025-August-01,52.41,-16.14,-10.09,62.5
SARC,1 month,2025-August-24,50.59,-19.06,-11.91,62.5
SARC,6 months,2026-January-21,66.93,7.09,4.43,62.5
IDSM,1 day,2025-July-26,18.43,-25.84,-6.42,24.85
IDSM,1 week,2025-August-01,19.94,-19.75,-4.91,24.85
IDSM,1 month,2025-August-24,16.39,-34.05,-8.46,24.85
IDSM,6 months,2026-January-21,18.46,-25.7,-6.39,24.85
SHEZ,1 day,2025-July-26,197.02,-17.04,-40.47,237.49
SHEZ,1 week,2025-August-01,224.54,-5.45,-12.95,237.49
SHEZ,1 month,2025-August-24,200.62,-15.53,-36.87,237.49
SHEZ,6 months,2026-January-21,288.76,21.59,51.27,237.49
PMRS,1 day,2025-July-26,366.54,28.79,81.93,284.61
PMRS,1 week,2025-August-01,261.86,-7.99,-22.75,284.61
PMRS,1 month,2025-August-24,388.77,36.6,104.16,284.61
PMRS,6 months,2026-January-21,160.38,-43.65,-124.23,284.61
GLPL,1 day,2025-July-26,250.56,11.14,25.11,225.45
GLPL,1 week,2025-August-01,239.99,6.45,14.54,225.45
GLPL,1 month,2025-August-24,262.13,16.27,36.68,225.45
GLPL,6 months,2026-January-21,307.89,36.57,82.44,225.45
BTL,1 day,2025-July-26,386.79,12.14,41.88,344.91
BTL,1 week,2025-August-01,329.61,-4.44,-15.3,344.91
BTL,1 month,2025-August-24,406.11,17.74,61.2,344.91
BTL,6 months,2026-January-21,376.75,9.23,31.84,344.91
JLICL,1 day,2025-July-26,162.45,-6.7,-11.67,174.12
JLICL,1 week,2025-August-01,158.57,-8.93,-15.55,174.12
JLICL,1 month,2025-August-24,162.16,-6.87,-11.96,174.12
JLICL,6 months,2026-January-21,191.35,9.9,17.23,174.12
GSPM,1 day,2025-July-26,5.23,20.62,0.89,4.34
GSPM,1 week,2025-August-01,6.15,41.82,1.81,4.34
GSPM,1 month,2025-August-24,5.5,26.71,1.16,4.34
GSPM,6 months,2026-January-21,4.82,11.15,0.48,4.34
FZCM,1 day,2025-July-26,308.44,-12.38,-43.58,352.02
FZCM,1 week,2025-August-01,233.96,-33.54,-118.06,352.02
FZCM,1 month,2025-August-24,296.51,-15.77,-55.51,352.02
FZCM,6 months,2026-January-21,289.79,-17.68,-62.23,352.02
BATA,1 day,2025-July-26,1844.69,13.24,215.63,1629.06
BATA,1 week,2025-August-01,1568.83,-3.7,-60.23,1629.06
BATA,1 month,2025-August-24,1796.25,10.26,167.19,1629.06
BATA,6 months,2026-January-21,1528.63,-6.16,-100.43,1629.06
KSTM,1 day,2025-July-26,9.59,-0.77,-0.07,9.66
KSTM,1 week,2025-August-01,10.06,4.09,0.4,9.66
KSTM,1 month,2025-August-24,11.1,14.93,1.44,9.66
KSTM,6 months,2026-January-21,11.37,17.71,1.71,9.66
PSEL,1 day,2025-July-26,818.41,-22.24,-234.07,1052.48
PSEL,1 week,2025-August-01,936.4,-11.03,-116.08,1052.48
PSEL,1 month,2025-August-24,1053.07,0.06,0.59,1052.48
PSEL,6 months,2026-January-21,1582.97,50.4,530.49,1052.48
KPUS,1 day,2025-July-26,257.28,68.15,104.28,153.0
KPUS,1 week,2025-August-01,136.67,-10.67,-16.33,153.0
KPUS,1 month,2025-August-24,276.99,81.04,123.99,153.0
KPUS,6 months,2026-January-21,94.29,-38.37,-58.71,153.0
PECO,1 day,2025-July-26,751.75,5.19,37.08,714.67
PECO,1 week,2025-August-01,702.54,-1.7,-12.13,714.67
PECO,1 month,2025-August-24,762.74,6.73,48.07,714.67
PECO,6 months,2026-January-21,666.87,-6.69,-47.8,714.67
SIBL,1 day,2025-July-26,11.96,0.61,0.07,11.89
SIBL,1 week,2025-August-01,10.7,-9.99,-1.19,11.89
SIBL,1 month,2025-August-24,11.19,-5.89,-0.7,11.89
SIBL,6 months,2026-January-21,15.95,34.17,4.06,11.89
PKGP,1 day,2025-July-26,142.19,-3.98,-5.9,148.09
PKGP,1 week,2025-August-01,161.74,9.22,13.65,148.09
PKGP,1 month,2025-August-24,149.3,0.82,1.21,148.09
PKGP,6 months,2026-January-21,197.23,33.18,49.14,148.09
DINT,1 day,2025-July-26,76.25,-11.11,-9.53,85.78
DINT,1 week,2025-August-01,80.37,-6.3,-5.41,85.78
DINT,1 month,2025-August-24,69.44,-19.05,-16.34,85.78
DINT,6 months,2026-January-21,80.87,-5.72,-4.91,85.78
BOK,1 day,2025-July-26,17.62,-3.49,-0.64,18.26
BOK,1 week,2025-August-01,16.39,-10.26,-1.87,18.26
BOK,1 month,2025-August-24,16.75,-8.29,-1.51,18.26
BOK,6 months,2026-January-21,17.86,-2.17,-0.4,18.26
SEL,1 day,2025-July-26,13.23,8.49,1.04,12.19
SEL,1 week,2025-August-01,11.19,-8.19,-1.0,12.19
SEL,1 month,2025-August-24,11.93,-2.11,-0.26,12.19
SEL,6 months,2026-January-21,12.66,3.88,0.47,12.19
SRVI,1 day,2025-July-26,1022.37,-16.09,-196.1,1218.47
SRVI,1 week,2025-August-01,1238.75,1.66,20.28,1218.47
SRVI,1 month,2025-August-24,1152.58,-5.41,-65.89,1218.47
SRVI,6 months,2026-January-21,1446.01,18.67,227.54,1218.47
AKDHL,1 day,2025-July-26,218.27,17.8,32.98,185.29
AKDHL,1 week,2025-August-01,185.56,0.15,0.27,185.29
AKDHL,1 month,2025-August-24,216.91,17.07,31.62,185.29
AKDHL,6 months,2026-January-21,213.19,15.06,27.9,185.29
SUHJ,1 day,2025-July-26,115.57,11.98,12.37,103.2
SUHJ,1 week,2025-August-01,89.0,-13.76,-14.2,103.2
SUHJ,1 month,2025-August-24,82.76,-19.8,-20.44,103.2
SUHJ,6 months,2026-January-21,170.61,65.32,67.41,103.2
SASML,1 day,2025-July-26,66.9,-26.37,-23.96,90.86
SASML,1 week,2025-August-01,70.56,-22.34,-20.3,90.86
SASML,1 month,2025-August-24,70.93,-21.93,-19.93,90.86
SASML,6 months,2026-January-21,94.52,4.03,3.66,90.86
RCML,1 day,2025-July-26,390.86,-28.93,-159.12,549.98
RCML,1 week,2025-August-01,557.63,1.39,7.65,549.98
RCML,1 month,2025-August-24,301.67,-45.15,-248.31,549.98
RCML,6 months,2026-January-21,536.83,-2.39,-13.15,549.98
JUBS,1 day,2025-July-26,17.1,36.66,4.59,12.51
JUBS,1 week,2025-August-01,10.09,-19.33,-2.42,12.51
JUBS,1 month,2025-August-24,18.29,46.19,5.78,12.51
JUBS,6 months,2026-January-21,9.73,-22.19,-2.78,12.51
ELSM,1 day,2025-July-26,165.77,46.75,52.81,112.96
ELSM,1 week,2025-August-01,119.59,5.87,6.63,112.96
ELSM,1 month,2025-August-24,163.94,45.13,50.98,112.96
ELSM,6 months,2026-January-21,133.73,18.38,20.77,112.96
HBLTETF,1 day,2025-July-26,108.46,2.32,2.46,106.0
HBLTETF,1 week,2025-August-01,106.83,0.78,0.83,106.0
HBLTETF,1 month,2025-August-24,116.29,9.71,10.29,106.0
HBLTETF,6 months,2026-January-21,120.39,13.57,14.39,106.0
CCM,1 day,2025-July-26,82.49,47.39,26.52,55.97
CCM,1 week,2025-August-01,42.0,-24.95,-13.97,55.97
CCM,1 month,2025-August-24,79.35,41.77,23.38,55.97
CCM,6 months,2026-January-21,10.78,-80.74,-45.19,55.97
ACIETF,1 day,2025-July-26,16.77,6.08,0.96,15.81
ACIETF,1 week,2025-August-01,15.94,0.81,0.13,15.81
ACIETF,1 month,2025-August-24,17.9,13.23,2.09,15.81
ACIETF,6 months,2026-January-21,19.23,21.63,3.42,15.81
SHCM,1 day,2025-July-26,52.39,24.69,10.37,42.02
SHCM,1 week,2025-August-01,58.43,39.05,16.41,42.02
SHCM,1 month,2025-August-24,24.21,-42.37,-17.81,42.02
SHCM,6 months,2026-January-21,45.91,9.26,3.89,42.02
STL,1 day,2025-July-26,702.76,-12.04,-96.22,798.98
STL,1 week,2025-August-01,720.36,-9.84,-78.62,798.98
STL,1 month,2025-August-24,765.63,-4.17,-33.35,798.98
STL,6 months,2026-January-21,819.28,2.54,20.3,798.98
IDYM,1 day,2025-July-26,57.21,-70.14,-134.34,191.55
IDYM,1 week,2025-August-01,158.21,-17.41,-33.34,191.55
IDYM,1 month,2025-August-24,83.94,-56.18,-107.61,191.55
IDYM,6 months,2026-January-21,173.5,-9.42,-18.05,191.55
FASM,1 day,2025-July-26,402.67,-0.24,-0.98,403.65
FASM,1 week,2025-August-01,377.39,-6.51,-26.26,403.65
FASM,1 month,2025-August-24,427.69,5.96,24.04,403.65
FASM,6 months,2026-January-21,466.15,15.48,62.5,403.65
JKSM,1 day,2025-July-26,109.77,1.35,1.47,108.3
JKSM,1 week,2025-August-01,87.59,-19.12,-20.71,108.3
JKSM,1 month,2025-August-24,118.25,9.19,9.95,108.3
JKSM,6 months,2026-January-21,105.95,-2.17,-2.35,108.3
BHAT,1 day,2025-July-26,1192.16,26.7,251.26,940.9
BHAT,1 week,2025-August-01,804.27,-14.52,-136.63,940.9
BHAT,1 month,2025-August-24,1105.95,17.54,165.05,940.9
BHAT,6 months,2026-January-21,594.24,-36.84,-346.66,940.9
GRYL,1 day,2025-July-26,8.17,15.3,1.08,7.09
GRYL,1 week,2025-August-01,6.67,-5.98,-0.42,7.09
GRYL,1 month,2025-August-24,7.96,12.24,0.87,7.09
GRYL,6 months,2026-January-21,6.88,-2.99,-0.21,7.09
EPCLPS,1 day,2025-July-26,11.88,-5.32,-0.67,12.55
EPCLPS,1 week,2025-August-01,12.58,0.27,0.03,12.55
EPCLPS,1 month,2025-August-24,12.45,-0.79,-0.1,12.55
EPCLPS,6 months,2026-January-21,13.73,9.42,1.18,12.55
UPFL,1 day,2025-July-26,23540.76,-31.05,-10598.79,34139.55
UPFL,1 week,2025-August-01,26785.58,-21.54,-7353.97,34139.55
UPFL,1 month,2025-August-24,21421.82,-37.25,-12717.73,34139.55
UPFL,6 months,2026-January-21,31820.33,-6.79,-2319.22,34139.55
KHYT,1 day,2025-July-26,1185.15,-21.02,-315.33,1500.48
KHYT,1 week,2025-August-01,1436.87,-4.24,-63.61,1500.48
KHYT,1 month,2025-August-24,1686.06,12.37,185.58,1500.48
KHYT,6 months,2026-January-21,1537.22,2.45,36.74,1500.48
ISIL,1 day,2025-July-26,2220.35,2.98,64.23,2156.12
ISIL,1 week,2025-August-01,1878.94,-12.86,-277.18,2156.12
ISIL,1 month,2025-August-24,1950.44,-9.54,-205.68,2156.12
ISIL,6 months,2026-January-21,2102.3,-2.5,-53.82,2156.12
SINDM,1 day,2025-July-26,11.93,-11.63,-1.57,13.5
SINDM,1 week,2025-August-01,12.4,-8.14,-1.1,13.5
SINDM,1 month,2025-August-24,12.63,-6.47,-0.87,13.5
SINDM,6 months,2026-January-21,12.28,-9.06,-1.22,13.5
PIAHCLB,1 day,2025-July-26,6429.71,-79.87,-25504.91,31934.62
PIAHCLB,1 week,2025-August-01,22969.03,-28.07,-8965.59,31934.62
PIAHCLB,1 month,2025-August-24,5983.0,-81.26,-25951.62,31934.62
PIAHCLB,6 months,2026-January-21,38203.47,19.63,6268.85,31934.62
ASLCPS,1 day,2025-July-26,-30.21,-245.94,-50.91,20.7
ASLCPS,1 week,2025-August-01,16.71,-19.27,-3.99,20.7
ASLCPS,1 month,2025-August-24,-82.72,-499.63,-103.42,20.7
ASLCPS,6 months,2026-January-21,62.08,199.9,41.38,20.7
SAPT,1 day,2025-July-26,1122.38,-16.27,-218.1,1340.48
SAPT,1 week,2025-August-01,1169.59,-12.75,-170.89,1340.48
SAPT,1 month,2025-August-24,1028.08,-23.3,-312.4,1340.48
SAPT,6 months,2026-January-21,1196.57,-10.74,-143.91,1340.48
JDWS,1 day,2025-July-26,935.22,-6.29,-62.78,998.0
JDWS,1 week,2025-August-01,995.26,-0.27,-2.74,998.0
JDWS,1 month,2025-August-24,950.53,-4.76,-47.47,998.0
JDWS,6 months,2026-January-21,1322.0,32.46,324.0,998.0
CENI,1 day,2025-July-26,51.17,2.93,1.45,49.72
CENI,1 week,2025-August-01,46.85,-5.77,-2.87,49.72
CENI,1 month,2025-August-24,49.48,-0.49,-0.24,49.72
CENI,6 months,2026-January-21,58.81,18.28,9.09,49.72
IBFL,1 day,2025-July-26,383.49,10.5,36.43,347.06
IBFL,1 week,2025-August-01,327.65,-5.59,-19.41,347.06
IBFL,1 month,2025-August-24,375.7,8.25,28.64,347.06
IBFL,6 months,2026-January-21,333.52,-3.9,-13.54,347.06
HPL,1 day,2025-July-26,3291.05,6.47,199.91,3091.14
HPL,1 week,2025-August-01,3503.47,13.34,412.33,3091.14
HPL,1 month,2025-August-24,3488.0,12.84,396.86,3091.14
HPL,6 months,2026-January-21,4456.57,44.17,1365.43,3091.14
BAFS,1 day,2025-July-26,74.86,-2.6,-2.0,76.86
BAFS,1 week,2025-August-01,60.25,-21.61,-16.61,76.86
BAFS,1 month,2025-August-24,69.94,-9.0,-6.92,76.86
BAFS,6 months,2026-January-21,57.28,-25.47,-19.58,76.86
TSML,1 day,2025-July-26,242.4,1.0,2.4,240.0
TSML,1 week,2025-August-01,176.56,-26.43,-63.44,240.0
TSML,1 month,2025-August-24,234.64,-2.24,-5.36,240.0
TSML,6 months,2026-January-21,242.15,0.9,2.15,240.0
SIEM,1 day,2025-July-26,1908.09,25.53,388.09,1520.0
SIEM,1 week,2025-August-01,1818.25,19.62,298.25,1520.0
SIEM,1 month,2025-August-24,1984.18,30.54,464.18,1520.0
SIEM,6 months,2026-January-21,2469.76,62.48,949.76,1520.0
HAFL,1 day,2025-July-26,440.77,13.27,51.63,389.14
HAFL,1 week,2025-August-01,359.27,-7.68,-29.87,389.14
HAFL,1 month,2025-August-24,408.85,5.07,19.71,389.14
HAFL,6 months,2026-January-21,385.47,-0.94,-3.67,389.14
OML,1 day,2025-July-26,29.08,-30.75,-12.91,41.99
OML,1 week,2025-August-01,45.59,8.58,3.6,41.99
OML,1 month,2025-August-24,30.97,-26.23,-11.02,41.99
OML,6 months,2026-January-21,53.77,28.06,11.78,41.99
FIL,1 day,2025-July-26,190.15,-27.75,-73.05,263.2
FIL,1 week,2025-August-01,145.13,-44.86,-118.07,263.2
FIL,1 month,2025-August-24,117.95,-55.19,-145.25,263.2
FIL,6 months,2026-January-21,122.54,-53.44,-140.66,263.2
SANSM,1 day,2025-July-26,50.52,-5.9,-3.17,53.69
SANSM,1 week,2025-August-01,55.19,2.79,1.5,53.69
SANSM,1 month,2025-August-24,52.78,-1.7,-0.91,53.69
SANSM,6 months,2026-January-21,71.8,33.73,18.11,53.69
RMPL,1 day,2025-July-26,9947.39,4.85,460.5,9486.89
RMPL,1 week,2025-August-01,10058.32,6.02,571.43,9486.89
RMPL,1 month,2025-August-24,9916.24,4.53,429.35,9486.89
RMPL,6 months,2026-January-21,12037.84,26.89,2550.95,9486.89
DMTM,1 day,2025-July-26,10.79,8.06,0.8,9.99
DMTM,1 week,2025-August-01,10.24,2.46,0.25,9.99
DMTM,1 month,2025-August-24,10.02,0.26,0.03,9.99
DMTM,6 months,2026-January-21,10.15,1.61,0.16,9.99
BELA,1 day,2025-July-26,150.24,22.08,27.17,123.07
BELA,1 week,2025-August-01,122.53,-0.44,-0.54,123.07
BELA,1 month,2025-August-24,158.17,28.52,35.1,123.07
BELA,6 months,2026-January-21,115.9,-5.83,-7.17,123.07
AKGL,1 day,2025-July-26,53.56,-10.77,-6.47,60.03
AKGL,1 week,2025-August-01,60.02,-0.02,-0.01,60.03
AKGL,1 month,2025-August-24,53.03,-11.66,-7.0,60.03
AKGL,6 months,2026-January-21,63.92,6.48,3.89,60.03
FIMM,1 day,2025-July-26,237.68,18.84,37.68,200.0
FIMM,1 week,2025-August-01,200.09,0.04,0.09,200.0
FIMM,1 month,2025-August-24,226.57,13.29,26.57,200.0
FIMM,6 months,2026-January-21,188.24,-5.88,-11.76,200.0
KCL,1 day,2025-July-26,129.49,-23.88,-40.62,170.11
KCL,1 week,2025-August-01,113.36,-33.36,-56.75,170.11
KCL,1 month,2025-August-24,100.96,-40.65,-69.15,170.11
KCL,6 months,2026-January-21,109.35,-35.72,-60.76,170.11
ASIC,1 day,2025-July-26,11.73,-38.28,-7.27,19.0
ASIC,1 week,2025-August-01,18.28,-3.77,-0.72,19.0
ASIC,1 month,2025-August-24,-2.09,-111.0,-21.09,19.0
ASIC,6 months,2026-January-21,15.86,-16.51,-3.14,19.0
GEMNETS,1 day,2025-July-26,127.81,177.9,81.82,45.99
GEMNETS,1 week,2025-August-01,3.0,-93.47,-42.99,45.99
GEMNETS,1 month,2025-August-24,-800.04,-1839.6,-846.03,45.99
GEMNETS,6 months,2026-January-21,132.36,187.8,86.37,45.99
TSMF,1 day,2025-July-26,14.08,25.24,2.84,11.24
TSMF,1 week,2025-August-01,9.97,-11.3,-1.27,11.24
TSMF,1 month,2025-August-24,13.0,15.7,1.76,11.24
TSMF,6 months,2026-January-21,10.81,-3.83,-0.43,11.24
SCL,1 day,2025-July-26,333.12,4.1,13.12,320.0
SCL,1 week,2025-August-01,304.77,-4.76,-15.23,320.0
SCL,1 month,2025-August-24,363.67,13.65,43.67,320.0
SCL,6 months,2026-January-21,304.15,-4.95,-15.85,320.0
SFL,1 day,2025-July-26,1400.3,27.3,300.31,1099.99
SFL,1 week,2025-August-01,1046.14,-4.9,-53.85,1099.99
SFL,1 month,2025-August-24,1344.25,22.21,244.26,1099.99
SFL,6 months,2026-January-21,849.7,-22.75,-250.29,1099.99
ELCM,1 day,2025-July-26,110.29,-19.77,-27.18,137.47
ELCM,1 week,2025-August-01,140.45,2.17,2.98,137.47
ELCM,1 month,2025-August-24,148.25,7.84,10.78,137.47
ELCM,6 months,2026-January-21,193.44,40.72,55.97,137.47
NONS,1 day,2025-July-26,65.65,-28.26,-25.86,91.51
NONS,1 week,2025-August-01,77.98,-14.79,-13.53,91.51
NONS,1 month,2025-August-24,65.34,-28.59,-26.17,91.51
NONS,6 months,2026-January-21,86.97,-4.96,-4.54,91.51
REWM,1 day,2025-July-26,176.32,34.6,45.32,131.0
REWM,1 week,2025-August-01,149.28,13.95,18.28,131.0
REWM,1 month,2025-August-24,175.63,34.07,44.63,131.0
REWM,6 months,2026-January-21,183.28,39.91,52.28,131.0
TPLL,1 day,2025-July-26,68.42,8.68,5.47,62.95
TPLL,1 week,2025-August-01,65.35,3.82,2.4,62.95
TPLL,1 month,2025-August-24,69.46,10.34,6.51,62.95
TPLL,6 months,2026-January-21,78.03,23.95,15.08,62.95
ZIL,1 day,2025-July-26,346.14,1.99,6.76,339.38
ZIL,1 week,2025-August-01,309.04,-8.94,-30.34,339.38
ZIL,1 month,2025-August-24,354.9,4.57,15.52,339.38
ZIL,6 months,2026-January-21,344.43,1.49,5.05,339.38
AGLNCPS,1 day,2025-July-26,31.64,18.85,5.02,26.62
AGLNCPS,1 week,2025-August-01,28.06,5.4,1.44,26.62
AGLNCPS,1 month,2025-August-24,30.05,12.87,3.43,26.62
AGLNCPS,6 months,2026-January-21,29.52,10.9,2.9,26.62
NSRM,1 day,2025-July-26,81.23,-30.72,-36.01,117.24
NSRM,1 week,2025-August-01,81.51,-30.48,-35.73,117.24
NSRM,1 month,2025-August-24,89.2,-23.91,-28.04,117.24
NSRM,6 months,2026-January-21,115.15,-1.78,-2.09,117.24
TCORPCPS,1 day,2025-July-26,12.42,39.9,3.54,8.88
TCORPCPS,1 week,2025-August-01,10.07,13.42,1.19,8.88
TCORPCPS,1 month,2025-August-24,9.16,3.16,0.28,8.88
TCORPCPS,6 months,2026-January-21,8.51,-4.15,-0.37,8.88
