symbol,href,name,sector_id,listed_in,sector_name,,ACI,ALLSHR,BKTI,JSGBKTI,JSMFI,KMI30,KMIALLSHR,KSE100,KSE100PR,KSE30,MII30,MZNPI,NBPPGI,NITPGI,OGTI,PSXDIV20,UPP9,data-link
BOP,https://dps.psx.com.pk/company/BOP,The Bank of Punjab,0807,"ALLSHR,KSE100,KSE100PR,PSXDIV20",COMMERCIAL BANKS,0,0,1,0,0,0,0,0,1,1,0,0,0,0,0,0,1,0,https://dps.psx.com.pk/timeseries/eod/BOP
FFL,https://dps.psx.com.pk/company/FFL,Fauji Foods Limited,0810,"ACI,ALLSHR,KMI30,KMIALLSHR",FOOD & PERSONAL CARE PRODUCTS,0,1,1,0,0,0,1,1,0,0,0,0,0,0,0,0,0,0,https://dps.psx.com.pk/timeseries/eod/FFL
ASL,https://dps.psx.com.pk/company/ASL,Aisha Steel Mills Limited,0808,"ALLSHR,KMIALLSHR",ENGINEERING,0,0,1,0,0,0,0,1,0,0,0,0,0,0,0,0,0,0,https://dps.psx.com.pk/timeseries/eod/ASL
HIFA,https://dps.psx.com.pk/company/HIFA,HBL Investment Fund,0806,ALLSHR,CLOSE - END MUTUAL FUND,0,0,1,0,0,0,0,0,0,0,0,0,0,0,0,0,0,0,https://dps.psx.com.pk/timeseries/eod/HIFA
BML,https://dps.psx.com.pk/company/BML,Bank Makramah Limited,0807,ALLSHR,COMMERCIAL BANKS,0,0,1,0,0,0,0,0,0,0,0,0,0,0,0,0,0,0,https://dps.psx.com.pk/timeseries/eod/BML
WTL,https://dps.psx.com.pk/company/WTL,Worldcall Telecom Limited,0828,ALLSHR,TECHNOLOGY & COMMUNICATION,0,0,1,0,0,0,0,0,0,0,0,0,0,0,0,0,0,0,https://dps.psx.com.pk/timeseries/eod/WTL
KEL,https://dps.psx.com.pk/company/KEL,K-Electric Limited,0824,"ALLSHR,KMIALLSHR,KSE100,KSE100PR",POWER GENERATION & DISTRIBUTION,0,0,1,0,0,0,0,1,1,1,0,0,0,0,0,0,0,0,https://dps.psx.com.pk/timeseries/eod/KEL
HASCOL,https://dps.psx.com.pk/company/HASCOL,Hascol Petroleum Limited,0821,ALLSHR,OIL & GAS MARKETING COMPANIES,0,0,1,0,0,0,0,0,0,0,0,0,0,0,0,0,0,0,https://dps.psx.com.pk/timeseries/eod/HASCOL
POWER,https://dps.psx.com.pk/company/POWER,Power Cement Limited,0804,"ALLSHR,KMIALLSHR",CEMENT,0,0,1,0,0,0,0,1,0,0,0,0,0,0,0,0,0,0,https://dps.psx.com.pk/timeseries/eod/POWER
CNERGY,https://dps.psx.com.pk/company/CNERGY,Cnergyico PK  Limited,0825,"ALLSHR,KMIALLSHR,KSE100,KSE100PR",REFINERY,0,0,1,0,0,0,0,1,1,1,0,0,0,0,0,0,0,0,https://dps.psx.com.pk/timeseries/eod/CNERGY
CLCPS,https://dps.psx.com.pk/company/CLCPS,Chenab Limited (Pref),0829,ALLSHR,TEXTILE COMPOSITE,0,0,1,0,0,0,0,0,0,0,0,0,0,0,0,0,0,0,https://dps.psx.com.pk/timeseries/eod/CLCPS
AHCL,https://dps.psx.com.pk/company/AHCL,Arif Habib Corporation Limited,0809,ALLSHR,FERTILIZER,0,0,1,0,0,0,0,0,0,0,0,0,0,0,0,0,0,0,https://dps.psx.com.pk/timeseries/eod/AHCL
FDPL,https://dps.psx.com.pk/company/FDPL,First Dawood Properties Limited,0813,ALLSHR,INV. BANKS / INV. COS. / SECURITIES COS.,0,0,1,0,0,0,0,0,0,0,0,0,0,0,0,0,0,0,https://dps.psx.com.pk/timeseries/eod/FDPL
ALAC,https://dps.psx.com.pk/company/ALAC,Askari Life Assurance Company Limited,0812,ALLSHR,INSURANCE,0,0,1,0,0,0,0,0,0,0,0,0,0,0,0,0,0,0,https://dps.psx.com.pk/timeseries/eod/ALAC
KOSM,https://dps.psx.com.pk/company/KOSM,Kohinoor Spinning Mills Limited,0830,ALLSHR,TEXTILE SPINNING,0,0,1,0,0,0,0,0,0,0,0,0,0,0,0,0,0,0,https://dps.psx.com.pk/timeseries/eod/KOSM
PIBTL,https://dps.psx.com.pk/company/PIBTL,Pakistan International Bulk Terminal,0833,"ALLSHR,KMIALLSHR,KSE100,KSE100PR",TRANSPORT,0,0,1,0,0,0,0,1,1,1,0,0,0,0,0,0,0,0,https://dps.psx.com.pk/timeseries/eod/PIBTL
HUBC,https://dps.psx.com.pk/company/HUBC,The Hub Power Company Limited,0824,"ALLSHR,KMI30,KMIALLSHR,KSE100,KSE100PR,KSE30,MII30,MZNPI,NBPPGI,NITPGI,PSXDIV20,UPP9",POWER GENERATION & DISTRIBUTION,0,0,1,0,0,0,1,1,1,1,1,1,1,1,1,0,1,1,https://dps.psx.com.pk/timeseries/eod/HUBC
SSGC,https://dps.psx.com.pk/company/SSGC,Sui Southern Gas Company Limited,0821,"ALLSHR,JSMFI,KMIALLSHR",OIL & GAS MARKETING COMPANIES,0,0,1,0,0,1,0,1,0,0,0,0,0,0,0,0,0,0,https://dps.psx.com.pk/timeseries/eod/SSGC
CHBL,https://dps.psx.com.pk/company/CHBL,Chenab Limited,0829,ALLSHR,TEXTILE COMPOSITE,0,0,1,0,0,0,0,0,0,0,0,0,0,0,0,0,0,0,https://dps.psx.com.pk/timeseries/eod/CHBL
MDTL,https://dps.psx.com.pk/company/MDTL,Media Times Limited,0828,ALLSHR,TECHNOLOGY & COMMUNICATION,0,0,1,0,0,0,0,0,0,0,0,0,0,0,0,0,0,0,https://dps.psx.com.pk/timeseries/eod/MDTL
BNL,https://dps.psx.com.pk/company/BNL,Bunnys Limited,0810,"ALLSHR,KMIALLSHR",FOOD & PERSONAL CARE PRODUCTS,0,0,1,0,0,0,0,1,0,0,0,0,0,0,0,0,0,0,https://dps.psx.com.pk/timeseries/eod/BNL
AKBL,https://dps.psx.com.pk/company/AKBL,Askari Bank Limited,0807,"ALLSHR,KSE100,KSE100PR,PSXDIV20",COMMERCIAL BANKS,0,0,1,0,0,0,0,0,1,1,0,0,0,0,0,0,1,0,https://dps.psx.com.pk/timeseries/eod/AKBL
ENGROH,https://dps.psx.com.pk/company/ENGROH,Engro Holdings Limited,0813,"ALLSHR,KMI30,KMIALLSHR,KSE100,KSE100PR,KSE30,MII30,MZNPI,NBPPGI,NITPGI,PSXDIV20,UPP9",INV. BANKS / INV. COS. / SECURITIES COS.,0,0,1,0,0,0,1,1,1,1,1,1,1,1,1,0,1,1,https://dps.psx.com.pk/timeseries/eod/ENGROH
PASL,https://dps.psx.com.pk/company/PASL,Pervez Ahmed Consultancy Services Ltd.,0813,ALLSHR,INV. BANKS / INV. COS. / SECURITIES COS.,0,0,1,0,0,0,0,0,0,0,0,0,0,0,0,0,0,0,https://dps.psx.com.pk/timeseries/eod/PASL
TPLP,https://dps.psx.com.pk/company/TPLP,TPL Properties Limited,0838,"ALLSHR,KMIALLSHR",PROPERTY,0,0,1,0,0,0,0,1,0,0,0,0,0,0,0,0,0,0,https://dps.psx.com.pk/timeseries/eod/TPLP
PTC,https://dps.psx.com.pk/company/PTC,Pakistan Telecommunication Company Ltd,0828,"ALLSHR,KSE100,KSE100PR",TECHNOLOGY & COMMUNICATION,0,0,1,0,0,0,0,0,1,1,0,0,0,0,0,0,0,0,https://dps.psx.com.pk/timeseries/eod/PTC
HGFA,https://dps.psx.com.pk/company/HGFA,HBL Growth Fund,0806,"ALLSHR,KSE100,KSE100PR",CLOSE - END MUTUAL FUND,0,0,1,0,0,0,0,0,1,1,0,0,0,0,0,0,0,0,https://dps.psx.com.pk/timeseries/eod/HGFA
TRSM,https://dps.psx.com.pk/company/TRSM,Trust Modaraba,0819,"ALLSHR,KMIALLSHR",MODARABAS,0,0,1,0,0,0,0,1,0,0,0,0,0,0,0,0,0,0,https://dps.psx.com.pk/timeseries/eod/TRSM
NBP,https://dps.psx.com.pk/company/NBP,National Bank of Pakistan,0807,"ALLSHR,BKTI,JSGBKTI,JSMFI,KSE100,KSE100PR,KSE30",COMMERCIAL BANKS,0,0,1,1,1,1,0,0,1,1,1,0,0,0,0,0,0,0,https://dps.psx.com.pk/timeseries/eod/NBP
TELE,https://dps.psx.com.pk/company/TELE,Telecard Limited,0828,"ALLSHR,KMIALLSHR",TECHNOLOGY & COMMUNICATION,0,0,1,0,0,0,0,1,0,0,0,0,0,0,0,0,0,0,https://dps.psx.com.pk/timeseries/eod/TELE
SEARL,https://dps.psx.com.pk/company/SEARL,The Searle Company Limited,0823,"ACI,ALLSHR,KMI30,KMIALLSHR,KSE100,KSE100PR,KSE30,MII30",PHARMACEUTICALS,0,1,1,0,0,0,1,1,1,1,1,1,0,0,0,0,0,0,https://dps.psx.com.pk/timeseries/eod/SEARL
PMI,https://dps.psx.com.pk/company/PMI,First Prudential Modaraba,0819,"ALLSHR,KMIALLSHR",MODARABAS,0,0,1,0,0,0,0,1,0,0,0,0,0,0,0,0,0,0,https://dps.psx.com.pk/timeseries/eod/PMI
PACE,https://dps.psx.com.pk/company/PACE,Pace (Pakistan) Limited,0838,ALLSHR,PROPERTY,0,0,1,0,0,0,0,0,0,0,0,0,0,0,0,0,0,0,https://dps.psx.com.pk/timeseries/eod/PACE
TBL,https://dps.psx.com.pk/company/TBL,Treet Battery Limited.,0802,ALLSHR,AUTOMOBILE PARTS & ACCESSORIES,0,0,1,0,0,0,0,0,0,0,0,0,0,0,0,0,0,0,https://dps.psx.com.pk/timeseries/eod/TBL
GAL,https://dps.psx.com.pk/company/GAL,Ghandhara Automobiles Limited,0801,"ALLSHR,KMI30,KMIALLSHR,KSE30,MZNPI",AUTOMOBILE ASSEMBLER,0,0,1,0,0,0,1,1,0,0,1,0,1,0,0,0,0,0,https://dps.psx.com.pk/timeseries/eod/GAL
PAKRI,https://dps.psx.com.pk/company/PAKRI,Pakistan Reinsurance Company Limited,0812,ALLSHR,INSURANCE,0,0,1,0,0,0,0,0,0,0,0,0,0,0,0,0,0,0,https://dps.psx.com.pk/timeseries/eod/PAKRI
IMAGE,https://dps.psx.com.pk/company/IMAGE,Image Pakistan Limited,0827,"ALLSHR,KMIALLSHR",SYNTHETIC & RAYON,0,0,1,0,0,0,0,1,0,0,0,0,0,0,0,0,0,0,https://dps.psx.com.pk/timeseries/eod/IMAGE
HBL,https://dps.psx.com.pk/company/HBL,Habib Bank Limited,0807,"ALLSHR,BKTI,JSGBKTI,JSMFI,KSE100,KSE100PR,KSE30,NBPPGI,NITPGI,PSXDIV20",COMMERCIAL BANKS,0,0,1,1,1,1,0,0,1,1,1,0,0,1,1,0,1,0,https://dps.psx.com.pk/timeseries/eod/HBL
DCL,https://dps.psx.com.pk/company/DCL,Dewan Cement Limited,0804,"ALLSHR,KMIALLSHR",CEMENT,0,0,1,0,0,0,0,1,0,0,0,0,0,0,0,0,0,0,https://dps.psx.com.pk/timeseries/eod/DCL
MLCF,https://dps.psx.com.pk/company/MLCF,Maple Leaf Cement Factory Limited,0804,"ACI,ALLSHR,KMI30,KMIALLSHR,KSE100,KSE100PR,KSE30,MII30,MZNPI",CEMENT,0,1,1,0,0,0,1,1,1,1,1,1,1,0,0,0,0,0,https://dps.psx.com.pk/timeseries/eod/MLCF
PRL,https://dps.psx.com.pk/company/PRL,Pakistan Refinery Limited,0825,"ALLSHR,KMI30,KMIALLSHR",REFINERY,0,0,1,0,0,0,1,1,0,0,0,0,0,0,0,0,0,0,https://dps.psx.com.pk/timeseries/eod/PRL
DGKC,https://dps.psx.com.pk/company/DGKC,D.G. Khan Cement Company Limited,0804,"ACI,ALLSHR,KMI30,KMIALLSHR,KSE100,KSE100PR,KSE30,MII30,MZNPI",CEMENT,0,1,1,0,0,0,1,1,1,1,1,1,1,0,0,0,0,0,https://dps.psx.com.pk/timeseries/eod/DGKC
PPL,https://dps.psx.com.pk/company/PPL,Pakistan Petroleum Limited,0820,"ALLSHR,KMI30,KMIALLSHR,KSE100,KSE100PR,KSE30,MII30,MZNPI,NBPPGI,NITPGI,OGTI",OIL & GAS EXPLORATION COMPANIES,0,0,1,0,0,0,1,1,1,1,1,1,1,1,1,1,0,0,https://dps.psx.com.pk/timeseries/eod/PPL
GATM,https://dps.psx.com.pk/company/GATM,Gul Ahmed Textile Mills Limited,0829,"ACI,ALLSHR,KMIALLSHR",TEXTILE COMPOSITE,0,1,1,0,0,0,0,1,0,0,0,0,0,0,0,0,0,0,https://dps.psx.com.pk/timeseries/eod/GATM
DOL,https://dps.psx.com.pk/company/DOL,Descon Oxychem Limited,0805,"ALLSHR,KMIALLSHR",CHEMICAL,0,0,1,0,0,0,0,1,0,0,0,0,0,0,0,0,0,0,https://dps.psx.com.pk/timeseries/eod/DOL
THCCL,https://dps.psx.com.pk/company/THCCL,Thatta Cement Company Limited,0804,ALLSHR,CEMENT,0,0,1,0,0,0,0,0,0,0,0,0,0,0,0,0,0,0,https://dps.psx.com.pk/timeseries/eod/THCCL
TSBL,https://dps.psx.com.pk/company/TSBL,Trust Securities & Brokerage Limited,0813,ALLSHR,INV. BANKS / INV. COS. / SECURITIES COS.,0,0,1,0,0,0,0,0,0,0,0,0,0,0,0,0,0,0,https://dps.psx.com.pk/timeseries/eod/TSBL
PAEL,https://dps.psx.com.pk/company/PAEL,Pak Elektron Limited,0803,"ALLSHR,KMI30,KMIALLSHR,KSE100,KSE100PR,KSE30,MII30",CABLE & ELECTRICAL GOODS,0,0,1,0,0,0,1,1,1,1,1,1,0,0,0,0,0,0,https://dps.psx.com.pk/timeseries/eod/PAEL
PIAHCLA,https://dps.psx.com.pk/company/PIAHCLA,PIA Holding Company Limited,0813,"ALLSHR,JSMFI",INV. BANKS / INV. COS. / SECURITIES COS.,0,0,1,0,0,1,0,0,0,0,0,0,0,0,0,0,0,0,https://dps.psx.com.pk/timeseries/eod/PIAHCLA
CPHL,https://dps.psx.com.pk/company/CPHL,Citi Pharma Ltd.,0823,"ALLSHR,KMIALLSHR",PHARMACEUTICALS,0,0,1,0,0,0,0,1,0,0,0,0,0,0,0,0,0,0,https://dps.psx.com.pk/timeseries/eod/CPHL
SNBL,https://dps.psx.com.pk/company/SNBL,Soneri Bank Limited,0807,ALLSHR,COMMERCIAL BANKS,0,0,1,0,0,0,0,0,0,0,0,0,0,0,0,0,0,0,https://dps.psx.com.pk/timeseries/eod/SNBL
FCCL,https://dps.psx.com.pk/company/FCCL,Fauji Cement Company Limited,0804,"ACI,ALLSHR,KMI30,KMIALLSHR,KSE100,KSE100PR,KSE30,MII30",CEMENT,0,1,1,0,0,0,1,1,1,1,1,1,0,0,0,0,0,0,https://dps.psx.com.pk/timeseries/eod/FCCL
DFML,https://dps.psx.com.pk/company/DFML,Dewan Farooque Motors Limited,0801,"ALLSHR,KSE30",AUTOMOBILE ASSEMBLER,0,0,1,0,0,0,0,0,0,0,1,0,0,0,0,0,0,0,https://dps.psx.com.pk/timeseries/eod/DFML
CRTM,https://dps.psx.com.pk/company/CRTM,The Crescent Textile Mills Limited,0829,"ALLSHR,KMIALLSHR",TEXTILE COMPOSITE,0,0,1,0,0,0,0,1,0,0,0,0,0,0,0,0,0,0,https://dps.psx.com.pk/timeseries/eod/CRTM
WAVES,https://dps.psx.com.pk/company/WAVES,Waves Corporation Limited,0803,ALLSHR,CABLE & ELECTRICAL GOODS,0,0,1,0,0,0,0,0,0,0,0,0,0,0,0,0,0,0,https://dps.psx.com.pk/timeseries/eod/WAVES
BECO,https://dps.psx.com.pk/company/BECO,Beco Steel Limited,0808,"ALLSHR,KMIALLSHR",ENGINEERING,0,0,1,0,0,0,0,1,0,0,0,0,0,0,0,0,0,0,https://dps.psx.com.pk/timeseries/eod/BECO
MUGHAL,https://dps.psx.com.pk/company/MUGHAL,Mughal Iron & Steel Industries Limited,0808,"ACI,ALLSHR,KMIALLSHR,KSE100,KSE100PR",ENGINEERING,0,1,1,0,0,0,0,1,1,1,0,0,0,0,0,0,0,0,https://dps.psx.com.pk/timeseries/eod/MUGHAL
TREET,https://dps.psx.com.pk/company/TREET,Treet Corporation Limited,0810,"ALLSHR,JSMFI,KMIALLSHR",FOOD & PERSONAL CARE PRODUCTS,0,0,1,0,0,1,0,1,0,0,0,0,0,0,0,0,0,0,https://dps.psx.com.pk/timeseries/eod/TREET
HUMNL,https://dps.psx.com.pk/company/HUMNL,Hum Network Limited,0828,"ALLSHR,KSE100,KSE100PR",TECHNOLOGY & COMMUNICATION,0,0,1,0,0,0,0,0,1,1,0,0,0,0,0,0,0,0,https://dps.psx.com.pk/timeseries/eod/HUMNL
GCWL,https://dps.psx.com.pk/company/GCWL,Ghani Chemworld Limited,0805,ALLSHR,CHEMICAL,0,0,1,0,0,0,0,0,0,0,0,0,0,0,0,0,0,0,https://dps.psx.com.pk/timeseries/eod/GCWL
OGDC,https://dps.psx.com.pk/company/OGDC,Oil & Gas Development Company Limited,0820,"ALLSHR,KMI30,KMIALLSHR,KSE100,KSE100PR,KSE30,MII30,MZNPI,NBPPGI,NITPGI,OGTI,PSXDIV20",OIL & GAS EXPLORATION COMPANIES,0,0,1,0,0,0,1,1,1,1,1,1,1,1,1,1,1,0,https://dps.psx.com.pk/timeseries/eod/OGDC
ITTEFAQ,https://dps.psx.com.pk/company/ITTEFAQ,Ittefaq Iron Industries Limited,0808,"ALLSHR,KMIALLSHR",ENGINEERING,0,0,1,0,0,0,0,1,0,0,0,0,0,0,0,0,0,0,https://dps.psx.com.pk/timeseries/eod/ITTEFAQ
DBCI,https://dps.psx.com.pk/company/DBCI,Dadabhoy Cement Industries Limited,0804,ALLSHR,CEMENT,0,0,1,0,0,0,0,0,0,0,0,0,0,0,0,0,0,0,https://dps.psx.com.pk/timeseries/eod/DBCI
TRG,https://dps.psx.com.pk/company/TRG,TRG Pakistan Limited,0828,"ALLSHR,KSE100,KSE100PR",TECHNOLOGY & COMMUNICATION,0,0,1,0,0,0,0,0,1,1,0,0,0,0,0,0,0,0,https://dps.psx.com.pk/timeseries/eod/TRG
PSX,https://dps.psx.com.pk/company/PSX,Pakistan Stock Exchange Limited,0813,"ALLSHR,KSE100,KSE100PR",INV. BANKS / INV. COS. / SECURITIES COS.,0,0,1,0,0,0,0,0,1,1,0,0,0,0,0,0,0,0,https://dps.psx.com.pk/timeseries/eod/PSX
PREMA,https://dps.psx.com.pk/company/PREMA,At-Tahur Limited,0810,"ALLSHR,KMIALLSHR",FOOD & PERSONAL CARE PRODUCTS,0,0,1,0,0,0,0,1,0,0,0,0,0,0,0,0,0,0,https://dps.psx.com.pk/timeseries/eod/PREMA
WAVESAPP,https://dps.psx.com.pk/company/WAVESAPP,Waves Home Appliances Limited,0803,ALLSHR,CABLE & ELECTRICAL GOODS,0,0,1,0,0,0,0,0,0,0,0,0,0,0,0,0,0,0,https://dps.psx.com.pk/timeseries/eod/WAVESAPP
BFAGRO,https://dps.psx.com.pk/company/BFAGRO,Barkat Frisian Agro Limited,0810,"ALLSHR,KMIALLSHR",FOOD & PERSONAL CARE PRODUCTS,0,0,1,0,0,0,0,1,0,0,0,0,0,0,0,0,0,0,https://dps.psx.com.pk/timeseries/eod/BFAGRO
GGL,https://dps.psx.com.pk/company/GGL,Ghani Global Holdings Limited,0805,"ALLSHR,KMIALLSHR",CHEMICAL,0,0,1,0,0,0,0,1,0,0,0,0,0,0,0,0,0,0,https://dps.psx.com.pk/timeseries/eod/GGL
FNEL,https://dps.psx.com.pk/company/FNEL,First National Equities Limited,0813,ALLSHR,INV. BANKS / INV. COS. / SECURITIES COS.,0,0,1,0,0,0,0,0,0,0,0,0,0,0,0,0,0,0,https://dps.psx.com.pk/timeseries/eod/FNEL
SYM,https://dps.psx.com.pk/company/SYM,Symmetry Group Limited,0828,"ALLSHR,KMIALLSHR",TECHNOLOGY & COMMUNICATION,0,0,1,0,0,0,0,1,0,0,0,0,0,0,0,0,0,0,https://dps.psx.com.pk/timeseries/eod/SYM
UBL,https://dps.psx.com.pk/company/UBL,United Bank Limited,0807,"ALLSHR,BKTI,JSGBKTI,KSE100,KSE100PR,KSE30,NBPPGI,NITPGI,PSXDIV20,UPP9",COMMERCIAL BANKS,0,0,1,1,1,0,0,0,1,1,1,0,0,1,1,0,1,1,https://dps.psx.com.pk/timeseries/eod/UBL
STPL,https://dps.psx.com.pk/company/STPL,Siddiqsons Tin Plate Limited,0818,ALLSHR,MISCELLANEOUS,0,0,1,0,0,0,0,0,0,0,0,0,0,0,0,0,0,0,https://dps.psx.com.pk/timeseries/eod/STPL
AVN,https://dps.psx.com.pk/company/AVN,Avanceon Limited,0828,"ALLSHR,KMI30,KMIALLSHR,KSE100,KSE100PR",TECHNOLOGY & COMMUNICATION,0,0,1,0,0,0,1,1,1,1,0,0,0,0,0,0,0,0,https://dps.psx.com.pk/timeseries/eod/AVN
FCSC,https://dps.psx.com.pk/company/FCSC,First Capital Securities Corporation,0813,ALLSHR,INV. BANKS / INV. COS. / SECURITIES COS.,0,0,1,0,0,0,0,0,0,0,0,0,0,0,0,0,0,0,https://dps.psx.com.pk/timeseries/eod/FCSC
ICIBL,https://dps.psx.com.pk/company/ICIBL,Invest Capital Investment Bank Limited,0813,ALLSHR,INV. BANKS / INV. COS. / SECURITIES COS.,0,0,1,0,0,0,0,0,0,0,0,0,0,0,0,0,0,0,https://dps.psx.com.pk/timeseries/eod/ICIBL
BBFL,https://dps.psx.com.pk/company/BBFL,Big Bird Foods Limited,0810,"ALLSHR,KMIALLSHR",FOOD & PERSONAL CARE PRODUCTS,0,0,1,0,0,0,0,1,0,0,0,0,0,0,0,0,0,0,https://dps.psx.com.pk/timeseries/eod/BBFL
DSL,https://dps.psx.com.pk/company/DSL,Dost Steels Limited,0808,ALLSHR,ENGINEERING,0,0,1,0,0,0,0,0,0,0,0,0,0,0,0,0,0,0,https://dps.psx.com.pk/timeseries/eod/DSL
DFSM,https://dps.psx.com.pk/company/DFSM,Dewan Farooque Spinning Mills Limited,0830,"ALLSHR,KMIALLSHR",TEXTILE SPINNING,0,0,1,0,0,0,0,1,0,0,0,0,0,0,0,0,0,0,https://dps.psx.com.pk/timeseries/eod/DFSM
AGHA,https://dps.psx.com.pk/company/AGHA,Agha Steel Ind.Ltd,0808,ALLSHR,ENGINEERING,0,0,1,0,0,0,0,0,0,0,0,0,0,0,0,0,0,0,https://dps.psx.com.pk/timeseries/eod/AGHA
GHGL,https://dps.psx.com.pk/company/GHGL,Ghani Glass Limited,0811,"ALLSHR,KMIALLSHR,KSE100,KSE100PR",GLASS & CERAMICS,0,0,1,0,0,0,0,1,1,1,0,0,0,0,0,0,0,0,https://dps.psx.com.pk/timeseries/eod/GHGL
SLGL,https://dps.psx.com.pk/company/SLGL,Secure Logistics Group Limited,0833,"ALLSHR,KMIALLSHR",TRANSPORT,0,0,1,0,0,0,0,1,0,0,0,0,0,0,0,0,0,0,https://dps.psx.com.pk/timeseries/eod/SLGL
SNGP,https://dps.psx.com.pk/company/SNGP,Sui Northern Gas Pipelines Limited,0821,"ACI,ALLSHR,KMI30,KMIALLSHR,KSE100,KSE100PR,MII30,MZNPI",OIL & GAS MARKETING COMPANIES,0,1,1,0,0,0,1,1,1,1,0,1,1,0,0,0,0,0,https://dps.psx.com.pk/timeseries/eod/SNGP
DWSM,https://dps.psx.com.pk/company/DWSM,Dewan Sugar Mills Limited,0826,ALLSHR,SUGAR & ALLIED INDUSTRIES,0,0,1,0,0,0,0,0,0,0,0,0,0,0,0,0,0,0,https://dps.psx.com.pk/timeseries/eod/DWSM
LOADS,https://dps.psx.com.pk/company/LOADS,Loads Limited,0802,ALLSHR,AUTOMOBILE PARTS & ACCESSORIES,0,0,1,0,0,0,0,0,0,0,0,0,0,0,0,0,0,0,https://dps.psx.com.pk/timeseries/eod/LOADS
ALTN,https://dps.psx.com.pk/company/ALTN,Altern Energy Limited,0824,ALLSHR,POWER GENERATION & DISTRIBUTION,0,0,1,0,0,0,0,0,0,0,0,0,0,0,0,0,0,0,https://dps.psx.com.pk/timeseries/eod/ALTN
YOUW,https://dps.psx.com.pk/company/YOUW,Yousaf Weaving Mills Limited,0831,"ALLSHR,KMIALLSHR,KSE100,KSE100PR",TEXTILE WEAVING,0,0,1,0,0,0,0,1,1,1,0,0,0,0,0,0,0,0,https://dps.psx.com.pk/timeseries/eod/YOUW
HWQS,https://dps.psx.com.pk/company/HWQS,Haseeb Waqas Sugar Mills Limited,0826,ALLSHR,SUGAR & ALLIED INDUSTRIES,0,0,1,0,0,0,0,0,0,0,0,0,0,0,0,0,0,0,https://dps.psx.com.pk/timeseries/eod/HWQS
HICL,https://dps.psx.com.pk/company/HICL,Habib Insurance Company Limited,0812,ALLSHR,INSURANCE,0,0,1,0,0,0,0,0,0,0,0,0,0,0,0,0,0,0,https://dps.psx.com.pk/timeseries/eod/HICL
ANL,https://dps.psx.com.pk/company/ANL,Azgard Nine Limited,0829,"ALLSHR,KMIALLSHR",TEXTILE COMPOSITE,0,0,1,0,0,0,0,1,0,0,0,0,0,0,0,0,0,0,https://dps.psx.com.pk/timeseries/eod/ANL
DHPL,https://dps.psx.com.pk/company/DHPL,DH Partners Limited,0813,ALLSHR,INV. BANKS / INV. COS. / SECURITIES COS.,0,0,1,0,0,0,0,0,0,0,0,0,0,0,0,0,0,0,https://dps.psx.com.pk/timeseries/eod/DHPL
CSAP,https://dps.psx.com.pk/company/CSAP,Crescent Steel & Allied Products Limited,0808,"ACI,ALLSHR",ENGINEERING,0,1,1,0,0,0,0,0,0,0,0,0,0,0,0,0,0,0,https://dps.psx.com.pk/timeseries/eod/CSAP
BAPL,https://dps.psx.com.pk/company/BAPL,Bawany Air Products Limited,0805,ALLSHR,CHEMICAL,0,0,1,0,0,0,0,0,0,0,0,0,0,0,0,0,0,0,https://dps.psx.com.pk/timeseries/eod/BAPL
BIPL,https://dps.psx.com.pk/company/BIPL,BankIslami Pakistan Limited,0807,"ALLSHR,JSMFI,KMIALLSHR",COMMERCIAL BANKS,0,0,1,0,0,1,0,1,0,0,0,0,0,0,0,0,0,0,https://dps.psx.com.pk/timeseries/eod/BIPL
PSO,https://dps.psx.com.pk/company/PSO,Pakistan State Oil Company Limited,0821,"ACI,ALLSHR,KMI30,KMIALLSHR,KSE100,KSE100PR,KSE30,MII30,MZNPI,NBPPGI",OIL & GAS MARKETING COMPANIES,0,1,1,0,0,0,1,1,1,1,1,1,1,1,0,0,0,0,https://dps.psx.com.pk/timeseries/eod/PSO
ASTM,https://dps.psx.com.pk/company/ASTM,Asim Textile Mills Limited,0830,ALLSHR,TEXTILE SPINNING,0,0,1,0,0,0,0,0,0,0,0,0,0,0,0,0,0,0,https://dps.psx.com.pk/timeseries/eod/ASTM
NRSL,https://dps.psx.com.pk/company/NRSL,Nimir Resins Limited,0805,"ALLSHR,KMIALLSHR",CHEMICAL,0,0,1,0,0,0,0,1,0,0,0,0,0,0,0,0,0,0,https://dps.psx.com.pk/timeseries/eod/NRSL
UNITY,https://dps.psx.com.pk/company/UNITY,Unity Foods Limited,0810,"ACI,ALLSHR,KMIALLSHR,KSE100,KSE100PR",FOOD & PERSONAL CARE PRODUCTS,0,1,1,0,0,0,0,1,1,1,0,0,0,0,0,0,0,0,https://dps.psx.com.pk/timeseries/eod/UNITY
LUCK,https://dps.psx.com.pk/company/LUCK,Lucky Cement Limited,0804,"ACI,ALLSHR,KMI30,KMIALLSHR,KSE100,KSE100PR,KSE30,MII30,MZNPI,NBPPGI,NITPGI,UPP9",CEMENT,0,1,1,0,0,0,1,1,1,1,1,1,1,1,1,0,0,1,https://dps.psx.com.pk/timeseries/eod/LUCK
SKRS,https://dps.psx.com.pk/company/SKRS,Sakrand Sugar Mills Limited,0826,ALLSHR,SUGAR & ALLIED INDUSTRIES,0,0,1,0,0,0,0,0,0,0,0,0,0,0,0,0,0,0,https://dps.psx.com.pk/timeseries/eod/SKRS
JSMFETF,https://dps.psx.com.pk/etf/JSMFETF,JS Momentum Factor Exchange Traded Fund,0837,,EXCHANGE TRADED FUNDS,1,0,0,0,0,0,0,0,0,0,0,0,0,0,0,0,0,0,https://dps.psx.com.pk/timeseries/eod/JSMFETF
AGL,https://dps.psx.com.pk/company/AGL,Agritech Limited,0809,"ALLSHR,KSE100,KSE100PR",FERTILIZER,0,0,1,0,0,0,0,0,1,1,0,0,0,0,0,0,0,0,https://dps.psx.com.pk/timeseries/eod/AGL
HCAR,https://dps.psx.com.pk/company/HCAR,Honda Atlas Cars (Pakistan) Limited,0801,"ALLSHR,KMI30,KMIALLSHR,KSE100,KSE100PR",AUTOMOBILE ASSEMBLER,0,0,1,0,0,0,1,1,1,1,0,0,0,0,0,0,0,0,https://dps.psx.com.pk/timeseries/eod/HCAR
FCL,https://dps.psx.com.pk/company/FCL,Fast Cables Limited,0803,"ALLSHR,KMIALLSHR",CABLE & ELECTRICAL GOODS,0,0,1,0,0,0,0,1,0,0,0,0,0,0,0,0,0,0,https://dps.psx.com.pk/timeseries/eod/FCL
EPCL,https://dps.psx.com.pk/company/EPCL,Engro Polymer & Chemicals Limited,0805,"ALLSHR,KMIALLSHR,KSE100,KSE100PR",CHEMICAL,0,0,1,0,0,0,0,1,1,1,0,0,0,0,0,0,0,0,https://dps.psx.com.pk/timeseries/eod/EPCL
NML,https://dps.psx.com.pk/company/NML,Nishat Mills Limited,0829,"ACI,ALLSHR,JSMFI,KMIALLSHR,KSE100,KSE100PR,MII30",TEXTILE COMPOSITE,0,1,1,0,0,1,0,1,1,1,0,1,0,0,0,0,0,0,https://dps.psx.com.pk/timeseries/eod/NML
SHDT,https://dps.psx.com.pk/company/SHDT,Shadab Textile Mills Limited,0830,"ALLSHR,KMIALLSHR",TEXTILE SPINNING,0,0,1,0,0,0,0,1,0,0,0,0,0,0,0,0,0,0,https://dps.psx.com.pk/timeseries/eod/SHDT
FABL,https://dps.psx.com.pk/company/FABL,Faysal Bank Limited,0807,"ALLSHR,BKTI,JSGBKTI,JSMFI,KMI30,KMIALLSHR,KSE100,KSE100PR,MII30,PSXDIV20",COMMERCIAL BANKS,0,0,1,1,1,1,1,1,1,1,0,1,0,0,0,0,1,0,https://dps.psx.com.pk/timeseries/eod/FABL
EFERT,https://dps.psx.com.pk/company/EFERT,Engro Fertilizers Limited,0809,"ALLSHR,KMI30,KMIALLSHR,KSE100,KSE100PR,KSE30,MII30,NBPPGI,NITPGI,PSXDIV20,UPP9",FERTILIZER,0,0,1,0,0,0,1,1,1,1,1,1,0,1,1,0,1,1,https://dps.psx.com.pk/timeseries/eod/EFERT
SYS,https://dps.psx.com.pk/company/SYS,Systems Limited,0828,"ALLSHR,KMI30,KMIALLSHR,KSE100,KSE100PR,KSE30,MII30,NBPPGI,UPP9",TECHNOLOGY & COMMUNICATION,0,0,1,0,0,0,1,1,1,1,1,1,0,1,0,0,0,1,https://dps.psx.com.pk/timeseries/eod/SYS
LIVEN,https://dps.psx.com.pk/company/LIVEN,Liven Pharma Limited,0823,"ALLSHR,KMIALLSHR",PHARMACEUTICALS,0,0,1,0,0,0,0,1,0,0,0,0,0,0,0,0,0,0,https://dps.psx.com.pk/timeseries/eod/LIVEN
BAFL,https://dps.psx.com.pk/company/BAFL,Bank Alfalah Limited,0807,"ALLSHR,BKTI,JSGBKTI,KSE100,KSE100PR,PSXDIV20",COMMERCIAL BANKS,0,0,1,1,1,0,0,0,1,1,0,0,0,0,0,0,1,0,https://dps.psx.com.pk/timeseries/eod/BAFL
JSBL,https://dps.psx.com.pk/company/JSBL,JS Bank Limited,0807,ALLSHR,COMMERCIAL BANKS,0,0,1,0,0,0,0,0,0,0,0,0,0,0,0,0,0,0,https://dps.psx.com.pk/timeseries/eod/JSBL
LOTCHEM,https://dps.psx.com.pk/company/LOTCHEM,Lotte Chemical Pakistan Limited,0805,"ALLSHR,KMIALLSHR,KSE100,KSE100PR",CHEMICAL,0,0,1,0,0,0,0,1,1,1,0,0,0,0,0,0,0,0,https://dps.psx.com.pk/timeseries/eod/LOTCHEM
UCAPM,https://dps.psx.com.pk/company/UCAPM,Unicap Modaraba,0819,"ALLSHR,KMIALLSHR",MODARABAS,0,0,1,0,0,0,0,1,0,0,0,0,0,0,0,0,0,0,https://dps.psx.com.pk/timeseries/eod/UCAPM
PKGS,https://dps.psx.com.pk/company/PKGS,Packages Limited,0822,"ALLSHR,KMIALLSHR,KSE100,KSE100PR","PAPER, BOARD & PACKAGING",0,0,1,0,0,0,0,1,1,1,0,0,0,0,0,0,0,0,https://dps.psx.com.pk/timeseries/eod/PKGS
TOMCL,https://dps.psx.com.pk/company/TOMCL,The Organic Meat Company Limited,0810,"ALLSHR,KMI30,KMIALLSHR",FOOD & PERSONAL CARE PRODUCTS,0,0,1,0,0,0,1,1,0,0,0,0,0,0,0,0,0,0,https://dps.psx.com.pk/timeseries/eod/TOMCL
GCIL,https://dps.psx.com.pk/company/GCIL,Ghani Chemical Industries Limited,0805,"ALLSHR,KMIALLSHR",CHEMICAL,0,0,1,0,0,0,0,1,0,0,0,0,0,0,0,0,0,0,https://dps.psx.com.pk/timeseries/eod/GCIL
ABL,https://dps.psx.com.pk/company/ABL,Allied Bank Limited,0807,"ALLSHR,KSE100,KSE100PR",COMMERCIAL BANKS,0,0,1,0,0,0,0,0,1,1,0,0,0,0,0,0,0,0,https://dps.psx.com.pk/timeseries/eod/ABL
MARI,https://dps.psx.com.pk/company/MARI,Mari Energies Limited,0820,"ALLSHR,KMI30,KMIALLSHR,KSE100,KSE100PR,KSE30,MII30,MZNPI,NITPGI,OGTI",OIL & GAS EXPLORATION COMPANIES,0,0,1,0,0,0,1,1,1,1,1,1,1,0,1,1,0,0,https://dps.psx.com.pk/timeseries/eod/MARI
MEBL,https://dps.psx.com.pk/company/MEBL,Meezan Bank Limited,0807,"ALLSHR,BKTI,JSGBKTI,JSMFI,KMI30,KMIALLSHR,KSE100,KSE100PR,KSE30,MII30,NBPPGI,NITPGI,PSXDIV20,UPP9",COMMERCIAL BANKS,0,0,1,1,1,1,1,1,1,1,1,1,0,1,1,0,1,1,https://dps.psx.com.pk/timeseries/eod/MEBL
GHNI,https://dps.psx.com.pk/company/GHNI,Ghandhara Industries Limited,0801,"ALLSHR,KMI30,KMIALLSHR,KSE30",AUTOMOBILE ASSEMBLER,0,0,1,0,0,0,1,1,0,0,1,0,0,0,0,0,0,0,https://dps.psx.com.pk/timeseries/eod/GHNI
INIL,https://dps.psx.com.pk/company/INIL,International Industries Limited,0808,"ACI,ALLSHR,KMIALLSHR,KSE100,KSE100PR",ENGINEERING,0,1,1,0,0,0,0,1,1,1,0,0,0,0,0,0,0,0,https://dps.psx.com.pk/timeseries/eod/INIL
PICT,https://dps.psx.com.pk/company/PICT,Pakistan International Container,0833,ALLSHR,TRANSPORT,0,0,1,0,0,0,0,0,0,0,0,0,0,0,0,0,0,0,https://dps.psx.com.pk/timeseries/eod/PICT
BWHL,https://dps.psx.com.pk/company/BWHL,Baluchistan Wheels Limited,0802,"ALLSHR,KMIALLSHR",AUTOMOBILE PARTS & ACCESSORIES,0,0,1,0,0,0,0,1,0,0,0,0,0,0,0,0,0,0,https://dps.psx.com.pk/timeseries/eod/BWHL
IBLHL,https://dps.psx.com.pk/company/IBLHL,IBL HealthCare Limited,0823,"ALLSHR,KMIALLSHR",PHARMACEUTICALS,0,0,1,0,0,0,0,1,0,0,0,0,0,0,0,0,0,0,https://dps.psx.com.pk/timeseries/eod/IBLHL
FCEPL,https://dps.psx.com.pk/company/FCEPL,Frieslandcampina Engro Pakistan Limited,0810,"ALLSHR,KMIALLSHR,KSE100,KSE100PR",FOOD & PERSONAL CARE PRODUCTS,0,0,1,0,0,0,0,1,1,1,0,0,0,0,0,0,0,0,https://dps.psx.com.pk/timeseries/eod/FCEPL
JSCLPSA,https://dps.psx.com.pk/company/JSCLPSA,Jahangir Sidd(Pref),0813,ALLSHR,INV. BANKS / INV. COS. / SECURITIES COS.,0,0,1,0,0,0,0,0,0,0,0,0,0,0,0,0,0,0,https://dps.psx.com.pk/timeseries/eod/JSCLPSA
SHNI,https://dps.psx.com.pk/company/SHNI,Shaheen Insurance Company Limited,0812,ALLSHR,INSURANCE,0,0,1,0,0,0,0,0,0,0,0,0,0,0,0,0,0,0,https://dps.psx.com.pk/timeseries/eod/SHNI
BAHL,https://dps.psx.com.pk/company/BAHL,Bank AL Habib Limited,0807,"ALLSHR,BKTI,JSGBKTI,KSE100,KSE100PR,KSE30,NBPPGI,NITPGI,PSXDIV20",COMMERCIAL BANKS,0,0,1,1,1,0,0,0,1,1,1,0,0,1,1,0,1,0,https://dps.psx.com.pk/timeseries/eod/BAHL
GGGL,https://dps.psx.com.pk/company/GGGL,Ghani Global Glass Limited,0811,"ALLSHR,KMIALLSHR",GLASS & CERAMICS,0,0,1,0,0,0,0,1,0,0,0,0,0,0,0,0,0,0,https://dps.psx.com.pk/timeseries/eod/GGGL
IGIHL,https://dps.psx.com.pk/company/IGIHL,IGI Holdings Limited,0812,ALLSHR,INSURANCE,0,0,1,0,0,0,0,0,0,0,0,0,0,0,0,0,0,0,https://dps.psx.com.pk/timeseries/eod/IGIHL
UNIC,https://dps.psx.com.pk/company/UNIC,The United Insurance Company,0812,ALLSHR,INSURANCE,0,0,1,0,0,0,0,0,0,0,0,0,0,0,0,0,0,0,https://dps.psx.com.pk/timeseries/eod/UNIC
DCR,https://dps.psx.com.pk/company/DCR,Dolmen City REIT,0836,"ALLSHR,KMIALLSHR,KSE100,KSE100PR",REAL ESTATE INVESTMENT TRUST,0,0,1,0,0,0,0,1,1,1,0,0,0,0,0,0,0,0,https://dps.psx.com.pk/timeseries/eod/DCR
CSIL,https://dps.psx.com.pk/company/CSIL,Crescent Star Insurance Limited,0812,ALLSHR,INSURANCE,0,0,1,0,0,0,0,0,0,0,0,0,0,0,0,0,0,0,https://dps.psx.com.pk/timeseries/eod/CSIL
IMS,https://dps.psx.com.pk/company/IMS,Intermarket Securities Limited,0813,ALLSHR,INV. BANKS / INV. COS. / SECURITIES COS.,0,0,1,0,0,0,0,0,0,0,0,0,0,0,0,0,0,0,https://dps.psx.com.pk/timeseries/eod/IMS
ASTL,https://dps.psx.com.pk/company/ASTL,Amreli Steels Limited,0808,ALLSHR,ENGINEERING,0,0,1,0,0,0,0,0,0,0,0,0,0,0,0,0,0,0,https://dps.psx.com.pk/timeseries/eod/ASTL
ASC,https://dps.psx.com.pk/company/ASC,Al Shaheer Corporation Limited,0810,ALLSHR,FOOD & PERSONAL CARE PRODUCTS,0,0,1,0,0,0,0,0,0,0,0,0,0,0,0,0,0,0,https://dps.psx.com.pk/timeseries/eod/ASC
AIRLINK,https://dps.psx.com.pk/company/AIRLINK,Air Link Communication Limited,0828,"ALLSHR,KSE100,KSE100PR,KSE30",TECHNOLOGY & COMMUNICATION,0,0,1,0,0,0,0,0,1,1,1,0,0,0,0,0,0,0,https://dps.psx.com.pk/timeseries/eod/AIRLINK
HIRAT,https://dps.psx.com.pk/company/HIRAT,Hira Textile Mills Limited,0830,ALLSHR,TEXTILE SPINNING,0,0,1,0,0,0,0,0,0,0,0,0,0,0,0,0,0,0,https://dps.psx.com.pk/timeseries/eod/HIRAT
UDPL,https://dps.psx.com.pk/company/UDPL,United Distributors Pakistan Limited,0818,"ALLSHR,KMIALLSHR",MISCELLANEOUS,0,0,1,0,0,0,0,1,0,0,0,0,0,0,0,0,0,0,https://dps.psx.com.pk/timeseries/eod/UDPL
KHTC,https://dps.psx.com.pk/company/KHTC,Khyber Tobacco Company Limited,0832,ALLSHR,TOBACCO,0,0,1,0,0,0,0,0,0,0,0,0,0,0,0,0,0,0,https://dps.psx.com.pk/timeseries/eod/KHTC
OCTOPUS,https://dps.psx.com.pk/company/OCTOPUS,Octopus Digital Limited,0828,"ALLSHR,KMI30,KMIALLSHR",TECHNOLOGY & COMMUNICATION,0,0,1,0,0,0,1,1,0,0,0,0,0,0,0,0,0,0,https://dps.psx.com.pk/timeseries/eod/OCTOPUS
ATRL,https://dps.psx.com.pk/company/ATRL,Attock Refinery Limited,0825,"ALLSHR,KMI30,KMIALLSHR,KSE100,KSE100PR,KSE30,MII30,MZNPI",REFINERY,0,0,1,0,0,0,1,1,1,1,1,1,1,0,0,0,0,0,https://dps.psx.com.pk/timeseries/eod/ATRL
NRL,https://dps.psx.com.pk/company/NRL,National Refinery Limited,0825,ALLSHR,REFINERY,0,0,1,0,0,0,0,0,0,0,0,0,0,0,0,0,0,0,https://dps.psx.com.pk/timeseries/eod/NRL
CLVL,https://dps.psx.com.pk/company/CLVL,Cordoba Logistics & Ventures Limited,0833,"ALLSHR,KMIALLSHR",TRANSPORT,0,0,1,0,0,0,0,1,0,0,0,0,0,0,0,0,0,0,https://dps.psx.com.pk/timeseries/eod/CLVL
MACFL,https://dps.psx.com.pk/company/MACFL,MACPAC Films Limited,0822,"ALLSHR,KMIALLSHR","PAPER, BOARD & PACKAGING",0,0,1,0,0,0,0,1,0,0,0,0,0,0,0,0,0,0,https://dps.psx.com.pk/timeseries/eod/MACFL
ECOP,https://dps.psx.com.pk/company/ECOP,Ecopack Limited,0818,"ALLSHR,KMIALLSHR",MISCELLANEOUS,0,0,1,0,0,0,0,1,0,0,0,0,0,0,0,0,0,0,https://dps.psx.com.pk/timeseries/eod/ECOP
ILP,https://dps.psx.com.pk/company/ILP,Interloop Limited,0829,"ACI,ALLSHR,KMIALLSHR,KSE100,KSE100PR,MII30",TEXTILE COMPOSITE,0,1,1,0,0,0,0,1,1,1,0,1,0,0,0,0,0,0,https://dps.psx.com.pk/timeseries/eod/ILP
EMCO,https://dps.psx.com.pk/company/EMCO,Emco Industries Limited,0803,"ALLSHR,KMIALLSHR",CABLE & ELECTRICAL GOODS,0,0,1,0,0,0,0,1,0,0,0,0,0,0,0,0,0,0,https://dps.psx.com.pk/timeseries/eod/EMCO
ISL,https://dps.psx.com.pk/company/ISL,International Steels Limited,0808,"ACI,ALLSHR,KMIALLSHR,KSE100,KSE100PR",ENGINEERING,0,1,1,0,0,0,0,1,1,1,0,0,0,0,0,0,0,0,https://dps.psx.com.pk/timeseries/eod/ISL
FFC,https://dps.psx.com.pk/company/FFC,Fauji Fertilizer Company Limited,0809,"ALLSHR,KSE100,KSE100PR,KSE30,NBPPGI,NITPGI,PSXDIV20,UPP9",FERTILIZER,0,0,1,0,0,0,0,0,1,1,1,0,0,1,1,0,1,1,https://dps.psx.com.pk/timeseries/eod/FFC
AICL,https://dps.psx.com.pk/company/AICL,Adamjee Insurance Company Limited,0812,"ALLSHR,KSE100,KSE100PR,PSXDIV20",INSURANCE,0,0,1,0,0,0,0,0,1,1,0,0,0,0,0,0,1,0,https://dps.psx.com.pk/timeseries/eod/AICL
BGL,https://dps.psx.com.pk/company/BGL,Baluchistan Glass Limited,0811,"ALLSHR,KMIALLSHR",GLASS & CERAMICS,0,0,1,0,0,0,0,1,0,0,0,0,0,0,0,0,0,0,https://dps.psx.com.pk/timeseries/eod/BGL
AMTEX,https://dps.psx.com.pk/company/AMTEX,Amtex Limited,0830,ALLSHR,TEXTILE SPINNING,0,0,1,0,0,0,0,0,0,0,0,0,0,0,0,0,0,0,https://dps.psx.com.pk/timeseries/eod/AMTEX
FANM,https://dps.psx.com.pk/company/FANM,First Al-Noor Modaraba,0819,"ALLSHR,KMIALLSHR",MODARABAS,0,0,1,0,0,0,0,1,0,0,0,0,0,0,0,0,0,0,https://dps.psx.com.pk/timeseries/eod/FANM
FLYNG,https://dps.psx.com.pk/company/FLYNG,Flying Cement Company Limited,0804,"ALLSHR,KMIALLSHR",CEMENT,0,0,1,0,0,0,0,1,0,0,0,0,0,0,0,0,0,0,https://dps.psx.com.pk/timeseries/eod/FLYNG
NETSOL,https://dps.psx.com.pk/company/NETSOL,NetSol Technologies Limited,0828,"ALLSHR,KMI30,KMIALLSHR,KSE30",TECHNOLOGY & COMMUNICATION,0,0,1,0,0,0,1,1,0,0,1,0,0,0,0,0,0,0,https://dps.psx.com.pk/timeseries/eod/NETSOL
GTYR,https://dps.psx.com.pk/company/GTYR,Ghandhara Tyre & Rubber Company Limited,0802,"ALLSHR,KMIALLSHR,PSXDIV20",AUTOMOBILE PARTS & ACCESSORIES,0,0,1,0,0,0,0,1,0,0,0,0,0,0,0,0,1,0,https://dps.psx.com.pk/timeseries/eod/GTYR
JSCL,https://dps.psx.com.pk/company/JSCL,Jahangir Siddiqui & Co. Ltd.,0813,ALLSHR,INV. BANKS / INV. COS. / SECURITIES COS.,0,0,1,0,0,0,0,0,0,0,0,0,0,0,0,0,0,0,https://dps.psx.com.pk/timeseries/eod/JSCL
PIOC,https://dps.psx.com.pk/company/PIOC,Pioneer Cement Limited,0804,"ALLSHR,KMI30,KMIALLSHR,KSE100,KSE100PR,MII30",CEMENT,0,0,1,0,0,0,1,1,1,1,0,1,0,0,0,0,0,0,https://dps.psx.com.pk/timeseries/eod/PIOC
HTL,https://dps.psx.com.pk/company/HTL,Hi-Tech Lubricants Limited,0821,"ALLSHR,KMIALLSHR",OIL & GAS MARKETING COMPANIES,0,0,1,0,0,0,0,1,0,0,0,0,0,0,0,0,0,0,https://dps.psx.com.pk/timeseries/eod/HTL
CWSM,https://dps.psx.com.pk/company/CWSM,Chakwal Spinning Mills Limited,0830,ALLSHR,TEXTILE SPINNING,0,0,1,0,0,0,0,0,0,0,0,0,0,0,0,0,0,0,https://dps.psx.com.pk/timeseries/eod/CWSM
NATF,https://dps.psx.com.pk/company/NATF,National Foods Limited,0810,"ALLSHR,JSMFI,KMIALLSHR,KSE100,KSE100PR",FOOD & PERSONAL CARE PRODUCTS,0,0,1,0,0,1,0,1,1,1,0,0,0,0,0,0,0,0,https://dps.psx.com.pk/timeseries/eod/NATF
SPEL,https://dps.psx.com.pk/company/SPEL,SPEL Limited,0822,"ALLSHR,KMIALLSHR","PAPER, BOARD & PACKAGING",0,0,1,0,0,0,0,1,0,0,0,0,0,0,0,0,0,0,https://dps.psx.com.pk/timeseries/eod/SPEL
ZAL,https://dps.psx.com.pk/company/ZAL,Zarea Limited,0828,ALLSHR,TECHNOLOGY & COMMUNICATION,0,0,1,0,0,0,0,0,0,0,0,0,0,0,0,0,0,0,https://dps.psx.com.pk/timeseries/eod/ZAL
FHAM,https://dps.psx.com.pk/company/FHAM,First Habib Modaraba,0819,"ALLSHR,KMIALLSHR,KSE100,KSE100PR",MODARABAS,0,0,1,0,0,0,0,1,1,1,0,0,0,0,0,0,0,0,https://dps.psx.com.pk/timeseries/eod/FHAM
QUICE,https://dps.psx.com.pk/company/QUICE,Quice Food Industries Limited,0810,"ALLSHR,KMIALLSHR",FOOD & PERSONAL CARE PRODUCTS,0,0,1,0,0,0,0,1,0,0,0,0,0,0,0,0,0,0,https://dps.psx.com.pk/timeseries/eod/QUICE
GATI,https://dps.psx.com.pk/company/GATI,Gatron (Industries) Limited,0827,"ALLSHR,KMIALLSHR",SYNTHETIC & RAYON,0,0,1,0,0,0,0,1,0,0,0,0,0,0,0,0,0,0,https://dps.psx.com.pk/timeseries/eod/GATI
FATIMA,https://dps.psx.com.pk/company/FATIMA,Fatima Fertilizer Company Limited,0809,"ALLSHR,KMIALLSHR,KSE100,KSE100PR,MII30,PSXDIV20",FERTILIZER,0,0,1,0,0,0,0,1,1,1,0,1,0,0,0,0,1,0,https://dps.psx.com.pk/timeseries/eod/FATIMA
MZNPETF,https://dps.psx.com.pk/etf/MZNPETF,Meezan Pakistan ETF,0837,,EXCHANGE TRADED FUNDS,1,0,0,0,0,0,0,0,0,0,0,0,0,0,0,0,0,0,https://dps.psx.com.pk/timeseries/eod/MZNPETF
JVDC,https://dps.psx.com.pk/company/JVDC,Javedan Corporation Limited,0838,"ALLSHR,KMIALLSHR,KSE100,KSE100PR",PROPERTY,0,0,1,0,0,0,0,1,1,1,0,0,0,0,0,0,0,0,https://dps.psx.com.pk/timeseries/eod/JVDC
KAPCO,https://dps.psx.com.pk/company/KAPCO,Kot Addu Power Company Limited,0824,"ALLSHR,KSE100,KSE100PR,PSXDIV20",POWER GENERATION & DISTRIBUTION,0,0,1,0,0,0,0,0,1,1,0,0,0,0,0,0,1,0,https://dps.psx.com.pk/timeseries/eod/KAPCO
PPP,https://dps.psx.com.pk/company/PPP,Pakistan Paper Products Limited,0822,"ALLSHR,KMIALLSHR","PAPER, BOARD & PACKAGING",0,0,1,0,0,0,0,1,0,0,0,0,0,0,0,0,0,0,https://dps.psx.com.pk/timeseries/eod/PPP
UBDL,https://dps.psx.com.pk/company/UBDL,United Brands Limited,0818,"ALLSHR,KMIALLSHR",MISCELLANEOUS,0,0,1,0,0,0,0,1,0,0,0,0,0,0,0,0,0,0,https://dps.psx.com.pk/timeseries/eod/UBDL
MIIETF,https://dps.psx.com.pk/etf/MIIETF,Mahaana Islamic Index ETF,0837,,EXCHANGE TRADED FUNDS,1,0,0,0,0,0,0,0,0,0,0,0,0,0,0,0,0,0,https://dps.psx.com.pk/timeseries/eod/MIIETF
TCORP,https://dps.psx.com.pk/company/TCORP,Tariq Corporation Limited,0826,"ALLSHR,KMIALLSHR",SUGAR & ALLIED INDUSTRIES,0,0,1,0,0,0,0,1,0,0,0,0,0,0,0,0,0,0,https://dps.psx.com.pk/timeseries/eod/TCORP
PNSC,https://dps.psx.com.pk/company/PNSC,Pakistan National Shipping Corporation,0833,ALLSHR,TRANSPORT,0,0,1,0,0,0,0,0,0,0,0,0,0,0,0,0,0,0,https://dps.psx.com.pk/timeseries/eod/PNSC
PTL,https://dps.psx.com.pk/company/PTL,Panther Tyres Ltd.,0802,ALLSHR,AUTOMOBILE PARTS & ACCESSORIES,0,0,1,0,0,0,0,0,0,0,0,0,0,0,0,0,0,0,https://dps.psx.com.pk/timeseries/eod/PTL
FIBLM,https://dps.psx.com.pk/company/FIBLM,First IBL Modaraba,0819,"ALLSHR,KMIALLSHR",MODARABAS,0,0,1,0,0,0,0,1,0,0,0,0,0,0,0,0,0,0,https://dps.psx.com.pk/timeseries/eod/FIBLM
SMCPL,https://dps.psx.com.pk/company/SMCPL,Safe Mix Concrete Limited,0804,"ALLSHR,KMIALLSHR",CEMENT,0,0,1,0,0,0,0,1,0,0,0,0,0,0,0,0,0,0,https://dps.psx.com.pk/timeseries/eod/SMCPL
DYNO,https://dps.psx.com.pk/company/DYNO,Dynea Pakistan Limited,0805,"ALLSHR,KMIALLSHR",CHEMICAL,0,0,1,0,0,0,0,1,0,0,0,0,0,0,0,0,0,0,https://dps.psx.com.pk/timeseries/eod/DYNO
PINL,https://dps.psx.com.pk/company/PINL,Premier Insurance Limited,0812,ALLSHR,INSURANCE,0,0,1,0,0,0,0,0,0,0,0,0,0,0,0,0,0,0,https://dps.psx.com.pk/timeseries/eod/PINL
BCL,https://dps.psx.com.pk/company/BCL,Bolan Castings Limited,0808,"ALLSHR,KMIALLSHR",ENGINEERING,0,0,1,0,0,0,0,1,0,0,0,0,0,0,0,0,0,0,https://dps.psx.com.pk/timeseries/eod/BCL
LPL,https://dps.psx.com.pk/company/LPL,Lalpir Power Limited,0824,ALLSHR,POWER GENERATION & DISTRIBUTION,0,0,1,0,0,0,0,0,0,0,0,0,0,0,0,0,0,0,https://dps.psx.com.pk/timeseries/eod/LPL
TATM,https://dps.psx.com.pk/company/TATM,Tata Textile Mills Limited,0830,ALLSHR,TEXTILE SPINNING,0,0,1,0,0,0,0,0,0,0,0,0,0,0,0,0,0,0,https://dps.psx.com.pk/timeseries/eod/TATM
SPWL,https://dps.psx.com.pk/company/SPWL,Saif Power Limited,0824,"ALLSHR,KMIALLSHR",POWER GENERATION & DISTRIBUTION,0,0,1,0,0,0,0,1,0,0,0,0,0,0,0,0,0,0,https://dps.psx.com.pk/timeseries/eod/SPWL
CTM,https://dps.psx.com.pk/company/CTM,Colony Textile Mills Limited,0830,"ALLSHR,KMIALLSHR",TEXTILE SPINNING,0,0,1,0,0,0,0,1,0,0,0,0,0,0,0,0,0,0,https://dps.psx.com.pk/timeseries/eod/CTM
POL,https://dps.psx.com.pk/company/POL,Pakistan Oilfields Limited,0820,"ALLSHR,KSE100,KSE100PR,KSE30,NBPPGI,NITPGI,PSXDIV20",OIL & GAS EXPLORATION COMPANIES,0,0,1,0,0,0,0,0,1,1,1,0,0,1,1,0,1,0,https://dps.psx.com.pk/timeseries/eod/POL
KSBP,https://dps.psx.com.pk/company/KSBP,KSB Pumps Company Limited,0808,"ALLSHR,KMIALLSHR",ENGINEERING,0,0,1,0,0,0,0,1,0,0,0,0,0,0,0,0,0,0,https://dps.psx.com.pk/timeseries/eod/KSBP
RPL,https://dps.psx.com.pk/company/RPL,Roshan Packages Limited,0822,"ALLSHR,KMIALLSHR","PAPER, BOARD & PACKAGING",0,0,1,0,0,0,0,1,0,0,0,0,0,0,0,0,0,0,https://dps.psx.com.pk/timeseries/eod/RPL
TPL,https://dps.psx.com.pk/company/TPL,TPL Corp Limited,0828,ALLSHR,TECHNOLOGY & COMMUNICATION,0,0,1,0,0,0,0,0,0,0,0,0,0,0,0,0,0,0,https://dps.psx.com.pk/timeseries/eod/TPL
SPL,https://dps.psx.com.pk/company/SPL,Sitara Peroxide Limited,0805,ALLSHR,CHEMICAL,0,0,1,0,0,0,0,0,0,0,0,0,0,0,0,0,0,0,https://dps.psx.com.pk/timeseries/eod/SPL
AATM,https://dps.psx.com.pk/company/AATM,Ali Asghar Textile Mills Limited,0830,ALLSHR,TEXTILE SPINNING,0,0,1,0,0,0,0,0,0,0,0,0,0,0,0,0,0,0,https://dps.psx.com.pk/timeseries/eod/AATM
TPLI,https://dps.psx.com.pk/company/TPLI,TPL Insurance Limited,0812,ALLSHR,INSURANCE,0,0,1,0,0,0,0,0,0,0,0,0,0,0,0,0,0,0,https://dps.psx.com.pk/timeseries/eod/TPLI
MWMP,https://dps.psx.com.pk/company/MWMP,Mandviwala Mauser Plastic Industries,0818,ALLSHR,MISCELLANEOUS,0,0,1,0,0,0,0,0,0,0,0,0,0,0,0,0,0,0,https://dps.psx.com.pk/timeseries/eod/MWMP
TSPL,https://dps.psx.com.pk/company/TSPL,Tri-Star Power Limited,0824,ALLSHR,POWER GENERATION & DISTRIBUTION,0,0,1,0,0,0,0,0,0,0,0,0,0,0,0,0,0,0,https://dps.psx.com.pk/timeseries/eod/TSPL
IGIL,https://dps.psx.com.pk/company/IGIL,IGI Life Insurance Limited,0812,ALLSHR,INSURANCE,0,0,1,0,0,0,0,0,0,0,0,0,0,0,0,0,0,0,https://dps.psx.com.pk/timeseries/eod/IGIL
HINO,https://dps.psx.com.pk/company/HINO,Hinopak Motors Limited,0801,"ALLSHR,KMIALLSHR",AUTOMOBILE ASSEMBLER,0,0,1,0,0,0,0,1,0,0,0,0,0,0,0,0,0,0,https://dps.psx.com.pk/timeseries/eod/HINO
CYAN,https://dps.psx.com.pk/company/CYAN,Cyan Limited,0813,ALLSHR,INV. BANKS / INV. COS. / SECURITIES COS.,0,0,1,0,0,0,0,0,0,0,0,0,0,0,0,0,0,0,https://dps.psx.com.pk/timeseries/eod/CYAN
TPLT,https://dps.psx.com.pk/company/TPLT,TPL Trakker Limited,0828,"ALLSHR,KMIALLSHR",TECHNOLOGY & COMMUNICATION,0,0,1,0,0,0,0,1,0,0,0,0,0,0,0,0,0,0,https://dps.psx.com.pk/timeseries/eod/TPLT
AKDSL,https://dps.psx.com.pk/company/AKDSL,AKD Securities Limited,0813,ALLSHR,INV. BANKS / INV. COS. / SECURITIES COS.,0,0,1,0,0,0,0,0,0,0,0,0,0,0,0,0,0,0,https://dps.psx.com.pk/timeseries/eod/AKDSL
AGSML,https://dps.psx.com.pk/company/AGSML,Abdullah Shah Ghazi Sugar Mills Limited,0826,"ALLSHR,KMIALLSHR",SUGAR & ALLIED INDUSTRIES,0,0,1,0,0,0,0,1,0,0,0,0,0,0,0,0,0,0,https://dps.psx.com.pk/timeseries/eod/AGSML
EPQL,https://dps.psx.com.pk/company/EPQL,Engro Powergen Qadirpur Limited,0824,ALLSHR,POWER GENERATION & DISTRIBUTION,0,0,1,0,0,0,0,0,0,0,0,0,0,0,0,0,0,0,https://dps.psx.com.pk/timeseries/eod/EPQL
DSIL,https://dps.psx.com.pk/company/DSIL,D.S. Industries Limited,0830,ALLSHR,TEXTILE SPINNING,0,0,1,0,0,0,0,0,0,0,0,0,0,0,0,0,0,0,https://dps.psx.com.pk/timeseries/eod/DSIL
STCL,https://dps.psx.com.pk/company/STCL,Shabbir Tiles & Ceramics Limited,0811,"ALLSHR,KMIALLSHR",GLASS & CERAMICS,0,0,1,0,0,0,0,1,0,0,0,0,0,0,0,0,0,0,https://dps.psx.com.pk/timeseries/eod/STCL
FPJM,https://dps.psx.com.pk/company/FPJM,First Punjab Modaraba,0819,"ALLSHR,KMIALLSHR",MODARABAS,0,0,1,0,0,0,0,1,0,0,0,0,0,0,0,0,0,0,https://dps.psx.com.pk/timeseries/eod/FPJM
CEPB,https://dps.psx.com.pk/company/CEPB,Century Paper & Board Mills Limited,0822,"ALLSHR,KMIALLSHR","PAPER, BOARD & PACKAGING",0,0,1,0,0,0,0,1,0,0,0,0,0,0,0,0,0,0,https://dps.psx.com.pk/timeseries/eod/CEPB
BFBIO,https://dps.psx.com.pk/company/BFBIO,BF Biosciences Limited,0823,"ALLSHR,KMIALLSHR",PHARMACEUTICALS,0,0,1,0,0,0,0,1,0,0,0,0,0,0,0,0,0,0,https://dps.psx.com.pk/timeseries/eod/BFBIO
CJPL,https://dps.psx.com.pk/company/CJPL,Crescent Jute Products Limited,0814,ALLSHR,JUTE,0,0,1,0,0,0,0,0,0,0,0,0,0,0,0,0,0,0,https://dps.psx.com.pk/timeseries/eod/CJPL
PAKOXY,https://dps.psx.com.pk/company/PAKOXY,Pakistan Oxygen Limited,0805,"ALLSHR,KMIALLSHR",CHEMICAL,0,0,1,0,0,0,0,1,0,0,0,0,0,0,0,0,0,0,https://dps.psx.com.pk/timeseries/eod/PAKOXY
MCB,https://dps.psx.com.pk/company/MCB,MCB Bank Limited,0807,"ALLSHR,BKTI,JSGBKTI,KSE100,KSE100PR,KSE30,NBPPGI,NITPGI,PSXDIV20,UPP9",COMMERCIAL BANKS,0,0,1,1,1,0,0,0,1,1,1,0,0,1,1,0,1,1,https://dps.psx.com.pk/timeseries/eod/MCB
GLAXO,https://dps.psx.com.pk/company/GLAXO,GlaxoSmithKline Pakistan Limited,0823,"ACI,ALLSHR,KMIALLSHR,KSE100,KSE100PR,MII30",PHARMACEUTICALS,0,1,1,0,0,0,0,1,1,1,0,1,0,0,0,0,0,0,https://dps.psx.com.pk/timeseries/eod/GLAXO
GWLC,https://dps.psx.com.pk/company/GWLC,Gharibwal Cement Limited,0804,"ALLSHR,KMIALLSHR",CEMENT,0,0,1,0,0,0,0,1,0,0,0,0,0,0,0,0,0,0,https://dps.psx.com.pk/timeseries/eod/GWLC
MERIT,https://dps.psx.com.pk/company/MERIT,Merit Packaging Limited,0822,"ALLSHR,KMIALLSHR","PAPER, BOARD & PACKAGING",0,0,1,0,0,0,0,1,0,0,0,0,0,0,0,0,0,0,https://dps.psx.com.pk/timeseries/eod/MERIT
NICL,https://dps.psx.com.pk/company/NICL,Nimir Industrial Chemicals Limited,0805,ALLSHR,CHEMICAL,0,0,1,0,0,0,0,0,0,0,0,0,0,0,0,0,0,0,https://dps.psx.com.pk/timeseries/eod/NICL
INKL,https://dps.psx.com.pk/company/INKL,International Knitwear Limited,0829,"ALLSHR,KMIALLSHR",TEXTILE COMPOSITE,0,0,1,0,0,0,0,1,0,0,0,0,0,0,0,0,0,0,https://dps.psx.com.pk/timeseries/eod/INKL
PABC,https://dps.psx.com.pk/company/PABC,Pakistan Aluminium Beverage Cans Limited,0818,"ALLSHR,KSE100,KSE100PR",MISCELLANEOUS,0,0,1,0,0,0,0,0,1,1,0,0,0,0,0,0,0,0,https://dps.psx.com.pk/timeseries/eod/PABC
CPPL,https://dps.psx.com.pk/company/CPPL,Cherat Packaging Limited,0822,"ALLSHR,KMIALLSHR","PAPER, BOARD & PACKAGING",0,0,1,0,0,0,0,1,0,0,0,0,0,0,0,0,0,0,https://dps.psx.com.pk/timeseries/eod/CPPL
AGP,https://dps.psx.com.pk/company/AGP,AGP Limited,0823,"ALLSHR,KMIALLSHR,KSE100,KSE100PR",PHARMACEUTICALS,0,0,1,0,0,0,0,1,1,1,0,0,0,0,0,0,0,0,https://dps.psx.com.pk/timeseries/eod/AGP
GVGL,https://dps.psx.com.pk/company/GVGL,Ghani Value Glass Limited,0811,"ALLSHR,KMIALLSHR",GLASS & CERAMICS,0,0,1,0,0,0,0,1,0,0,0,0,0,0,0,0,0,0,https://dps.psx.com.pk/timeseries/eod/GVGL
BIFO,https://dps.psx.com.pk/company/BIFO,Biafo Industries Limited,0805,"ALLSHR,KMIALLSHR",CHEMICAL,0,0,1,0,0,0,0,1,0,0,0,0,0,0,0,0,0,0,https://dps.psx.com.pk/timeseries/eod/BIFO
SAZEW,https://dps.psx.com.pk/company/SAZEW,Sazgar Engineering Works Limited,0801,"ACI,ALLSHR,KMI30,KMIALLSHR,KSE100,KSE100PR,KSE30,MII30",AUTOMOBILE ASSEMBLER,0,1,1,0,0,0,1,1,1,1,1,1,0,0,0,0,0,0,https://dps.psx.com.pk/timeseries/eod/SAZEW
SITC,https://dps.psx.com.pk/company/SITC,Sitara Chemical Industries Limited,0805,"ALLSHR,KMIALLSHR",CHEMICAL,0,0,1,0,0,0,0,1,0,0,0,0,0,0,0,0,0,0,https://dps.psx.com.pk/timeseries/eod/SITC
NPL,https://dps.psx.com.pk/company/NPL,Nishat Power Limited,0824,"ALLSHR,KSE100,KSE100PR",POWER GENERATION & DISTRIBUTION,0,0,1,0,0,0,0,0,1,1,0,0,0,0,0,0,0,0,https://dps.psx.com.pk/timeseries/eod/NPL
KOHC,https://dps.psx.com.pk/company/KOHC,Kohat Cement Company Limited,0804,"ALLSHR,KSE100,KSE100PR",CEMENT,0,0,1,0,0,0,0,0,1,1,0,0,0,0,0,0,0,0,https://dps.psx.com.pk/timeseries/eod/KOHC
KOHP,https://dps.psx.com.pk/company/KOHP,Kohinoor Power Company Limited,0824,ALLSHR,POWER GENERATION & DISTRIBUTION,0,0,1,0,0,0,0,0,0,0,0,0,0,0,0,0,0,0,https://dps.psx.com.pk/timeseries/eod/KOHP
BERG,https://dps.psx.com.pk/company/BERG,Berger Paints Pakistan Limited,0805,"ALLSHR,KMIALLSHR",CHEMICAL,0,0,1,0,0,0,0,1,0,0,0,0,0,0,0,0,0,0,https://dps.psx.com.pk/timeseries/eod/BERG
SERT,https://dps.psx.com.pk/company/SERT,Service Industries Textiles Limited,0830,"ALLSHR,KMIALLSHR",TEXTILE SPINNING,0,0,1,0,0,0,0,1,0,0,0,0,0,0,0,0,0,0,https://dps.psx.com.pk/timeseries/eod/SERT
MSCL,https://dps.psx.com.pk/company/MSCL,Metropolitan Steel Corporation Limited,0808,"ALLSHR,KMIALLSHR",ENGINEERING,0,0,1,0,0,0,0,1,0,0,0,0,0,0,0,0,0,0,https://dps.psx.com.pk/timeseries/eod/MSCL
FFLM,https://dps.psx.com.pk/company/FFLM,First Fidelity Leasing Modaraba,0819,"ALLSHR,KMIALLSHR",MODARABAS,0,0,1,0,0,0,0,1,0,0,0,0,0,0,0,0,0,0,https://dps.psx.com.pk/timeseries/eod/FFLM
ATLH,https://dps.psx.com.pk/company/ATLH,Atlas Honda Limited,0801,"ALLSHR,KSE100,KSE100PR",AUTOMOBILE ASSEMBLER,0,0,1,0,0,0,0,0,1,1,0,0,0,0,0,0,0,0,https://dps.psx.com.pk/timeseries/eod/ATLH
FEM,https://dps.psx.com.pk/company/FEM,First Equity Modaraba,0819,"ALLSHR,KMIALLSHR",MODARABAS,0,0,1,0,0,0,0,1,0,0,0,0,0,0,0,0,0,0,https://dps.psx.com.pk/timeseries/eod/FEM
NCPL,https://dps.psx.com.pk/company/NCPL,Nishat Chunian Power Limited,0824,ALLSHR,POWER GENERATION & DISTRIBUTION,0,0,1,0,0,0,0,0,0,0,0,0,0,0,0,0,0,0,https://dps.psx.com.pk/timeseries/eod/NCPL
AGIL,https://dps.psx.com.pk/company/AGIL,Agriauto Industries Limited,0802,"ALLSHR,KMIALLSHR",AUTOMOBILE PARTS & ACCESSORIES,0,0,1,0,0,0,0,1,0,0,0,0,0,0,0,0,0,0,https://dps.psx.com.pk/timeseries/eod/AGIL
FCIBL,https://dps.psx.com.pk/company/FCIBL,First Credit and Investment Bank Limited,0813,ALLSHR,INV. BANKS / INV. COS. / SECURITIES COS.,0,0,1,0,0,0,0,0,0,0,0,0,0,0,0,0,0,0,https://dps.psx.com.pk/timeseries/eod/FCIBL
PAKD,https://dps.psx.com.pk/company/PAKD,Pak Datacom Limited,0828,"ALLSHR,KMIALLSHR",TECHNOLOGY & COMMUNICATION,0,0,1,0,0,0,0,1,0,0,0,0,0,0,0,0,0,0,https://dps.psx.com.pk/timeseries/eod/PAKD
ADAMS,https://dps.psx.com.pk/company/ADAMS,Adam Sugar Mills Limited,0826,"ALLSHR,KMIALLSHR",SUGAR & ALLIED INDUSTRIES,0,0,1,0,0,0,0,1,0,0,0,0,0,0,0,0,0,0,https://dps.psx.com.pk/timeseries/eod/ADAMS
CHCC,https://dps.psx.com.pk/company/CHCC,Cherat Cement Company Limited,0804,"ALLSHR,KMIALLSHR,KSE100,KSE100PR,MII30",CEMENT,0,0,1,0,0,0,0,1,1,1,0,1,0,0,0,0,0,0,https://dps.psx.com.pk/timeseries/eod/CHCC
ACPL,https://dps.psx.com.pk/company/ACPL,Attock Cement Pakistan Limited,0804,ALLSHR,CEMENT,0,0,1,0,0,0,0,0,0,0,0,0,0,0,0,0,0,0,https://dps.psx.com.pk/timeseries/eod/ACPL
MSOT,https://dps.psx.com.pk/company/MSOT,Masood Textile Mills Limited,0829,ALLSHR,TEXTILE COMPOSITE,0,0,1,0,0,0,0,0,0,0,0,0,0,0,0,0,0,0,https://dps.psx.com.pk/timeseries/eod/MSOT
IPAK,https://dps.psx.com.pk/company/IPAK,International Packaging Films Limited,0822,"ALLSHR,KMIALLSHR","PAPER, BOARD & PACKAGING",0,0,1,0,0,0,0,1,0,0,0,0,0,0,0,0,0,0,https://dps.psx.com.pk/timeseries/eod/IPAK
JGICL,https://dps.psx.com.pk/company/JGICL,Jubilee General Insurance Limited,0812,ALLSHR,INSURANCE,0,0,1,0,0,0,0,0,0,0,0,0,0,0,0,0,0,0,https://dps.psx.com.pk/timeseries/eod/JGICL
FML,https://dps.psx.com.pk/company/FML,Feroze1888 Mills Limited,0829,"ALLSHR,KMIALLSHR",TEXTILE COMPOSITE,0,0,1,0,0,0,0,1,0,0,0,0,0,0,0,0,0,0,https://dps.psx.com.pk/timeseries/eod/FML
MFFL,https://dps.psx.com.pk/company/MFFL,Mitchells Fruit Farms Limited,0810,"ALLSHR,KMIALLSHR",FOOD & PERSONAL CARE PRODUCTS,0,0,1,0,0,0,0,1,0,0,0,0,0,0,0,0,0,0,https://dps.psx.com.pk/timeseries/eod/MFFL
TGL,https://dps.psx.com.pk/company/TGL,Tariq Glass Industries Limited,0811,"ALLSHR,KMIALLSHR,KSE100,KSE100PR,MII30",GLASS & CERAMICS,0,0,1,0,0,0,0,1,1,1,0,1,0,0,0,0,0,0,https://dps.psx.com.pk/timeseries/eod/TGL
HABSM,https://dps.psx.com.pk/company/HABSM,Habib Sugar Mills Limited,0826,ALLSHR,SUGAR & ALLIED INDUSTRIES,0,0,1,0,0,0,0,0,0,0,0,0,0,0,0,0,0,0,https://dps.psx.com.pk/timeseries/eod/HABSM
LSEVL,https://dps.psx.com.pk/company/LSEVL,LSE Ventures Limited,0813,ALLSHR,INV. BANKS / INV. COS. / SECURITIES COS.,0,0,1,0,0,0,0,0,0,0,0,0,0,0,0,0,0,0,https://dps.psx.com.pk/timeseries/eod/LSEVL
NCL,https://dps.psx.com.pk/company/NCL,Nishat Chunian Limited,0829,"ACI,ALLSHR",TEXTILE COMPOSITE,0,1,1,0,0,0,0,0,0,0,0,0,0,0,0,0,0,0,https://dps.psx.com.pk/timeseries/eod/NCL
BRRG,https://dps.psx.com.pk/company/BRRG,B.R.R Guardian Limited,0838,"ALLSHR,KMIALLSHR",PROPERTY,0,0,1,0,0,0,0,1,0,0,0,0,0,0,0,0,0,0,https://dps.psx.com.pk/timeseries/eod/BRRG
SGPL,https://dps.psx.com.pk/company/SGPL,S.G. Power Limited,0824,"ALLSHR,KMIALLSHR",POWER GENERATION & DISTRIBUTION,0,0,1,0,0,0,0,1,0,0,0,0,0,0,0,0,0,0,https://dps.psx.com.pk/timeseries/eod/SGPL
BILF,https://dps.psx.com.pk/company/BILF,Bilal Fibres Limited,0830,ALLSHR,TEXTILE SPINNING,0,0,1,0,0,0,0,0,0,0,0,0,0,0,0,0,0,0,https://dps.psx.com.pk/timeseries/eod/BILF
HRPL,https://dps.psx.com.pk/company/HRPL,Habib Rice Product Limited.,0826,"ALLSHR,KMIALLSHR",SUGAR & ALLIED INDUSTRIES,0,0,1,0,0,0,0,1,0,0,0,0,0,0,0,0,0,0,https://dps.psx.com.pk/timeseries/eod/HRPL
BNWM,https://dps.psx.com.pk/company/BNWM,Bannu Woollen Mills Limited,0835,"ALLSHR,KMIALLSHR,KSE100,KSE100PR",WOOLLEN,0,0,1,0,0,0,0,1,1,1,0,0,0,0,0,0,0,0,https://dps.psx.com.pk/timeseries/eod/BNWM
PCAL,https://dps.psx.com.pk/company/PCAL,Pakistan Cables Limited,0803,ALLSHR,CABLE & ELECTRICAL GOODS,0,0,1,0,0,0,0,0,0,0,0,0,0,0,0,0,0,0,https://dps.psx.com.pk/timeseries/eod/PCAL
IML,https://dps.psx.com.pk/company/IML,Imperial  Limited,0813,ALLSHR,INV. BANKS / INV. COS. / SECURITIES COS.,0,0,1,0,0,0,0,0,0,0,0,0,0,0,0,0,0,0,https://dps.psx.com.pk/timeseries/eod/IML
DWTM,https://dps.psx.com.pk/company/DWTM,Dewan Textile Mills Limited,0830,ALLSHR,TEXTILE SPINNING,0,0,1,0,0,0,0,0,0,0,0,0,0,0,0,0,0,0,https://dps.psx.com.pk/timeseries/eod/DWTM
KML,https://dps.psx.com.pk/company/KML,Kohinoor Mills Limited,0829,"ALLSHR,KMIALLSHR",TEXTILE COMPOSITE,0,0,1,0,0,0,0,1,0,0,0,0,0,0,0,0,0,0,https://dps.psx.com.pk/timeseries/eod/KML
MTL,https://dps.psx.com.pk/company/MTL,Millat Tractors Limited,0801,"ACI,ALLSHR,KMI30,KMIALLSHR,KSE100,KSE100PR,KSE30,MII30,PSXDIV20",AUTOMOBILE ASSEMBLER,0,1,1,0,0,0,1,1,1,1,1,1,0,0,0,0,1,0,https://dps.psx.com.pk/timeseries/eod/MTL
ZTL,https://dps.psx.com.pk/company/ZTL,Zephyr Textiles Limited,0831,"ALLSHR,KMIALLSHR",TEXTILE WEAVING,0,0,1,0,0,0,0,1,0,0,0,0,0,0,0,0,0,0,https://dps.psx.com.pk/timeseries/eod/ZTL
ARPL,https://dps.psx.com.pk/company/ARPL,Archroma Pakistan Limited,0805,"ALLSHR,KMIALLSHR",CHEMICAL,0,0,1,0,0,0,0,1,0,0,0,0,0,0,0,0,0,0,https://dps.psx.com.pk/timeseries/eod/ARPL
CLOV,https://dps.psx.com.pk/company/CLOV,Clover Pakistan Limited,0810,"ALLSHR,KMIALLSHR",FOOD & PERSONAL CARE PRODUCTS,0,0,1,0,0,0,0,1,0,0,0,0,0,0,0,0,0,0,https://dps.psx.com.pk/timeseries/eod/CLOV
SSOM,https://dps.psx.com.pk/company/SSOM,S.S.Oil Mills Limited,0834,"ALLSHR,KMIALLSHR",VANASPATI & ALLIED INDUSTRIES,0,0,1,0,0,0,0,1,0,0,0,0,0,0,0,0,0,0,https://dps.psx.com.pk/timeseries/eod/SSOM
MIRKS,https://dps.psx.com.pk/company/MIRKS,Mirpurkhas Sugar Mills Limited,0826,"ALLSHR,KMIALLSHR",SUGAR & ALLIED INDUSTRIES,0,0,1,0,0,0,0,1,0,0,0,0,0,0,0,0,0,0,https://dps.psx.com.pk/timeseries/eod/MIRKS
ICL,https://dps.psx.com.pk/company/ICL,Ittehad Chemicals Limted,0805,"ALLSHR,KMIALLSHR",CHEMICAL,0,0,1,0,0,0,0,1,0,0,0,0,0,0,0,0,0,0,https://dps.psx.com.pk/timeseries/eod/ICL
PSYL,https://dps.psx.com.pk/company/PSYL,Pakistan Synthetics Limited,0827,"ALLSHR,KMIALLSHR",SYNTHETIC & RAYON,0,0,1,0,0,0,0,1,0,0,0,0,0,0,0,0,0,0,https://dps.psx.com.pk/timeseries/eod/PSYL
SCBPL,https://dps.psx.com.pk/company/SCBPL,Standard Chartered Bank (Pak) Ltd,0807,"ALLSHR,KSE100,KSE100PR",COMMERCIAL BANKS,0,0,1,0,0,0,0,0,1,1,0,0,0,0,0,0,0,0,https://dps.psx.com.pk/timeseries/eod/SCBPL
GAMON,https://dps.psx.com.pk/company/GAMON,Gammon Pakistan Limited,0818,ALLSHR,MISCELLANEOUS,0,0,1,0,0,0,0,0,0,0,0,0,0,0,0,0,0,0,https://dps.psx.com.pk/timeseries/eod/GAMON
ANTM,https://dps.psx.com.pk/company/ANTM,AN Textile Mills Limited,0829,"ALLSHR,KMIALLSHR",TEXTILE COMPOSITE,0,0,1,0,0,0,0,1,0,0,0,0,0,0,0,0,0,0,https://dps.psx.com.pk/timeseries/eod/ANTM
UVIC,https://dps.psx.com.pk/company/UVIC,The Universal Insurance Company Limited,0812,ALLSHR,INSURANCE,0,0,1,0,0,0,0,0,0,0,0,0,0,0,0,0,0,0,https://dps.psx.com.pk/timeseries/eod/UVIC
STYLERS,https://dps.psx.com.pk/company/STYLERS,Stylers International Limited,0829,"ALLSHR,KMIALLSHR",TEXTILE COMPOSITE,0,0,1,0,0,0,0,1,0,0,0,0,0,0,0,0,0,0,https://dps.psx.com.pk/timeseries/eod/STYLERS
HALEON,https://dps.psx.com.pk/company/HALEON,Haleon Pakistan Limited,0823,"ALLSHR,KMIALLSHR,KSE100,KSE100PR",PHARMACEUTICALS,0,0,1,0,0,0,0,1,1,1,0,0,0,0,0,0,0,0,https://dps.psx.com.pk/timeseries/eod/HALEON
LCI,https://dps.psx.com.pk/company/LCI,Lucky Core Industries Limited,0805,"ALLSHR,KMIALLSHR,KSE100,KSE100PR,MII30",CHEMICAL,0,0,1,0,0,0,0,1,1,1,0,1,0,0,0,0,0,0,https://dps.psx.com.pk/timeseries/eod/LCI
TRIPF,https://dps.psx.com.pk/company/TRIPF,Tri-Pack Films Limited,0818,ALLSHR,MISCELLANEOUS,0,0,1,0,0,0,0,0,0,0,0,0,0,0,0,0,0,0,https://dps.psx.com.pk/timeseries/eod/TRIPF
SSML,https://dps.psx.com.pk/company/SSML,Saritow Spinning Mills Limited,0830,ALLSHR,TEXTILE SPINNING,0,0,1,0,0,0,0,0,0,0,0,0,0,0,0,0,0,0,https://dps.psx.com.pk/timeseries/eod/SSML
MRNS,https://dps.psx.com.pk/company/MRNS,Mehran Sugar Mills Limited,0826,ALLSHR,SUGAR & ALLIED INDUSTRIES,0,0,1,0,0,0,0,0,0,0,0,0,0,0,0,0,0,0,https://dps.psx.com.pk/timeseries/eod/MRNS
SLYT,https://dps.psx.com.pk/company/SLYT,Sally Textile Mills Limited,0830,ALLSHR,TEXTILE SPINNING,0,0,1,0,0,0,0,0,0,0,0,0,0,0,0,0,0,0,https://dps.psx.com.pk/timeseries/eod/SLYT
KTML,https://dps.psx.com.pk/company/KTML,Kohinoor Textile Mills Limited,0829,"ALLSHR,KSE100,KSE100PR",TEXTILE COMPOSITE,0,0,1,0,0,0,0,0,1,1,0,0,0,0,0,0,0,0,https://dps.psx.com.pk/timeseries/eod/KTML
KOHE,https://dps.psx.com.pk/company/KOHE,Kohinoor Energy Limited,0824,"ALLSHR,KMIALLSHR",POWER GENERATION & DISTRIBUTION,0,0,1,0,0,0,0,1,0,0,0,0,0,0,0,0,0,0,https://dps.psx.com.pk/timeseries/eod/KOHE
GRR,https://dps.psx.com.pk/company/GRR,Globe Residency REIT,0836,ALLSHR,REAL ESTATE INVESTMENT TRUST,0,0,1,0,0,0,0,0,0,0,0,0,0,0,0,0,0,0,https://dps.psx.com.pk/timeseries/eod/GRR
ZAHID,https://dps.psx.com.pk/company/ZAHID,Zahidjee Textile Mills Limited,0829,"ALLSHR,KMIALLSHR",TEXTILE COMPOSITE,0,0,1,0,0,0,0,1,0,0,0,0,0,0,0,0,0,0,https://dps.psx.com.pk/timeseries/eod/ZAHID
786,https://dps.psx.com.pk/company/786,786 Investments Limited,0813,ALLSHR,INV. BANKS / INV. COS. / SECURITIES COS.,0,0,1,0,0,0,0,0,0,0,0,0,0,0,0,0,0,0,https://dps.psx.com.pk/timeseries/eod/786
GEMSPNL,https://dps.psx.com.pk/company/GEMSPNL,Supernet Limited,0828,"ALLSHR,KMIALLSHR",TECHNOLOGY & COMMUNICATION,0,0,1,0,0,0,0,1,0,0,0,0,0,0,0,0,0,0,https://dps.psx.com.pk/timeseries/eod/GEMSPNL
KOIL,https://dps.psx.com.pk/company/KOIL,Kohinoor Industries Limited,0829,ALLSHR,TEXTILE COMPOSITE,0,0,1,0,0,0,0,0,0,0,0,0,0,0,0,0,0,0,https://dps.psx.com.pk/timeseries/eod/KOIL
ARUJ,https://dps.psx.com.pk/company/ARUJ,Aruj Industries Limited,0829,ALLSHR,TEXTILE COMPOSITE,0,0,1,0,0,0,0,0,0,0,0,0,0,0,0,0,0,0,https://dps.psx.com.pk/timeseries/eod/ARUJ
AHL,https://dps.psx.com.pk/company/AHL,Arif Habib Limited,0813,ALLSHR,INV. BANKS / INV. COS. / SECURITIES COS.,0,0,1,0,0,0,0,0,0,0,0,0,0,0,0,0,0,0,https://dps.psx.com.pk/timeseries/eod/AHL
CHAS,https://dps.psx.com.pk/company/CHAS,Chashma Sugar Mills Limited,0826,ALLSHR,SUGAR & ALLIED INDUSTRIES,0,0,1,0,0,0,0,0,0,0,0,0,0,0,0,0,0,0,https://dps.psx.com.pk/timeseries/eod/CHAS
MQTM,https://dps.psx.com.pk/company/MQTM,Maqbool Textile Mills Limited,0830,"ALLSHR,KMIALLSHR",TEXTILE SPINNING,0,0,1,0,0,0,0,1,0,0,0,0,0,0,0,0,0,0,https://dps.psx.com.pk/timeseries/eod/MQTM
DNCC,https://dps.psx.com.pk/company/DNCC,Dandot Cement Company Limited,0804,ALLSHR,CEMENT,0,0,1,0,0,0,0,0,0,0,0,0,0,0,0,0,0,0,https://dps.psx.com.pk/timeseries/eod/DNCC
FECTC,https://dps.psx.com.pk/company/FECTC,Fecto Cement Limited,0804,"ALLSHR,KMIALLSHR",CEMENT,0,0,1,0,0,0,0,1,0,0,0,0,0,0,0,0,0,0,https://dps.psx.com.pk/timeseries/eod/FECTC
DEL,https://dps.psx.com.pk/company/DEL,Dawood Equities Limited,0813,ALLSHR,INV. BANKS / INV. COS. / SECURITIES COS.,0,0,1,0,0,0,0,0,0,0,0,0,0,0,0,0,0,0,https://dps.psx.com.pk/timeseries/eod/DEL
RICL,https://dps.psx.com.pk/company/RICL,Reliance Insurance Company Limited,0812,ALLSHR,INSURANCE,0,0,1,0,0,0,0,0,0,0,0,0,0,0,0,0,0,0,https://dps.psx.com.pk/timeseries/eod/RICL
ICCI,https://dps.psx.com.pk/company/ICCI,ICC Industries Limited,0831,"ALLSHR,KMIALLSHR",TEXTILE WEAVING,0,0,1,0,0,0,0,1,0,0,0,0,0,0,0,0,0,0,https://dps.psx.com.pk/timeseries/eod/ICCI
SHFA,https://dps.psx.com.pk/company/SHFA,Shifa International Hospitals Limited,0818,"ALLSHR,KMIALLSHR",MISCELLANEOUS,0,0,1,0,0,0,0,1,0,0,0,0,0,0,0,0,0,0,https://dps.psx.com.pk/timeseries/eod/SHFA
FRSM,https://dps.psx.com.pk/company/FRSM,Faran Sugar Mills Limited,0826,"ALLSHR,KMIALLSHR",SUGAR & ALLIED INDUSTRIES,0,0,1,0,0,0,0,1,0,0,0,0,0,0,0,0,0,0,https://dps.psx.com.pk/timeseries/eod/FRSM
KOHTM,https://dps.psx.com.pk/company/KOHTM,Kohat Textile Mills Limited,0830,"ALLSHR,KMIALLSHR",TEXTILE SPINNING,0,0,1,0,0,0,0,1,0,0,0,0,0,0,0,0,0,0,https://dps.psx.com.pk/timeseries/eod/KOHTM
SEPL,https://dps.psx.com.pk/company/SEPL,Security Papers Limited,0822,ALLSHR,"PAPER, BOARD & PACKAGING",0,0,1,0,0,0,0,0,0,0,0,0,0,0,0,0,0,0,https://dps.psx.com.pk/timeseries/eod/SEPL
WAHN,https://dps.psx.com.pk/company/WAHN,Wah Noble Chemicals Limited,0805,"ALLSHR,KMIALLSHR",CHEMICAL,0,0,1,0,0,0,0,1,0,0,0,0,0,0,0,0,0,0,https://dps.psx.com.pk/timeseries/eod/WAHN
SURC,https://dps.psx.com.pk/company/SURC,Suraj Cotton Mills Limited,0829,"ALLSHR,KMIALLSHR",TEXTILE COMPOSITE,0,0,1,0,0,0,0,1,0,0,0,0,0,0,0,0,0,0,https://dps.psx.com.pk/timeseries/eod/SURC
HMB,https://dps.psx.com.pk/company/HMB,Habib Metropolitan Bank Limited,0807,"ALLSHR,KSE100,KSE100PR",COMMERCIAL BANKS,0,0,1,0,0,0,0,0,1,1,0,0,0,0,0,0,0,0,https://dps.psx.com.pk/timeseries/eod/HMB
UBLPETF,https://dps.psx.com.pk/etf/UBLPETF,UBLPakistan Enterprise ETF,0837,,EXCHANGE TRADED FUNDS,1,0,0,0,0,0,0,0,0,0,0,0,0,0,0,0,0,0,https://dps.psx.com.pk/timeseries/eod/UBLPETF
SGF,https://dps.psx.com.pk/company/SGF,Service GlobalFootwear Limited,0816,"ALLSHR,KMIALLSHR",LEATHER & TANNERIES,0,0,1,0,0,0,0,1,0,0,0,0,0,0,0,0,0,0,https://dps.psx.com.pk/timeseries/eod/SGF
OBOY,https://dps.psx.com.pk/company/OBOY,Oilboy Energy Limited,0821,"ALLSHR,KMIALLSHR",OIL & GAS MARKETING COMPANIES,0,0,1,0,0,0,0,1,0,0,0,0,0,0,0,0,0,0,https://dps.psx.com.pk/timeseries/eod/OBOY
JATM,https://dps.psx.com.pk/company/JATM,J.A. Textile Mills Limited,0830,ALLSHR,TEXTILE SPINNING,0,0,1,0,0,0,0,0,0,0,0,0,0,0,0,0,0,0,https://dps.psx.com.pk/timeseries/eod/JATM
JSML,https://dps.psx.com.pk/company/JSML,Jauharabad Sugar Mills Limited,0826,"ALLSHR,KMIALLSHR",SUGAR & ALLIED INDUSTRIES,0,0,1,0,0,0,0,1,0,0,0,0,0,0,0,0,0,0,https://dps.psx.com.pk/timeseries/eod/JSML
EFUL,https://dps.psx.com.pk/company/EFUL,EFU Life Assurance Limited,0812,ALLSHR,INSURANCE,0,0,1,0,0,0,0,0,0,0,0,0,0,0,0,0,0,0,https://dps.psx.com.pk/timeseries/eod/EFUL
SAIF,https://dps.psx.com.pk/company/SAIF,Saif Textile Mills Limited,0830,ALLSHR,TEXTILE SPINNING,0,0,1,0,0,0,0,0,0,0,0,0,0,0,0,0,0,0,https://dps.psx.com.pk/timeseries/eod/SAIF
ATBA,https://dps.psx.com.pk/company/ATBA,Atlas Battery Limited,0802,"ALLSHR,KMIALLSHR",AUTOMOBILE PARTS & ACCESSORIES,0,0,1,0,0,0,0,1,0,0,0,0,0,0,0,0,0,0,https://dps.psx.com.pk/timeseries/eod/ATBA
ORM,https://dps.psx.com.pk/company/ORM,Orient Rental Mod,0819,"ALLSHR,KMIALLSHR",MODARABAS,0,0,1,0,0,0,0,1,0,0,0,0,0,0,0,0,0,0,https://dps.psx.com.pk/timeseries/eod/ORM
GADT,https://dps.psx.com.pk/company/GADT,Gadoon Textile Mills Limited,0830,"ALLSHR,KSE100,KSE100PR",TEXTILE SPINNING,0,0,1,0,0,0,0,0,1,1,0,0,0,0,0,0,0,0,https://dps.psx.com.pk/timeseries/eod/GADT
INDU,https://dps.psx.com.pk/company/INDU,Indus Motor Company Limited,0801,"ALLSHR,KSE100,KSE100PR",AUTOMOBILE ASSEMBLER,0,0,1,0,0,0,0,0,1,1,0,0,0,0,0,0,0,0,https://dps.psx.com.pk/timeseries/eod/INDU
SNAI,https://dps.psx.com.pk/company/SNAI,Sana Industries Limited,0830,"ALLSHR,KMIALLSHR",TEXTILE SPINNING,0,0,1,0,0,0,0,1,0,0,0,0,0,0,0,0,0,0,https://dps.psx.com.pk/timeseries/eod/SNAI
GUSM,https://dps.psx.com.pk/company/GUSM,Gulistan Spinning Mills Limited,0830,ALLSHR,TEXTILE SPINNING,0,0,1,0,0,0,0,0,0,0,0,0,0,0,0,0,0,0,https://dps.psx.com.pk/timeseries/eod/GUSM
PKGI,https://dps.psx.com.pk/company/PKGI,The Pakistan General Insurance Co. Ltd.,0812,ALLSHR,INSURANCE,0,0,1,0,0,0,0,0,0,0,0,0,0,0,0,0,0,0,https://dps.psx.com.pk/timeseries/eod/PKGI
ATIL,https://dps.psx.com.pk/company/ATIL,Atlas Insurance Limited,0812,ALLSHR,INSURANCE,0,0,1,0,0,0,0,0,0,0,0,0,0,0,0,0,0,0,https://dps.psx.com.pk/timeseries/eod/ATIL
UDLI,https://dps.psx.com.pk/company/UDLI,UDL International Limited,0818,ALLSHR,MISCELLANEOUS,0,0,1,0,0,0,0,0,0,0,0,0,0,0,0,0,0,0,https://dps.psx.com.pk/timeseries/eod/UDLI
RUPL,https://dps.psx.com.pk/company/RUPL,Rupali Polyester Limited,0827,"ALLSHR,KMIALLSHR",SYNTHETIC & RAYON,0,0,1,0,0,0,0,1,0,0,0,0,0,0,0,0,0,0,https://dps.psx.com.pk/timeseries/eod/RUPL
PASM,https://dps.psx.com.pk/company/PASM,Paramount Spinning Mills Limited,0829,ALLSHR,TEXTILE COMPOSITE,0,0,1,0,0,0,0,0,0,0,0,0,0,0,0,0,0,0,https://dps.psx.com.pk/timeseries/eod/PASM
THALL,https://dps.psx.com.pk/company/THALL,Thal Limited,0802,"ALLSHR,KSE100,KSE100PR",AUTOMOBILE PARTS & ACCESSORIES,0,0,1,0,0,0,0,0,1,1,0,0,0,0,0,0,0,0,https://dps.psx.com.pk/timeseries/eod/THALL
DWAE,https://dps.psx.com.pk/company/DWAE,Dewan Automotive Engineering Limited,0802,ALLSHR,AUTOMOBILE PARTS & ACCESSORIES,0,0,1,0,0,0,0,0,0,0,0,0,0,0,0,0,0,0,https://dps.psx.com.pk/timeseries/eod/DWAE
LSECL,https://dps.psx.com.pk/company/LSECL,LSE Capital Limited.,0813,ALLSHR,INV. BANKS / INV. COS. / SECURITIES COS.,0,0,1,0,0,0,0,0,0,0,0,0,0,0,0,0,0,0,https://dps.psx.com.pk/timeseries/eod/LSECL
AGTL,https://dps.psx.com.pk/company/AGTL,Al-Ghazi Tractors Limited,0801,"ALLSHR,KMIALLSHR",AUTOMOBILE ASSEMBLER,0,0,1,0,0,0,0,1,0,0,0,0,0,0,0,0,0,0,https://dps.psx.com.pk/timeseries/eod/AGTL
LSEFSL,https://dps.psx.com.pk/company/LSEFSL,LSE Financial Services Limited.,0813,ALLSHR,INV. BANKS / INV. COS. / SECURITIES COS.,0,0,1,0,0,0,0,0,0,0,0,0,0,0,0,0,0,0,https://dps.psx.com.pk/timeseries/eod/LSEFSL
NBPGETF,https://dps.psx.com.pk/etf/NBPGETF,NBP Pakistan  Growth ETF,0837,,EXCHANGE TRADED FUNDS,1,0,0,0,0,0,0,0,0,0,0,0,0,0,0,0,0,0,https://dps.psx.com.pk/timeseries/eod/NBPGETF
ALNRS,https://dps.psx.com.pk/company/ALNRS,Al-Noor Sugar Mills Limited,0826,"ALLSHR,KMIALLSHR",SUGAR & ALLIED INDUSTRIES,0,0,1,0,0,0,0,1,0,0,0,0,0,0,0,0,0,0,https://dps.psx.com.pk/timeseries/eod/ALNRS
JDMT,https://dps.psx.com.pk/company/JDMT,Janana De Malucho Textile Mills Limited,0830,"ALLSHR,KMIALLSHR",TEXTILE SPINNING,0,0,1,0,0,0,0,1,0,0,0,0,0,0,0,0,0,0,https://dps.psx.com.pk/timeseries/eod/JDMT
COLG,https://dps.psx.com.pk/company/COLG,Colgate-Palmolive (Pakistan) Limited,0810,"ALLSHR,KSE100,KSE100PR",FOOD & PERSONAL CARE PRODUCTS,0,0,1,0,0,0,0,0,1,1,0,0,0,0,0,0,0,0,https://dps.psx.com.pk/timeseries/eod/COLG
CASH,https://dps.psx.com.pk/company/CASH,Calcorp Limited,0813,ALLSHR,INV. BANKS / INV. COS. / SECURITIES COS.,0,0,1,0,0,0,0,0,0,0,0,0,0,0,0,0,0,0,https://dps.psx.com.pk/timeseries/eod/CASH
ADMM,https://dps.psx.com.pk/company/ADMM,Artistic Denim Mills Limited,0829,ALLSHR,TEXTILE COMPOSITE,0,0,1,0,0,0,0,0,0,0,0,0,0,0,0,0,0,0,https://dps.psx.com.pk/timeseries/eod/ADMM
SBL,https://dps.psx.com.pk/company/SBL,Samba Bank Limited,0807,ALLSHR,COMMERCIAL BANKS,0,0,1,0,0,0,0,0,0,0,0,0,0,0,0,0,0,0,https://dps.psx.com.pk/timeseries/eod/SBL
WAFI,https://dps.psx.com.pk/company/WAFI,Wafi Energy Pakistan Limited,0821,"ALLSHR,KMIALLSHR",OIL & GAS MARKETING COMPANIES,0,0,1,0,0,0,0,1,0,0,0,0,0,0,0,0,0,0,https://dps.psx.com.pk/timeseries/eod/WAFI
LPGL,https://dps.psx.com.pk/company/LPGL,Leiner Pak Gelatine Limited,0805,"ALLSHR,KMIALLSHR",CHEMICAL,0,0,1,0,0,0,0,1,0,0,0,0,0,0,0,0,0,0,https://dps.psx.com.pk/timeseries/eod/LPGL
PIL,https://dps.psx.com.pk/company/PIL,PICIC Insurance Limited,0812,ALLSHR,INSURANCE,0,0,1,0,0,0,0,0,0,0,0,0,0,0,0,0,0,0,https://dps.psx.com.pk/timeseries/eod/PIL
BFMOD,https://dps.psx.com.pk/company/BFMOD,B.F. Modaraba,0819,"ALLSHR,KMIALLSHR",MODARABAS,0,0,1,0,0,0,0,1,0,0,0,0,0,0,0,0,0,0,https://dps.psx.com.pk/timeseries/eod/BFMOD
DADX,https://dps.psx.com.pk/company/DADX,Dadex Eternit Limited,0808,"ALLSHR,KMIALLSHR",ENGINEERING,0,0,1,0,0,0,0,1,0,0,0,0,0,0,0,0,0,0,https://dps.psx.com.pk/timeseries/eod/DADX
HAEL,https://dps.psx.com.pk/company/HAEL,Hala Enterprises Limited,0829,"ALLSHR,KMIALLSHR",TEXTILE COMPOSITE,0,0,1,0,0,0,0,1,0,0,0,0,0,0,0,0,0,0,https://dps.psx.com.pk/timeseries/eod/HAEL
GOC,https://dps.psx.com.pk/company/GOC,GOC (Pak) Limited.,0818,"ALLSHR,KMIALLSHR",MISCELLANEOUS,0,0,1,0,0,0,0,1,0,0,0,0,0,0,0,0,0,0,https://dps.psx.com.pk/timeseries/eod/GOC
IDRT,https://dps.psx.com.pk/company/IDRT,Idrees Textile Mills Limited,0830,"ALLSHR,KMIALLSHR",TEXTILE SPINNING,0,0,1,0,0,0,0,1,0,0,0,0,0,0,0,0,0,0,https://dps.psx.com.pk/timeseries/eod/IDRT
BPL,https://dps.psx.com.pk/company/BPL,Burshane LPG (Pakistan) Limited,0821,"ALLSHR,KMIALLSHR",OIL & GAS MARKETING COMPANIES,0,0,1,0,0,0,0,1,0,0,0,0,0,0,0,0,0,0,https://dps.psx.com.pk/timeseries/eod/BPL
PGLC,https://dps.psx.com.pk/company/PGLC,Pak-Gulf Leasing Company Limited,0815,"ALLSHR,KSE100,KSE100PR",LEASING COMPANIES,0,0,1,0,0,0,0,0,1,1,0,0,0,0,0,0,0,0,https://dps.psx.com.pk/timeseries/eod/PGLC
ALIFE,https://dps.psx.com.pk/company/ALIFE,Adamjee Life Assurance Company Limited,0812,ALLSHR,INSURANCE,0,0,1,0,0,0,0,0,0,0,0,0,0,0,0,0,0,0,https://dps.psx.com.pk/timeseries/eod/ALIFE
GEMPACRA,https://dps.psx.com.pk/company/GEMPACRA,The Pakistan Credit Rating Agency Ltd,0818,ALLSHR,MISCELLANEOUS,0,0,1,0,0,0,0,0,0,0,0,0,0,0,0,0,0,0,https://dps.psx.com.pk/timeseries/eod/GEMPACRA
OLPL,https://dps.psx.com.pk/company/OLPL,OLP Financial Services Pakistan Limited,0813,ALLSHR,INV. BANKS / INV. COS. / SECURITIES COS.,0,0,1,0,0,0,0,0,0,0,0,0,0,0,0,0,0,0,https://dps.psx.com.pk/timeseries/eod/OLPL
MACTER,https://dps.psx.com.pk/company/MACTER,Macter International Limited,0823,"ALLSHR,KMIALLSHR",PHARMACEUTICALS,0,0,1,0,0,0,0,1,0,0,0,0,0,0,0,0,0,0,https://dps.psx.com.pk/timeseries/eod/MACTER
MFL,https://dps.psx.com.pk/company/MFL,Matco Foods Limited,0810,ALLSHR,FOOD & PERSONAL CARE PRODUCTS,0,0,1,0,0,0,0,0,0,0,0,0,0,0,0,0,0,0,https://dps.psx.com.pk/timeseries/eod/MFL
OLPM,https://dps.psx.com.pk/company/OLPM,OLP Modaraba,0819,"ALLSHR,KMIALLSHR",MODARABAS,0,0,1,0,0,0,0,1,0,0,0,0,0,0,0,0,0,0,https://dps.psx.com.pk/timeseries/eod/OLPM
QUET,https://dps.psx.com.pk/company/QUET,Quetta Textile Mills Limited,0829,ALLSHR,TEXTILE COMPOSITE,0,0,1,0,0,0,0,0,0,0,0,0,0,0,0,0,0,0,https://dps.psx.com.pk/timeseries/eod/QUET
TOWL,https://dps.psx.com.pk/company/TOWL,Towellers Limited,0829,"ALLSHR,KMIALLSHR",TEXTILE COMPOSITE,0,0,1,0,0,0,0,1,0,0,0,0,0,0,0,0,0,0,https://dps.psx.com.pk/timeseries/eod/TOWL
GEMPAPL,https://dps.psx.com.pk/company/GEMPAPL,Pak Agro Packaging Limited(GEM),0822,"ALLSHR,KMIALLSHR","PAPER, BOARD & PACKAGING",0,0,1,0,0,0,0,1,0,0,0,0,0,0,0,0,0,0,https://dps.psx.com.pk/timeseries/eod/GEMPAPL
FEROZ,https://dps.psx.com.pk/company/FEROZ,Ferozsons Laboratories Limited,0823,"ALLSHR,KMIALLSHR",PHARMACEUTICALS,0,0,1,0,0,0,0,1,0,0,0,0,0,0,0,0,0,0,https://dps.psx.com.pk/timeseries/eod/FEROZ
EFUG,https://dps.psx.com.pk/company/EFUG,EFU General Insurance Limited,0812,"ALLSHR,KSE100,KSE100PR",INSURANCE,0,0,1,0,0,0,0,0,1,1,0,0,0,0,0,0,0,0,https://dps.psx.com.pk/timeseries/eod/EFUG
NEXT,https://dps.psx.com.pk/company/NEXT,Next Capital Limited,0813,ALLSHR,INV. BANKS / INV. COS. / SECURITIES COS.,0,0,1,0,0,0,0,0,0,0,0,0,0,0,0,0,0,0,https://dps.psx.com.pk/timeseries/eod/NEXT
FTMM,https://dps.psx.com.pk/company/FTMM,First Treet Manufacturing Modaraba,0819,"ALLSHR,KMIALLSHR",MODARABAS,0,0,1,0,0,0,0,1,0,0,0,0,0,0,0,0,0,0,https://dps.psx.com.pk/timeseries/eod/FTMM
PAKT,https://dps.psx.com.pk/company/PAKT,Pakistan Tobacco Company Limited,0832,"ALLSHR,KSE100,KSE100PR",TOBACCO,0,0,1,0,0,0,0,0,1,1,0,0,0,0,0,0,0,0,https://dps.psx.com.pk/timeseries/eod/PAKT
PRWM,https://dps.psx.com.pk/company/PRWM,Prosperity Weaving Mills Limited,0831,ALLSHR,TEXTILE WEAVING,0,0,1,0,0,0,0,0,0,0,0,0,0,0,0,0,0,0,https://dps.psx.com.pk/timeseries/eod/PRWM
LEUL,https://dps.psx.com.pk/company/LEUL,Leather Up Limited,0816,"ALLSHR,KMIALLSHR",LEATHER & TANNERIES,0,0,1,0,0,0,0,1,0,0,0,0,0,0,0,0,0,0,https://dps.psx.com.pk/timeseries/eod/LEUL
FECM,https://dps.psx.com.pk/company/FECM,First Elite Capital Modaraba,0819,"ALLSHR,KMIALLSHR",MODARABAS,0,0,1,0,0,0,0,1,0,0,0,0,0,0,0,0,0,0,https://dps.psx.com.pk/timeseries/eod/FECM
FCEL,https://dps.psx.com.pk/company/FCEL,First Capital Equities Limited,0813,ALLSHR,INV. BANKS / INV. COS. / SECURITIES COS.,0,0,1,0,0,0,0,0,0,0,0,0,0,0,0,0,0,0,https://dps.psx.com.pk/timeseries/eod/FCEL
JSIL,https://dps.psx.com.pk/company/JSIL,JS Investments Limited,0813,ALLSHR,INV. BANKS / INV. COS. / SECURITIES COS.,0,0,1,0,0,0,0,0,0,0,0,0,0,0,0,0,0,0,https://dps.psx.com.pk/timeseries/eod/JSIL
POML,https://dps.psx.com.pk/company/POML,Punjab Oil Mills Limited,0834,"ALLSHR,KMIALLSHR,KSE100,KSE100PR",VANASPATI & ALLIED INDUSTRIES,0,0,1,0,0,0,0,1,1,1,0,0,0,0,0,0,0,0,https://dps.psx.com.pk/timeseries/eod/POML
AGIC,https://dps.psx.com.pk/company/AGIC,Askari General Insurance Company Limited,0812,ALLSHR,INSURANCE,0,0,1,0,0,0,0,0,0,0,0,0,0,0,0,0,0,0,https://dps.psx.com.pk/timeseries/eod/AGIC
PPVC,https://dps.psx.com.pk/company/PPVC,Pakistan PVC Limited,0805,ALLSHR,CHEMICAL,0,0,1,0,0,0,0,0,0,0,0,0,0,0,0,0,0,0,https://dps.psx.com.pk/timeseries/eod/PPVC
BWCL,https://dps.psx.com.pk/company/BWCL,Bestway Cement Limited,0804,"ALLSHR,KMIALLSHR,KSE100,KSE100PR",CEMENT,0,0,1,0,0,0,0,1,1,1,0,0,0,0,0,0,0,0,https://dps.psx.com.pk/timeseries/eod/BWCL
REDCO,https://dps.psx.com.pk/company/REDCO,Redco Textiles Limited,0829,"ALLSHR,KMIALLSHR",TEXTILE COMPOSITE,0,0,1,0,0,0,0,1,0,0,0,0,0,0,0,0,0,0,https://dps.psx.com.pk/timeseries/eod/REDCO
HINOON,https://dps.psx.com.pk/company/HINOON,Highnoon Laboratories Limited,0823,"ALLSHR,KMIALLSHR,KSE100,KSE100PR,MII30",PHARMACEUTICALS,0,0,1,0,0,0,0,1,1,1,0,1,0,0,0,0,0,0,https://dps.psx.com.pk/timeseries/eod/HINOON
APL,https://dps.psx.com.pk/company/APL,Attock Petroleum Limited,0821,"ALLSHR,KMIALLSHR,KSE100,KSE100PR",OIL & GAS MARKETING COMPANIES,0,0,1,0,0,0,0,1,1,1,0,0,0,0,0,0,0,0,https://dps.psx.com.pk/timeseries/eod/APL
FTSM,https://dps.psx.com.pk/company/FTSM,First Tri-Star Modaraba,0819,"ALLSHR,KMIALLSHR",MODARABAS,0,0,1,0,0,0,0,1,0,0,0,0,0,0,0,0,0,0,https://dps.psx.com.pk/timeseries/eod/FTSM
SUTM,https://dps.psx.com.pk/company/SUTM,Sunrays Textile Mills Limited,0830,ALLSHR,TEXTILE SPINNING,0,0,1,0,0,0,0,0,0,0,0,0,0,0,0,0,0,0,https://dps.psx.com.pk/timeseries/eod/SUTM
ESBL,https://dps.psx.com.pk/company/ESBL,Escorts Investment Bank Limited,0813,ALLSHR,INV. BANKS / INV. COS. / SECURITIES COS.,0,0,1,0,0,0,0,0,0,0,0,0,0,0,0,0,0,0,https://dps.psx.com.pk/timeseries/eod/ESBL
ABOT,https://dps.psx.com.pk/company/ABOT,Abbott Laboratories (Pakistan) Limited,0823,"ALLSHR,KMIALLSHR,KSE100,KSE100PR,MII30",PHARMACEUTICALS,0,0,1,0,0,0,0,1,1,1,0,1,0,0,0,0,0,0,https://dps.psx.com.pk/timeseries/eod/ABOT
HUSI,https://dps.psx.com.pk/company/HUSI,Husein Industries Limited,0838,ALLSHR,PROPERTY,0,0,1,0,0,0,0,0,0,0,0,0,0,0,0,0,0,0,https://dps.psx.com.pk/timeseries/eod/HUSI
TPLRF1,https://dps.psx.com.pk/company/TPLRF1,TPL REIT Fund I,0836,"ALLSHR,KMIALLSHR,KSE100,KSE100PR",REAL ESTATE INVESTMENT TRUST,0,0,1,0,0,0,0,1,1,1,0,0,0,0,0,0,0,0,https://dps.psx.com.pk/timeseries/eod/TPLRF1
MUREB,https://dps.psx.com.pk/company/MUREB,Murree Brewery Company Limited,0810,"ALLSHR,KSE100,KSE100PR",FOOD & PERSONAL CARE PRODUCTS,0,0,1,0,0,0,0,0,1,1,0,0,0,0,0,0,0,0,https://dps.psx.com.pk/timeseries/eod/MUREB
AMBL,https://dps.psx.com.pk/company/AMBL,Apna Microfinance Bank Limited,0813,ALLSHR,INV. BANKS / INV. COS. / SECURITIES COS.,0,0,1,0,0,0,0,0,0,0,0,0,0,0,0,0,0,0,https://dps.psx.com.pk/timeseries/eod/AMBL
EXIDE,https://dps.psx.com.pk/company/EXIDE,Exide Pakistan Limited,0802,"ALLSHR,KMIALLSHR",AUTOMOBILE PARTS & ACCESSORIES,0,0,1,0,0,0,0,1,0,0,0,0,0,0,0,0,0,0,https://dps.psx.com.pk/timeseries/eod/EXIDE
SML,https://dps.psx.com.pk/company/SML,Shakarganj Limited,0826,ALLSHR,SUGAR & ALLIED INDUSTRIES,0,0,1,0,0,0,0,0,0,0,0,0,0,0,0,0,0,0,https://dps.psx.com.pk/timeseries/eod/SML
OTSU,https://dps.psx.com.pk/company/OTSU,Otsuka Pakistan Limited,0823,ALLSHR,PHARMACEUTICALS,0,0,1,0,0,0,0,0,0,0,0,0,0,0,0,0,0,0,https://dps.psx.com.pk/timeseries/eod/OTSU
RUBY,https://dps.psx.com.pk/company/RUBY,Ruby Textile Mills Limited,0830,ALLSHR,TEXTILE SPINNING,0,0,1,0,0,0,0,0,0,0,0,0,0,0,0,0,0,0,https://dps.psx.com.pk/timeseries/eod/RUBY
TICL,https://dps.psx.com.pk/company/TICL,The Thal Industries Corporation Limited,0826,"ALLSHR,KMIALLSHR",SUGAR & ALLIED INDUSTRIES,0,0,1,0,0,0,0,1,0,0,0,0,0,0,0,0,0,0,https://dps.psx.com.pk/timeseries/eod/TICL
PIM,https://dps.psx.com.pk/company/PIM,Popular Islamic Modaraba,0819,"ALLSHR,KMIALLSHR",MODARABAS,0,0,1,0,0,0,0,1,0,0,0,0,0,0,0,0,0,0,https://dps.psx.com.pk/timeseries/eod/PIM
AHTM,https://dps.psx.com.pk/company/AHTM,Ahmad Hassan Textile Mills Limited,0829,"ALLSHR,KMIALLSHR",TEXTILE COMPOSITE,0,0,1,0,0,0,0,1,0,0,0,0,0,0,0,0,0,0,https://dps.psx.com.pk/timeseries/eod/AHTM
BUXL,https://dps.psx.com.pk/company/BUXL,Buxly Paints Limited,0805,"ALLSHR,KMIALLSHR",CHEMICAL,0,0,1,0,0,0,0,1,0,0,0,0,0,0,0,0,0,0,https://dps.psx.com.pk/timeseries/eod/BUXL
ASHT,https://dps.psx.com.pk/company/ASHT,Ashfaq Textile Mills Limited,0831,"ALLSHR,KMIALLSHR",TEXTILE WEAVING,0,0,1,0,0,0,0,1,0,0,0,0,0,0,0,0,0,0,https://dps.psx.com.pk/timeseries/eod/ASHT
ARPAK,https://dps.psx.com.pk/company/ARPAK,Arpak International Investments Ltd.,0818,ALLSHR,MISCELLANEOUS,0,0,1,0,0,0,0,0,0,0,0,0,0,0,0,0,0,0,https://dps.psx.com.pk/timeseries/eod/ARPAK
FSWL,https://dps.psx.com.pk/company/FSWL,Fateh Sports Wear Limited,0829,ALLSHR,TEXTILE COMPOSITE,0,0,1,0,0,0,0,0,0,0,0,0,0,0,0,0,0,0,https://dps.psx.com.pk/timeseries/eod/FSWL
DLL,https://dps.psx.com.pk/company/DLL,Dawood Lawrencepur Limited,0813,"ALLSHR,KMIALLSHR",INV. BANKS / INV. COS. / SECURITIES COS.,0,0,1,0,0,0,0,1,0,0,0,0,0,0,0,0,0,0,https://dps.psx.com.pk/timeseries/eod/DLL
JSGBETF,https://dps.psx.com.pk/etf/JSGBETF,JS Global Banking Sector(ETF),0837,,EXCHANGE TRADED FUNDS,1,0,0,0,0,0,0,0,0,0,0,0,0,0,0,0,0,0,https://dps.psx.com.pk/timeseries/eod/JSGBETF
NESTLE,https://dps.psx.com.pk/company/NESTLE,Nestle Pakistan Limited,0810,"ALLSHR,KMIALLSHR,KSE100,KSE100PR",FOOD & PERSONAL CARE PRODUCTS,0,0,1,0,0,0,0,1,1,1,0,0,0,0,0,0,0,0,https://dps.psx.com.pk/timeseries/eod/NESTLE
DAAG,https://dps.psx.com.pk/company/DAAG,Data Agro Limited,0805,"ALLSHR,KMIALLSHR",CHEMICAL,0,0,1,0,0,0,0,1,0,0,0,0,0,0,0,0,0,0,https://dps.psx.com.pk/timeseries/eod/DAAG
MEHT,https://dps.psx.com.pk/company/MEHT,Mehmood Textile Mills Limited,0829,"ALLSHR,KSE100,KSE100PR",TEXTILE COMPOSITE,0,0,1,0,0,0,0,0,1,1,0,0,0,0,0,0,0,0,https://dps.psx.com.pk/timeseries/eod/MEHT
ARCTM,https://dps.psx.com.pk/company/ARCTM,Arctic Textile Mills Limited,0830,"ALLSHR,KMIALLSHR",TEXTILE SPINNING,0,0,1,0,0,0,0,1,0,0,0,0,0,0,0,0,0,0,https://dps.psx.com.pk/timeseries/eod/ARCTM
MUGHALC,https://dps.psx.com.pk/company/MUGHALC,Mughal Iron & Steel Industries Ltd(C),0808,ALLSHR,ENGINEERING,0,0,1,0,0,0,0,0,0,0,0,0,0,0,0,0,0,0,https://dps.psx.com.pk/timeseries/eod/MUGHALC
NITGETF,https://dps.psx.com.pk/etf/NITGETF,NIT Pakistan Gateway ETF,0837,,EXCHANGE TRADED FUNDS,1,0,0,0,0,0,0,0,0,0,0,0,0,0,0,0,0,0,https://dps.psx.com.pk/timeseries/eod/NITGETF
STJT,https://dps.psx.com.pk/company/STJT,Shahtaj Textile Limited,0831,"ALLSHR,KMIALLSHR",TEXTILE WEAVING,0,0,1,0,0,0,0,1,0,0,0,0,0,0,0,0,0,0,https://dps.psx.com.pk/timeseries/eod/STJT
SZTM,https://dps.psx.com.pk/company/SZTM,Shahzad Textile Mills Limited,0830,"ALLSHR,KMIALLSHR",TEXTILE SPINNING,0,0,1,0,0,0,0,1,0,0,0,0,0,0,0,0,0,0,https://dps.psx.com.pk/timeseries/eod/SZTM
NAGC,https://dps.psx.com.pk/company/NAGC,Nagina Cotton Mills Limited,0830,ALLSHR,TEXTILE SPINNING,0,0,1,0,0,0,0,0,0,0,0,0,0,0,0,0,0,0,https://dps.psx.com.pk/timeseries/eod/NAGC
GFIL,https://dps.psx.com.pk/company/GFIL,Ghazi Fabrics International Limited,0829,"ALLSHR,KMIALLSHR",TEXTILE COMPOSITE,0,0,1,0,0,0,0,1,0,0,0,0,0,0,0,0,0,0,https://dps.psx.com.pk/timeseries/eod/GFIL
DIIL,https://dps.psx.com.pk/company/DIIL,Diamond Industries Limited,0818,ALLSHR,MISCELLANEOUS,0,0,1,0,0,0,0,0,0,0,0,0,0,0,0,0,0,0,https://dps.psx.com.pk/timeseries/eod/DIIL
MCBIM,https://dps.psx.com.pk/company/MCBIM,MCB Investment Management Limited.,0813,ALLSHR,INV. BANKS / INV. COS. / SECURITIES COS.,0,0,1,0,0,0,0,0,0,0,0,0,0,0,0,0,0,0,https://dps.psx.com.pk/timeseries/eod/MCBIM
FRCL,https://dps.psx.com.pk/company/FRCL,Frontier Ceramics Limited,0811,"ALLSHR,KMIALLSHR",GLASS & CERAMICS,0,0,1,0,0,0,0,1,0,0,0,0,0,0,0,0,0,0,https://dps.psx.com.pk/timeseries/eod/FRCL
JSGCL,https://dps.psx.com.pk/company/JSGCL,JS Global Capital Limited,0813,ALLSHR,INV. BANKS / INV. COS. / SECURITIES COS.,0,0,1,0,0,0,0,0,0,0,0,0,0,0,0,0,0,0,https://dps.psx.com.pk/timeseries/eod/JSGCL
NCML,https://dps.psx.com.pk/company/NCML,Nazir Cotton Mills Limited,0830,ALLSHR,TEXTILE SPINNING,0,0,1,0,0,0,0,0,0,0,0,0,0,0,0,0,0,0,https://dps.psx.com.pk/timeseries/eod/NCML
STML,https://dps.psx.com.pk/company/STML,Shams Textile Mills Limited,0829,"ALLSHR,KMIALLSHR",TEXTILE COMPOSITE,0,0,1,0,0,0,0,1,0,0,0,0,0,0,0,0,0,0,https://dps.psx.com.pk/timeseries/eod/STML
SHSML,https://dps.psx.com.pk/company/SHSML,Shahmurad Sugar Mills Limited,0826,"ALLSHR,KMIALLSHR",SUGAR & ALLIED INDUSTRIES,0,0,1,0,0,0,0,1,0,0,0,0,0,0,0,0,0,0,https://dps.psx.com.pk/timeseries/eod/SHSML
PAKL,https://dps.psx.com.pk/company/PAKL,Pak Leather Crafts Limited,0816,ALLSHR,LEATHER & TANNERIES,0,0,1,0,0,0,0,0,0,0,0,0,0,0,0,0,0,0,https://dps.psx.com.pk/timeseries/eod/PAKL
SARC,https://dps.psx.com.pk/company/SARC,Sardar Chemical Industries Limited,0805,"ALLSHR,KMIALLSHR",CHEMICAL,0,0,1,0,0,0,0,1,0,0,0,0,0,0,0,0,0,0,https://dps.psx.com.pk/timeseries/eod/SARC
IDSM,https://dps.psx.com.pk/company/IDSM,Ideal Spinning Mills Limited,0830,"ALLSHR,KMIALLSHR",TEXTILE SPINNING,0,0,1,0,0,0,0,1,0,0,0,0,0,0,0,0,0,0,https://dps.psx.com.pk/timeseries/eod/IDSM
SHEZ,https://dps.psx.com.pk/company/SHEZ,Shezan International Limited,0810,"ALLSHR,KMIALLSHR",FOOD & PERSONAL CARE PRODUCTS,0,0,1,0,0,0,0,1,0,0,0,0,0,0,0,0,0,0,https://dps.psx.com.pk/timeseries/eod/SHEZ
PMRS,https://dps.psx.com.pk/company/PMRS,The Premier Sugar Mills,0826,ALLSHR,SUGAR & ALLIED INDUSTRIES,0,0,1,0,0,0,0,0,0,0,0,0,0,0,0,0,0,0,https://dps.psx.com.pk/timeseries/eod/PMRS
GLPL,https://dps.psx.com.pk/company/GLPL,Gillette Pakistan Limited,0810,"ALLSHR,KMIALLSHR",FOOD & PERSONAL CARE PRODUCTS,0,0,1,0,0,0,0,1,0,0,0,0,0,0,0,0,0,0,https://dps.psx.com.pk/timeseries/eod/GLPL
BTL,https://dps.psx.com.pk/company/BTL,Blessed Textiles Limited,0829,"ALLSHR,KMIALLSHR",TEXTILE COMPOSITE,0,0,1,0,0,0,0,1,0,0,0,0,0,0,0,0,0,0,https://dps.psx.com.pk/timeseries/eod/BTL
JLICL,https://dps.psx.com.pk/company/JLICL,Jubilee Life Insurance Company Limited,0812,ALLSHR,INSURANCE,0,0,1,0,0,0,0,0,0,0,0,0,0,0,0,0,0,0,https://dps.psx.com.pk/timeseries/eod/JLICL
GSPM,https://dps.psx.com.pk/company/GSPM,Gulshan Spinning Mills Limited,0830,ALLSHR,TEXTILE SPINNING,0,0,1,0,0,0,0,0,0,0,0,0,0,0,0,0,0,0,https://dps.psx.com.pk/timeseries/eod/GSPM
FZCM,https://dps.psx.com.pk/company/FZCM,Fazal Cloth Mills Limited,0829,"ALLSHR,KMIALLSHR",TEXTILE COMPOSITE,0,0,1,0,0,0,0,1,0,0,0,0,0,0,0,0,0,0,https://dps.psx.com.pk/timeseries/eod/FZCM
BATA,https://dps.psx.com.pk/company/BATA,Bata Pakistan Limited,0816,"ALLSHR,KMIALLSHR",LEATHER & TANNERIES,0,0,1,0,0,0,0,1,0,0,0,0,0,0,0,0,0,0,https://dps.psx.com.pk/timeseries/eod/BATA
KSTM,https://dps.psx.com.pk/company/KSTM,Khalid Siraj Textile Mills Limited,0830,ALLSHR,TEXTILE SPINNING,0,0,1,0,0,0,0,0,0,0,0,0,0,0,0,0,0,0,https://dps.psx.com.pk/timeseries/eod/KSTM
PSEL,https://dps.psx.com.pk/company/PSEL,Pakistan Services Limited,0818,"ALLSHR,KMIALLSHR,KSE100,KSE100PR",MISCELLANEOUS,0,0,1,0,0,0,0,1,1,1,0,0,0,0,0,0,0,0,https://dps.psx.com.pk/timeseries/eod/PSEL
KPUS,https://dps.psx.com.pk/company/KPUS,Khairpur Sugar Mills Limited,0826,"ALLSHR,KMIALLSHR",SUGAR & ALLIED INDUSTRIES,0,0,1,0,0,0,0,1,0,0,0,0,0,0,0,0,0,0,https://dps.psx.com.pk/timeseries/eod/KPUS
PECO,https://dps.psx.com.pk/company/PECO,Pakistan Engineering Company Limited,0808,ALLSHR,ENGINEERING,0,0,1,0,0,0,0,0,0,0,0,0,0,0,0,0,0,0,https://dps.psx.com.pk/timeseries/eod/PECO
SIBL,https://dps.psx.com.pk/company/SIBL,Security Investment Bank Limited,0813,ALLSHR,INV. BANKS / INV. COS. / SECURITIES COS.,0,0,1,0,0,0,0,0,0,0,0,0,0,0,0,0,0,0,https://dps.psx.com.pk/timeseries/eod/SIBL
PKGP,https://dps.psx.com.pk/company/PKGP,Pakgen Power Limited,0824,"ALLSHR,KSE100,KSE100PR",POWER GENERATION & DISTRIBUTION,0,0,1,0,0,0,0,0,1,1,0,0,0,0,0,0,0,0,https://dps.psx.com.pk/timeseries/eod/PKGP
DINT,https://dps.psx.com.pk/company/DINT,Din Textile Mills Limited,0830,"ALLSHR,KMIALLSHR",TEXTILE SPINNING,0,0,1,0,0,0,0,1,0,0,0,0,0,0,0,0,0,0,https://dps.psx.com.pk/timeseries/eod/DINT
BOK,https://dps.psx.com.pk/company/BOK,The Bank of Khyber,0807,ALLSHR,COMMERCIAL BANKS,0,0,1,0,0,0,0,0,0,0,0,0,0,0,0,0,0,0,https://dps.psx.com.pk/timeseries/eod/BOK
SEL,https://dps.psx.com.pk/company/SEL,Sitara Energy Limited,0824,"ALLSHR,KMIALLSHR",POWER GENERATION & DISTRIBUTION,0,0,1,0,0,0,0,1,0,0,0,0,0,0,0,0,0,0,https://dps.psx.com.pk/timeseries/eod/SEL
SRVI,https://dps.psx.com.pk/company/SRVI,Service Industries Limited,0816,"ALLSHR,KSE100,KSE100PR",LEATHER & TANNERIES,0,0,1,0,0,0,0,0,1,1,0,0,0,0,0,0,0,0,https://dps.psx.com.pk/timeseries/eod/SRVI
AKDHL,https://dps.psx.com.pk/company/AKDHL,AKD Hospitality Limited,0818,ALLSHR,MISCELLANEOUS,0,0,1,0,0,0,0,0,0,0,0,0,0,0,0,0,0,0,https://dps.psx.com.pk/timeseries/eod/AKDHL
SUHJ,https://dps.psx.com.pk/company/SUHJ,Suhail Jute Mills Limited,0814,ALLSHR,JUTE,0,0,1,0,0,0,0,0,0,0,0,0,0,0,0,0,0,0,https://dps.psx.com.pk/timeseries/eod/SUHJ
SASML,https://dps.psx.com.pk/company/SASML,Sindh Abadgars Sugar Mills Limited,0826,"ALLSHR,KMIALLSHR",SUGAR & ALLIED INDUSTRIES,0,0,1,0,0,0,0,1,0,0,0,0,0,0,0,0,0,0,https://dps.psx.com.pk/timeseries/eod/SASML
RCML,https://dps.psx.com.pk/company/RCML,Reliance Cotton Spinning Mills Limited,0830,"ALLSHR,KMIALLSHR",TEXTILE SPINNING,0,0,1,0,0,0,0,1,0,0,0,0,0,0,0,0,0,0,https://dps.psx.com.pk/timeseries/eod/RCML
JUBS,https://dps.psx.com.pk/company/JUBS,Jubilee Spinning & Weaving Mills Ltd.,0829,ALLSHR,TEXTILE COMPOSITE,0,0,1,0,0,0,0,0,0,0,0,0,0,0,0,0,0,0,https://dps.psx.com.pk/timeseries/eod/JUBS
ELSM,https://dps.psx.com.pk/company/ELSM,Ellcot Spinning Mills Limited,0830,ALLSHR,TEXTILE SPINNING,0,0,1,0,0,0,0,0,0,0,0,0,0,0,0,0,0,0,https://dps.psx.com.pk/timeseries/eod/ELSM
HBLTETF,https://dps.psx.com.pk/etf/HBLTETF,HBL Total Treasury (ETF),0837,,EXCHANGE TRADED FUNDS,1,0,0,0,0,0,0,0,0,0,0,0,0,0,0,0,0,0,https://dps.psx.com.pk/timeseries/eod/HBLTETF
CCM,https://dps.psx.com.pk/company/CCM,Crescent Cotton Mills Limited,0830,"ALLSHR,KMIALLSHR",TEXTILE SPINNING,0,0,1,0,0,0,0,1,0,0,0,0,0,0,0,0,0,0,https://dps.psx.com.pk/timeseries/eod/CCM
ACIETF,https://dps.psx.com.pk/etf/ACIETF,Alfalah Consumer Index (ETF),0837,,EXCHANGE TRADED FUNDS,1,0,0,0,0,0,0,0,0,0,0,0,0,0,0,0,0,0,https://dps.psx.com.pk/timeseries/eod/ACIETF
SHCM,https://dps.psx.com.pk/company/SHCM,Shadman Cotton Mills Limited,0830,"ALLSHR,KMIALLSHR",TEXTILE SPINNING,0,0,1,0,0,0,0,1,0,0,0,0,0,0,0,0,0,0,https://dps.psx.com.pk/timeseries/eod/SHCM
STL,https://dps.psx.com.pk/company/STL,Supernet Technologies Limited,0828,"ALLSHR,KMIALLSHR",TECHNOLOGY & COMMUNICATION,0,0,1,0,0,0,0,1,0,0,0,0,0,0,0,0,0,0,https://dps.psx.com.pk/timeseries/eod/STL
IDYM,https://dps.psx.com.pk/company/IDYM,Indus Dyeing & Manufacturing Co. Limited,0830,ALLSHR,TEXTILE SPINNING,0,0,1,0,0,0,0,0,0,0,0,0,0,0,0,0,0,0,https://dps.psx.com.pk/timeseries/eod/IDYM
FASM,https://dps.psx.com.pk/company/FASM,Faisal Spinning Mills Limited,0829,ALLSHR,TEXTILE COMPOSITE,0,0,1,0,0,0,0,0,0,0,0,0,0,0,0,0,0,0,https://dps.psx.com.pk/timeseries/eod/FASM
JKSM,https://dps.psx.com.pk/company/JKSM,J.K. Spinning Mills Limited,0830,ALLSHR,TEXTILE SPINNING,0,0,1,0,0,0,0,0,0,0,0,0,0,0,0,0,0,0,https://dps.psx.com.pk/timeseries/eod/JKSM
BHAT,https://dps.psx.com.pk/company/BHAT,Bhanero Textile Mills Limited,0829,ALLSHR,TEXTILE COMPOSITE,0,0,1,0,0,0,0,0,0,0,0,0,0,0,0,0,0,0,https://dps.psx.com.pk/timeseries/eod/BHAT
GRYL,https://dps.psx.com.pk/company/GRYL,Grays Leasing Limited,0815,ALLSHR,LEASING COMPANIES,0,0,1,0,0,0,0,0,0,0,0,0,0,0,0,0,0,0,https://dps.psx.com.pk/timeseries/eod/GRYL
EPCLPS,https://dps.psx.com.pk/company/EPCLPS,Engro Poly(Pref),0805,ALLSHR,CHEMICAL,0,0,1,0,0,0,0,0,0,0,0,0,0,0,0,0,0,0,https://dps.psx.com.pk/timeseries/eod/EPCLPS
UPFL,https://dps.psx.com.pk/company/UPFL,Unilever Pakistan Foods Limited,0810,"ALLSHR,KMIALLSHR,KSE100,KSE100PR",FOOD & PERSONAL CARE PRODUCTS,0,0,1,0,0,0,0,1,1,1,0,0,0,0,0,0,0,0,https://dps.psx.com.pk/timeseries/eod/UPFL
KHYT,https://dps.psx.com.pk/company/KHYT,Khyber Textile Mills Limited,0829,"ALLSHR,KMIALLSHR",TEXTILE COMPOSITE,0,0,1,0,0,0,0,1,0,0,0,0,0,0,0,0,0,0,https://dps.psx.com.pk/timeseries/eod/KHYT
ISIL,https://dps.psx.com.pk/company/ISIL,Ismail Industries Limited,0810,ALLSHR,FOOD & PERSONAL CARE PRODUCTS,0,0,1,0,0,0,0,0,0,0,0,0,0,0,0,0,0,0,https://dps.psx.com.pk/timeseries/eod/ISIL
SINDM,https://dps.psx.com.pk/company/SINDM,Sindh Modaraba,0819,"ALLSHR,KMIALLSHR",MODARABAS,0,0,1,0,0,0,0,1,0,0,0,0,0,0,0,0,0,0,https://dps.psx.com.pk/timeseries/eod/SINDM
PIAHCLB,https://dps.psx.com.pk/company/PIAHCLB,PIA Holding Company LimitedB,0813,ALLSHR,INV. BANKS / INV. COS. / SECURITIES COS.,0,0,1,0,0,0,0,0,0,0,0,0,0,0,0,0,0,0,https://dps.psx.com.pk/timeseries/eod/PIAHCLB
ASLCPS,https://dps.psx.com.pk/company/ASLCPS,Aisha Steel Convt (Pref) Right,0808,ALLSHR,ENGINEERING,0,0,1,0,0,0,0,0,0,0,0,0,0,0,0,0,0,0,https://dps.psx.com.pk/timeseries/eod/ASLCPS
SAPT,https://dps.psx.com.pk/company/SAPT,Sapphire Textile Mills Limited,0829,ALLSHR,TEXTILE COMPOSITE,0,0,1,0,0,0,0,0,0,0,0,0,0,0,0,0,0,0,https://dps.psx.com.pk/timeseries/eod/SAPT
JDWS,https://dps.psx.com.pk/company/JDWS,JDW Sugar Mills Limited,0826,"ALLSHR,KMIALLSHR,KSE100,KSE100PR",SUGAR & ALLIED INDUSTRIES,0,0,1,0,0,0,0,1,1,1,0,0,0,0,0,0,0,0,https://dps.psx.com.pk/timeseries/eod/JDWS
CENI,https://dps.psx.com.pk/company/CENI,Century Insurance Company Limited,0812,ALLSHR,INSURANCE,0,0,1,0,0,0,0,0,0,0,0,0,0,0,0,0,0,0,https://dps.psx.com.pk/timeseries/eod/CENI
IBFL,https://dps.psx.com.pk/company/IBFL,Ibrahim Fibres Limited,0827,"ALLSHR,KMIALLSHR,KSE100,KSE100PR",SYNTHETIC & RAYON,0,0,1,0,0,0,0,1,1,1,0,0,0,0,0,0,0,0,https://dps.psx.com.pk/timeseries/eod/IBFL
HPL,https://dps.psx.com.pk/company/HPL,Hoechst Pakistan Limited,0823,"ALLSHR,KMIALLSHR",PHARMACEUTICALS,0,0,1,0,0,0,0,1,0,0,0,0,0,0,0,0,0,0,https://dps.psx.com.pk/timeseries/eod/HPL
BAFS,https://dps.psx.com.pk/company/BAFS,Baba Farid Sugar Mills Limited,0826,ALLSHR,SUGAR & ALLIED INDUSTRIES,0,0,1,0,0,0,0,0,0,0,0,0,0,0,0,0,0,0,https://dps.psx.com.pk/timeseries/eod/BAFS
TSML,https://dps.psx.com.pk/company/TSML,Tandlianwala Sugar Mills Limited,0826,ALLSHR,SUGAR & ALLIED INDUSTRIES,0,0,1,0,0,0,0,0,0,0,0,0,0,0,0,0,0,0,https://dps.psx.com.pk/timeseries/eod/TSML
SIEM,https://dps.psx.com.pk/company/SIEM,Siemens (Pakistan) Engineering,0803,ALLSHR,CABLE & ELECTRICAL GOODS,0,0,1,0,0,0,0,0,0,0,0,0,0,0,0,0,0,0,https://dps.psx.com.pk/timeseries/eod/SIEM
HAFL,https://dps.psx.com.pk/company/HAFL,Hafiz Limited,0829,"ALLSHR,KMIALLSHR",TEXTILE COMPOSITE,0,0,1,0,0,0,0,1,0,0,0,0,0,0,0,0,0,0,https://dps.psx.com.pk/timeseries/eod/HAFL
OML,https://dps.psx.com.pk/company/OML,Olympia Mills Limited,0818,"ALLSHR,KMIALLSHR",MISCELLANEOUS,0,0,1,0,0,0,0,1,0,0,0,0,0,0,0,0,0,0,https://dps.psx.com.pk/timeseries/eod/OML
FIL,https://dps.psx.com.pk/company/FIL,Fateh Industries Limited,0816,ALLSHR,LEATHER & TANNERIES,0,0,1,0,0,0,0,0,0,0,0,0,0,0,0,0,0,0,https://dps.psx.com.pk/timeseries/eod/FIL
SANSM,https://dps.psx.com.pk/company/SANSM,Sanghar Sugar Mills Limited,0826,"ALLSHR,KMIALLSHR",SUGAR & ALLIED INDUSTRIES,0,0,1,0,0,0,0,1,0,0,0,0,0,0,0,0,0,0,https://dps.psx.com.pk/timeseries/eod/SANSM
RMPL,https://dps.psx.com.pk/company/RMPL,Rafhan Maize Products Company Limited,0810,"ALLSHR,KMIALLSHR,KSE100,KSE100PR",FOOD & PERSONAL CARE PRODUCTS,0,0,1,0,0,0,0,1,1,1,0,0,0,0,0,0,0,0,https://dps.psx.com.pk/timeseries/eod/RMPL
DMTM,https://dps.psx.com.pk/company/DMTM,Dewan Mushtaq Textile Mills Limited,0830,ALLSHR,TEXTILE SPINNING,0,0,1,0,0,0,0,0,0,0,0,0,0,0,0,0,0,0,https://dps.psx.com.pk/timeseries/eod/DMTM
BELA,https://dps.psx.com.pk/company/BELA,Bela Automotives Limited,0802,ALLSHR,AUTOMOBILE PARTS & ACCESSORIES,0,0,1,0,0,0,0,0,0,0,0,0,0,0,0,0,0,0,https://dps.psx.com.pk/timeseries/eod/BELA
AKGL,https://dps.psx.com.pk/company/AKGL,Al-Khair Gadoon Limited,0818,"ALLSHR,KMIALLSHR",MISCELLANEOUS,0,0,1,0,0,0,0,1,0,0,0,0,0,0,0,0,0,0,https://dps.psx.com.pk/timeseries/eod/AKGL
FIMM,https://dps.psx.com.pk/company/FIMM,First Imrooz Modaraba,0819,"ALLSHR,KMIALLSHR",MODARABAS,0,0,1,0,0,0,0,1,0,0,0,0,0,0,0,0,0,0,https://dps.psx.com.pk/timeseries/eod/FIMM
KCL,https://dps.psx.com.pk/company/KCL,Karam Ceramics Limited,0811,"ALLSHR,KMIALLSHR",GLASS & CERAMICS,0,0,1,0,0,0,0,1,0,0,0,0,0,0,0,0,0,0,https://dps.psx.com.pk/timeseries/eod/KCL
ASIC,https://dps.psx.com.pk/company/ASIC,Asia Insurance Company Limited,0812,ALLSHR,INSURANCE,0,0,1,0,0,0,0,0,0,0,0,0,0,0,0,0,0,0,https://dps.psx.com.pk/timeseries/eod/ASIC
GEMNETS,https://dps.psx.com.pk/company/GEMNETS,Nets International Communication Limited,0828,ALLSHR,TECHNOLOGY & COMMUNICATION,0,0,1,0,0,0,0,0,0,0,0,0,0,0,0,0,0,0,https://dps.psx.com.pk/timeseries/eod/GEMNETS
TSMF,https://dps.psx.com.pk/company/TSMF,Tri-Star Mutual Fund Limited,0806,ALLSHR,CLOSE - END MUTUAL FUND,0,0,1,0,0,0,0,0,0,0,0,0,0,0,0,0,0,0,https://dps.psx.com.pk/timeseries/eod/TSMF
SCL,https://dps.psx.com.pk/company/SCL,Shield Corporation Limited,0810,"ALLSHR,KMIALLSHR",FOOD & PERSONAL CARE PRODUCTS,0,0,1,0,0,0,0,1,0,0,0,0,0,0,0,0,0,0,https://dps.psx.com.pk/timeseries/eod/SCL
SFL,https://dps.psx.com.pk/company/SFL,Sapphire Fibres Limited,0829,"ALLSHR,KMIALLSHR",TEXTILE COMPOSITE,0,0,1,0,0,0,0,1,0,0,0,0,0,0,0,0,0,0,https://dps.psx.com.pk/timeseries/eod/SFL
ELCM,https://dps.psx.com.pk/company/ELCM,Elahi Cotton Mills Limited,0830,"ALLSHR,KMIALLSHR",TEXTILE SPINNING,0,0,1,0,0,0,0,1,0,0,0,0,0,0,0,0,0,0,https://dps.psx.com.pk/timeseries/eod/ELCM
NONS,https://dps.psx.com.pk/company/NONS,Noon Sugar Mills Limited,0826,ALLSHR,SUGAR & ALLIED INDUSTRIES,0,0,1,0,0,0,0,0,0,0,0,0,0,0,0,0,0,0,https://dps.psx.com.pk/timeseries/eod/NONS
REWM,https://dps.psx.com.pk/company/REWM,Reliance Weaving Mills Limited,0829,ALLSHR,TEXTILE COMPOSITE,0,0,1,0,0,0,0,0,0,0,0,0,0,0,0,0,0,0,https://dps.psx.com.pk/timeseries/eod/REWM
TPLL,https://dps.psx.com.pk/company/TPLL,TPL Life Insurance Limited,0812,ALLSHR,INSURANCE,0,0,1,0,0,0,0,0,0,0,0,0,0,0,0,0,0,0,https://dps.psx.com.pk/timeseries/eod/TPLL
ZIL,https://dps.psx.com.pk/company/ZIL,ZIL Limited,0810,"ALLSHR,KMIALLSHR",FOOD & PERSONAL CARE PRODUCTS,0,0,1,0,0,0,0,1,0,0,0,0,0,0,0,0,0,0,https://dps.psx.com.pk/timeseries/eod/ZIL
AGLNCPS,https://dps.psx.com.pk/company/AGLNCPS,Agritech Non-Voting (Pref) Class A,0805,ALLSHR,CHEMICAL,0,0,1,0,0,0,0,0,0,0,0,0,0,0,0,0,0,0,https://dps.psx.com.pk/timeseries/eod/AGLNCPS
NSRM,https://dps.psx.com.pk/company/NSRM,The National Silk & Rayon Mills Limited,0827,"ALLSHR,KMIALLSHR",SYNTHETIC & RAYON,0,0,1,0,0,0,0,1,0,0,0,0,0,0,0,0,0,0,https://dps.psx.com.pk/timeseries/eod/NSRM
TCORPCPS,https://dps.psx.com.pk/company/TCORPCPS,Tariq Corporation Limited(Pref),0826,ALLSHR,SUGAR & ALLIED INDUSTRIES,0,0,1,0,0,0,0,0,0,0,0,0,0,0,0,0,0,0,https://dps.psx.com.pk/timeseries/eod/TCORPCPS
